b_rCCI,b_QYBL,threshold
-2.91697,-4.04367,0.76
-3.66795,-5.41217,0.76
-3.27985,-6.9142,0.73
-3.45591,-6.59161,0.73
-4.07532,-5.02922,0.76
-3.93194,-6.18071,0.76
-4.02223,-4.85127,0.76
-2.76308,-5.63382,0.75
-3.36305,-6.38615,0.76
-2.90583,-5.80154,0.73
-3.38938,-4.27017,0.76
-3.76735,-4.81825,0.76
-3.35782,-5.46269,0.76
-3.93823,-4.88135,0.76
-3.2966,-4.65952,0.76
-2.76808,-4.61536,0.76
-3.7058,-5.83062,0.76
-4.73594,-6.62339,0.75
-2.62515,-5.10636,0.76
-2.44855,-4.59933,0.76
-3.68269,-6.65961,0.75
-2.66774,-4.50761,0.76
-2.58693,-6.80318,0.72
-3.08931,-5.16196,0.76
-4.45223,-6.51851,0.75
-2.60709,-4.80691,0.76
-3.10829,-5.2797,0.76
-3.398,-5.3833,0.75
-3.05045,-5.18043,0.75
-3.56057,-6.63963,0.76
-3.4938,-5.14545,0.76
-3.72812,-5.28951,0.73
-2.65782,-4.40428,0.76
-1.28628,-5.43826,0.75
-4.54385,-6.3519,0.75
-4.0126,-5.57791,0.76
-2.15733,-4.84749,0.76
-3.84822,-5.36167,0.75
-1.89932,-5.19275,0.73
-4.45117,-5.41898,0.75
-1.88101,-5.34497,0.76
-2.66146,-4.85774,0.75
-3.05707,-4.77068,0.75
-2.40344,-4.54657,0.76
-3.22415,-4.64587,0.76
-2.77431,-5.04414,0.76
-3.9769,-5.69755,0.76
-2.84249,-5.41453,0.76
-4.31568,-6.38867,0.73
-3.29745,-4.66457,0.76
-3.76576,-7.90193,0.73
-3.71348,-5.79359,0.76
-3.09692,-4.02958,0.76
-3.50852,-3.97432,0.76
-3.2991,-5.28305,0.76
-3.92057,-4.83567,0.76
-2.54552,-4.85761,0.76
-2.61731,-4.60545,0.76
-4.18193,-5.0178,0.76
-2.15524,-6.35124,0.76
-4.42692,-6.41149,0.75
-3.53707,-4.95637,0.75
-3.35168,-6.08207,0.75
-3.46315,-6.02401,0.76
-3.18629,-3.92076,0.76
-3.97525,-5.52693,0.76
-3.89968,-5.32966,0.76
-3.18064,-5.4446,0.76
-3.04885,-5.88719,0.73
-4.18186,-5.36419,0.76
-3.94079,-4.73505,0.76
-3.73588,-4.8831,0.76
-3.53182,-5.53565,0.76
-2.90237,-5.59585,0.76
-3.84116,-7.07258,0.73
-2.49838,-6.5367,0.73
-2.62369,-6.2002,0.75
-3.65879,-4.84494,0.76
-3.43463,-4.13737,0.76
-2.75412,-5.37411,0.72
-3.95779,-5.96489,0.75
-2.91732,-5.58276,0.76
-2.94427,-5.33276,0.76
-2.50714,-5.76578,0.76
-1.53652,-6.21224,0.76
-2.67558,-5.33884,0.75
-3.73165,-5.23174,0.76
-3.5815,-4.1794,0.75
-3.69382,-5.39924,0.76
-3.77889,-7.86058,0.73
-3.90502,-4.96617,0.76
-3.94463,-5.71282,0.75
-2.7758,-5.45508,0.76
-2.83155,-5.39792,0.76
-3.73237,-6.75547,0.73
-2.4428,-4.61896,0.76
-4.98968,-5.92717,0.75
-4.16108,-5.2857,0.75
-4.68418,-5.50659,0.75
-4.35744,-6.47891,0.75
-4.27058,-5.24525,0.76
-2.50329,-5.01164,0.75
-3.25543,-4.36427,0.76
-4.08785,-6.25631,0.76
-3.82697,-5.8286,0.76
-3.39975,-5.21405,0.75
-4.41052,-6.52086,0.73
-3.37912,-5.6653,0.75
-5.07762,-6.23071,0.73
-3.91792,-5.96256,0.75
-2.3347,-4.79316,0.76
-3.13228,-4.07463,0.76
-3.73386,-5.47985,0.76
-2.49854,-4.84217,0.75
-2.81301,-4.48151,0.76
-3.19463,-5.49671,0.76
-3.26275,-5.39142,0.76
-3.21248,-6.23006,0.76
-3.76128,-5.95433,0.76
-3.36971,-4.66716,0.76
-3.34498,-4.74866,0.76
-3.13961,-4.61869,0.76
-3.41644,-4.56486,0.76
-3.07201,-5.13677,0.75
-3.65023,-5.35277,0.76
-2.93187,-3.92954,0.76
-3.46,-4.27272,0.76
-3.74653,-7.97073,0.72
-2.29288,-5.32912,0.76
-3.64983,-5.95702,0.76
-3.02332,-5.72305,0.73
-3.96088,-5.26444,0.76
-2.73415,-4.36573,0.76
-3.40949,-6.11217,0.73
-2.42564,-4.3487,0.75
-3.45901,-4.8661,0.76
-2.87643,-6.72894,0.73
-3.09007,-5.21043,0.76
-2.46449,-5.56731,0.76
-2.42295,-4.77276,0.76
-4.30903,-5.28827,0.73
-3.88397,-5.38538,0.76
-2.58861,-4.9228,0.76
-3.77544,-7.23616,0.73
-3.27181,-6.61509,0.76
-4.10545,-5.58714,0.75
-4.89912,-5.43202,0.76
-3.43385,-5.57031,0.76
-3.36154,-4.66035,0.76
-3.19062,-4.41996,0.76
-2.51596,-5.84844,0.73
-3.1287,-7.35028,0.72
-3.33157,-5.1257,0.75
-4.42188,-5.60057,0.76
-3.33365,-6.25527,0.76
-4.76451,-5.62008,0.73
-3.19241,-4.57405,0.76
-3.37192,-4.45453,0.76
-4.96746,-7.11464,0.75
-3.80561,-5.02652,0.76
-4.19373,-7.52655,0.76
-2.87659,-4.63214,0.76
-2.6557,-4.84753,0.76
-3.98216,-5.13086,0.76
-2.87304,-4.60336,0.76
-4.11133,-5.12996,0.76
-2.90238,-5.10982,0.76
-2.81774,-5.67601,0.76
-3.0417,-6.02643,0.72
-2.58621,-6.56918,0.73
-3.6244,-5.87401,0.76
-2.90923,-5.61692,0.75
-2.7646,-5.53555,0.76
-2.24521,-5.34123,0.76
-2.16003,-6.06616,0.76
-4.02896,-5.72073,0.75
-2.98771,-5.08762,0.76
-2.43466,-5.00679,0.76
-3.69581,-5.50959,0.76
-2.55218,-4.79407,0.76
-3.85242,-4.31808,0.75
-3.25685,-4.83725,0.76
-2.83366,-5.85166,0.75
-2.94881,-4.96638,0.76
-3.44037,-5.18323,0.75
-3.34445,-4.66819,0.76
-4.86923,-5.37217,0.76
-2.89171,-4.92129,0.75
-3.53484,-4.44832,0.76
-3.1803,-5.0001,0.76
-3.96651,-6.09555,0.76
-4.04126,-4.9948,0.76
-3.48143,-5.55327,0.76
-2.85142,-5.30779,0.76
-2.69109,-6.87525,0.75
-2.21645,-5.88365,0.72
-3.78172,-5.79839,0.76
-3.15381,-5.66712,0.76
-3.34041,-4.89429,0.76
-3.14181,-5.03866,0.75
-3.61516,-5.28991,0.76
-2.62488,-4.32253,0.76
-3.26529,-4.64114,0.76
-3.34008,-4.32441,0.76
-4.15415,-7.50076,0.76
-3.12698,-4.75588,0.76
-3.06051,-4.59163,0.76
-3.32299,-4.31046,0.76
-2.94014,-5.59958,0.75
-3.85624,-5.16136,0.75
-3.2839,-6.71083,0.75
-4.15058,-6.44868,0.73
-3.45827,-5.53925,0.76
-3.02054,-5.82187,0.75
-2.26592,-5.22683,0.73
-3.49209,-6.25487,0.76
-4.19417,-5.29691,0.76
-3.05177,-5.82403,0.75
-4.09654,-5.6035,0.75
-4.80663,-5.45746,0.76
-3.03406,-5.2438,0.76
-3.3675,-6.14813,0.73
-2.42251,-5.17028,0.76
-2.6187,-5.27286,0.75
-2.96903,-6.86985,0.73
-2.5613,-4.20638,0.76
-4.31836,-3.61545,0.76
-3.98443,-4.60919,0.75
-3.413,-5.68578,0.76
-3.02533,-5.33826,0.76
-4.25113,-5.25156,0.76
-4.35567,-7.57698,0.75
-2.5877,-4.22138,0.76
-3.77251,-5.99734,0.75
-4.773,-6.96724,0.76
-2.27592,-7.41647,0.76
-3.65466,-6.37369,0.76
-4.06542,-5.32333,0.76
-3.11039,-5.79614,0.76
-5.29784,-5.6026,0.75
-3.23443,-5.09016,0.76
-3.27531,-5.31061,0.76
-3.15345,-5.37081,0.76
-3.42909,-6.43524,0.75
-1.93682,-5.33273,0.76
-3.09686,-6.04519,0.75
-3.35509,-5.2959,0.75
-3.00244,-5.05536,0.75
-1.63253,-5.54959,0.73
-3.08146,-4.71232,0.76
-3.83425,-6.22108,0.76
-3.01336,-4.43087,0.76
-2.72714,-5.94499,0.75
-2.81084,-4.61392,0.76
-3.07369,-6.20362,0.73
-3.57548,-4.59219,0.76
-2.86514,-6.09133,0.73
-4.05301,-5.7267,0.75
-4.14366,-5.34447,0.75
-5.53308,-6.2576,0.76
-2.84574,-3.95669,0.76
-3.59174,-5.07451,0.76
-3.09411,-6.16419,0.73
-2.41885,-5.01556,0.76
-2.67763,-6.90528,0.72
-3.68625,-6.02286,0.73
-2.8726,-4.32374,0.76
-3.43753,-5.77786,0.75
-2.89142,-5.50789,0.75
-2.4285,-5.50266,0.76
-4.05508,-4.37655,0.76
-4.38899,-5.42003,0.76
-3.7417,-4.72185,0.76
-2.89716,-4.93466,0.76
-2.84617,-4.72825,0.76
-3.12962,-4.94245,0.76
-2.79983,-4.4492,0.75
-3.87396,-5.17169,0.76
-3.16765,-5.6001,0.75
-3.35079,-4.09351,0.76
-3.72379,-6.00271,0.75
-3.65209,-6.90032,0.75
-3.59483,-5.91494,0.76
-3.46461,-5.23307,0.75
-3.45487,-6.23276,0.76
-3.01969,-3.68935,0.76
-4.14203,-6.52706,0.76
-3.17376,-4.3107,0.76
-3.23532,-5.4503,0.73
-3.14885,-4.72835,0.76
-3.29844,-5.12708,0.76
-1.94389,-5.73492,0.75
-2.89168,-5.07758,0.76
-2.44122,-4.53691,0.76
-4.19276,-7.11401,0.73
-3.78985,-5.35605,0.76
-3.95488,-3.99069,0.76
-4.28778,-4.94501,0.75
-3.82731,-4.46619,0.76
-3.23806,-6.40268,0.72
-3.09596,-7.30007,0.73
-2.63889,-5.50147,0.75
-3.55205,-5.67429,0.76
-2.61568,-4.41855,0.76
-2.6635,-3.73657,0.76
-2.05486,-5.34499,0.75
-3.72885,-6.35521,0.73
-3.05665,-4.46087,0.76
-2.46883,-4.59335,0.75
-1.84833,-5.2543,0.75
-3.12209,-3.82995,0.76
-3.14466,-4.78295,0.73
-3.5632,-5.58194,0.75
-3.77318,-4.68467,0.76
-2.51664,-4.59625,0.76
-2.50486,-4.48845,0.75
-3.03522,-5.99941,0.75
-3.5484,-5.62413,0.75
-2.89392,-4.73146,0.76
-2.20554,-5.02189,0.76
-3.32421,-5.75057,0.76
-2.53094,-4.6959,0.76
-4.57433,-5.88321,0.75
-3.56265,-5.70092,0.76
-3.48496,-4.95908,0.75
-0.919811,-6.41923,0.72
-3.25461,-5.43945,0.75
-3.7119,-5.15157,0.76
-3.87546,-5.2458,0.76
-3.26277,-4.3986,0.76
-3.53132,-6.15343,0.76
-2.24834,-4.51821,0.76
-3.23092,-5.89732,0.75
-3.15549,-5.32409,0.76
-2.71385,-4.72459,0.76
-2.63282,-6.19032,0.73
-3.5972,-5.76292,0.75
-3.14256,-5.63453,0.76
-2.96194,-4.88766,0.76
-5.37748,-7.86405,0.73
-3.18488,-5.62014,0.75
-4.30964,-6.82818,0.76
-2.35247,-6.03211,0.72
-2.2572,-6.25636,0.75
-3.25767,-5.48148,0.75
-3.42376,-6.4827,0.75
-3.58655,-4.22052,0.76
-4.41729,-7.27541,0.75
-2.65449,-5.23272,0.76
-3.53901,-5.56106,0.76
-3.90465,-5.08394,0.76
-3.77214,-6.06727,0.73
-2.874,-4.51654,0.76
-2.31069,-5.27689,0.75
-3.39137,-5.6018,0.76
-2.69009,-3.75947,0.76
-2.985,-3.7922,0.76
-2.83559,-5.70393,0.73
-3.34296,-5.40926,0.76
-2.63531,-4.06577,0.76
-3.59164,-5.526,0.76
-3.73774,-4.43538,0.76
-2.58276,-5.38682,0.76
-3.73046,-4.84335,0.76
-4.05378,-6.39255,0.75
-4.12704,-4.10757,0.76
-2.72524,-5.18477,0.75
-3.69584,-5.24009,0.76
-3.39522,-4.92798,0.76
-2.77857,-5.36483,0.73
-3.48467,-5.25747,0.75
-3.34181,-4.41254,0.75
-2.80261,-6.19646,0.73
-3.5203,-6.12465,0.75
-2.01901,-5.45302,0.76
-3.15745,-3.88873,0.76
-4.3745,-6.44079,0.75
-2.89889,-5.07683,0.76
-3.18637,-4.76491,0.76
-2.44576,-5.3801,0.76
-4.13672,-5.46581,0.75
-2.77762,-5.27271,0.76
-3.76173,-4.94396,0.76
-3.43734,-4.91103,0.76
-2.81345,-4.10665,0.75
-1.87787,-4.91284,0.75
-2.66513,-5.80111,0.73
-3.44211,-4.88253,0.76
-3.1306,-4.86168,0.76
-3.90214,-5.54926,0.75
-2.72071,-5.85375,0.73
-2.49927,-5.02885,0.76
-3.44603,-4.84985,0.76
-3.13051,-4.77127,0.76
-4.06924,-6.05017,0.76
-3.55626,-5.24355,0.76
-3.3701,-5.20168,0.76
-3.52324,-4.84716,0.76
-2.87778,-5.0585,0.76
-2.52913,-5.71613,0.75
-2.96356,-5.50621,0.73
-2.4114,-5.29771,0.76
-3.26148,-7.19175,0.73
-3.1765,-5.50139,0.76
-2.90881,-5.53998,0.76
-3.6375,-5.25725,0.76
-2.81326,-6.05543,0.76
-3.37896,-5.23658,0.75
-3.44134,-4.90364,0.76
-2.61141,-5.07984,0.76
-2.72984,-5.39003,0.76
-4.22867,-4.59259,0.76
-3.67054,-4.85565,0.76
-3.17877,-5.25929,0.75
-2.7233,-4.75364,0.76
-2.97586,-5.10978,0.75
-4.87922,-6.995,0.73
-2.98318,-3.9535,0.76
-4.25949,-5.42227,0.76
-2.84436,-5.37058,0.75
-3.0159,-4.88205,0.75
-2.70247,-5.14567,0.76
-2.79274,-4.77412,0.76
-3.07827,-4.60087,0.76
-3.14183,-5.26248,0.76
-2.75938,-5.56388,0.76
-2.91136,-4.96771,0.76
-3.86549,-5.88938,0.75
-3.71114,-5.60527,0.75
-3.99245,-6.02322,0.75
-3.46215,-4.33999,0.76
-3.7535,-5.39535,0.76
-3.68232,-6.08168,0.76
-2.62821,-5.67861,0.75
-3.76012,-5.85317,0.76
-2.67027,-5.16478,0.73
-3.67491,-5.26926,0.76
-2.97302,-5.25249,0.76
-2.76557,-4.74623,0.76
-4.28321,-5.36068,0.76
-4.00998,-5.81589,0.75
-4.01075,-5.74959,0.76
-2.78227,-4.16108,0.76
-2.78824,-6.36089,0.73
-2.31156,-5.01199,0.76
-3.09576,-3.66562,0.76
-3.24409,-6.18962,0.73
-3.11835,-5.33432,0.76
-3.88229,-5.90184,0.75
-3.27679,-4.10911,0.75
-4.37799,-4.67356,0.76
-2.90701,-4.36494,0.76
-2.98091,-5.89435,0.73
-4.72893,-5.19503,0.76
-3.14002,-5.71888,0.73
-3.33292,-5.57958,0.76
-2.33559,-6.62467,0.75
-2.53399,-4.97029,0.76
-2.84415,-4.91405,0.76
-3.26443,-5.44681,0.75
-4.33356,-6.77333,0.73
-3.70296,-4.16123,0.76
-3.80638,-4.63623,0.76
-3.2631,-5.3858,0.75
-2.66896,-4.43025,0.76
-3.78714,-5.43134,0.75
-3.45826,-4.65688,0.76
-2.87257,-5.17037,0.76
-3.15112,-6.35133,0.73
-4.95368,-7.73717,0.73
-3.35071,-5.65752,0.75
-2.75239,-4.90472,0.75
-3.27622,-4.584,0.76
-4.1655,-5.43341,0.76
-3.10619,-5.064,0.76
-1.55613,-5.54258,0.73
-4.09641,-5.42686,0.75
-3.78728,-5.92601,0.76
-3.64612,-5.09897,0.76
-3.49782,-6.49852,0.73
-2.92425,-4.63207,0.76
-2.8323,-4.72931,0.76
-3.83414,-4.87313,0.76
-3.00394,-5.03967,0.76
-4.15992,-5.22972,0.76
-3.17624,-5.40771,0.73
-4.49384,-4.91497,0.76
-3.81772,-5.63981,0.76
-3.3286,-5.62023,0.76
-2.94962,-4.65241,0.76
-2.44326,-5.24806,0.76
-3.87688,-4.69043,0.75
-3.70036,-4.59088,0.76
-4.38271,-5.86028,0.76
-3.78363,-5.86415,0.76
-2.70376,-5.23064,0.76
-2.68703,-6.00538,0.75
-4.37114,-5.84172,0.75
-2.17191,-4.77307,0.76
-4.20559,-5.37282,0.76
-3.20667,-5.49115,0.76
-2.39312,-4.6875,0.76
-3.72052,-4.67085,0.76
-2.58777,-4.44638,0.75
-2.92223,-5.44207,0.76
-4.0161,-5.24096,0.76
-3.51682,-6.2813,0.73
-3.11667,-5.42136,0.76
-3.34704,-4.99228,0.75
-3.70669,-5.2895,0.73
-3.45218,-5.15129,0.75
-2.76399,-5.26938,0.73
-2.71921,-4.48182,0.75
-2.24858,-5.65597,0.73
-2.8237,-5.7356,0.76
-3.38033,-5.88687,0.75
-3.09565,-4.61835,0.76
-2.50611,-5.94993,0.75
-3.00533,-3.71048,0.76
-2.51705,-5.14147,0.76
-3.06634,-5.26404,0.73
-4.26348,-5.90851,0.76
-2.78636,-5.3621,0.76
-3.65129,-6.05137,0.75
-2.10973,-5.37817,0.76
-4.15173,-5.29979,0.75
-4.05339,-5.61216,0.76
-3.26598,-5.06298,0.75
-2.76599,-4.66663,0.76
-4.09001,-5.18475,0.76
-2.88203,-5.60847,0.73
-2.96808,-5.36053,0.76
-3.79767,-6.4796,0.73
-3.54214,-5.23603,0.76
-3.18949,-5.21099,0.76
-2.8109,-6.15035,0.76
-2.77212,-5.94458,0.76
-3.79999,-5.10611,0.75
-3.4552,-4.77482,0.75
-5.08726,-4.59015,0.76
-2.35806,-6.54466,0.72
-3.22343,-6.65759,0.73
-2.61074,-5.40754,0.75
-4.01904,-4.90602,0.75
-2.77677,-6.37961,0.75
-3.88957,-5.37127,0.73
-3.46955,-5.5725,0.73
-3.45096,-6.30533,0.73
-3.13673,-4.80751,0.76
-2.71692,-4.86781,0.76
-4.48907,-5.40944,0.76
-3.55211,-5.13194,0.75
-2.96859,-5.65241,0.73
-1.92576,-4.59701,0.76
-3.42628,-4.86361,0.76
-4.36195,-6.23569,0.73
-3.51361,-5.23185,0.75
-3.6004,-6.75638,0.71
-3.58264,-4.85956,0.76
-4.20324,-6.07479,0.76
-2.98918,-5.61912,0.76
-3.20604,-6.01549,0.73
-3.32088,-5.87945,0.76
-3.59969,-5.79889,0.76
-2.3796,-5.29026,0.73
-5.08111,-7.03911,0.76
-3.29152,-4.539,0.76
-4.253,-6.28657,0.75
-4.07843,-4.71467,0.76
-2.83405,-5.07454,0.76
-2.36849,-4.47726,0.75
-4.43179,-6.108,0.76
-2.12019,-5.28815,0.76
-3.12639,-4.10409,0.76
-3.27711,-5.66209,0.76
-3.02595,-4.84839,0.75
-3.43642,-5.11188,0.76
-3.05041,-4.5435,0.76
-2.42234,-4.48753,0.76
-4.09093,-4.38838,0.76
-3.20032,-3.70566,0.76
-3.65439,-4.8384,0.76
-2.99576,-4.80739,0.76
-3.23724,-4.97187,0.76
-3.63043,-4.68206,0.76
-2.3991,-4.64114,0.76
-3.02362,-5.68327,0.75
-3.27654,-4.74962,0.76
-5.6201,-7.71453,0.73
-2.55912,-5.08596,0.73
-2.32299,-6.13135,0.73
-4.13323,-5.22782,0.76
-3.19621,-5.4994,0.76
-2.34673,-5.34754,0.73
-2.63663,-4.549,0.76
-4.11292,-5.92449,0.76
-3.24002,-5.01821,0.76
-4.90177,-6.22471,0.76
-3.33343,-5.87028,0.75
-3.86583,-5.64243,0.76
-4.36768,-6.42139,0.75
-3.72906,-6.13217,0.75
-4.56801,-5.64769,0.73
-3.22905,-4.51701,0.76
-3.33327,-4.71801,0.76
-2.99679,-5.9893,0.76
-3.5632,-4.34118,0.75
-3.56527,-4.1052,0.76
-3.37091,-4.05246,0.76
-4.39974,-7.31077,0.73
-3.69959,-5.09829,0.76
-2.57493,-5.30818,0.76
-3.77231,-5.22062,0.76
-3.26386,-5.35507,0.75
-2.55065,-5.34998,0.75
-4.3073,-5.10588,0.76
-2.7891,-5.5366,0.75
-2.50963,-6.20919,0.73
-2.30335,-4.36579,0.76
-5.00885,-7.02043,0.73
-3.77842,-5.38243,0.76
-3.07861,-4.87216,0.76
-3.57148,-6.02797,0.73
-4.54769,-5.49044,0.76
-2.74103,-5.41463,0.76
-2.75369,-5.16354,0.76
-2.55786,-4.92096,0.76
-2.22849,-5.14247,0.76
-3.81882,-5.62442,0.76
-3.22705,-4.7599,0.75
-3.41034,-3.67711,0.76
-3.03051,-4.22193,0.76
-2.57869,-4.74137,0.76
-3.44395,-6.09019,0.76
-3.83573,-5.71349,0.75
-3.55432,-4.60283,0.76
-3.44594,-4.79602,0.76
-4.37112,-5.42155,0.76
-3.44799,-5.02787,0.75
-2.16373,-6.05078,0.76
-4.00405,-4.85848,0.76
-4.06823,-4.07974,0.76
-2.98704,-4.31158,0.76
-2.71266,-5.22945,0.76
-2.69843,-4.85912,0.76
-2.91441,-4.45571,0.76
-3.24169,-5.68962,0.76
-2.93369,-5.02811,0.76
-3.36396,-4.36478,0.76
-2.90695,-4.3498,0.76
-3.52559,-4.36823,0.76
-3.53455,-5.80971,0.75
-3.32325,-5.01362,0.76
-2.96574,-3.79133,0.76
-2.40525,-7.85724,0.71
-3.81372,-4.62974,0.75
-3.69576,-3.65192,0.76
-3.82803,-6.10812,0.75
-3.38812,-5.55645,0.76
-3.78464,-5.30538,0.75
-3.17632,-5.3458,0.76
-2.34148,-5.66633,0.76
-3.82316,-4.71228,0.76
-2.8947,-6.08934,0.75
-2.53011,-5.74543,0.73
-3.54149,-4.0172,0.76
-4.4984,-5.67144,0.76
-4.07295,-5.32773,0.76
-2.59042,-4.77621,0.76
-3.15769,-4.64409,0.75
-2.95731,-4.6691,0.75
-2.72649,-4.69979,0.75
-2.75745,-5.26333,0.73
-4.40047,-5.97136,0.75
-3.91198,-5.30947,0.76
-3.57157,-5.709,0.76
-4.95478,-5.48655,0.75
-3.07578,-5.02127,0.76
-4.1505,-5.64881,0.76
-4.57816,-7.30107,0.75
-3.54789,-5.01182,0.76
-3.64204,-4.56691,0.76
-4.15394,-7.005,0.75
-2.66841,-6.09443,0.76
-3.06597,-4.18495,0.76
-3.04411,-5.23284,0.76
-3.96918,-5.66021,0.76
-3.77438,-5.92448,0.75
-3.45887,-5.02441,0.76
-5.64453,-6.29666,0.76
-3.81367,-5.60662,0.75
-2.62734,-5.52613,0.75
-3.70549,-4.93393,0.76
-3.48146,-5.08454,0.76
-2.49549,-5.63098,0.76
-5.3888,-6.40424,0.76
-3.64777,-4.8825,0.76
-3.24201,-6.49075,0.76
-4.18838,-5.39887,0.73
-2.71056,-4.34943,0.76
-5.22246,-6.7377,0.76
-3.17752,-5.43131,0.76
-4.39038,-6.27274,0.76
-3.79348,-5.0871,0.76
-4.72643,-6.36513,0.76
-2.29663,-4.12915,0.76
-2.83736,-4.31946,0.76
-3.01933,-5.48479,0.76
-2.87226,-4.3874,0.76
-2.78214,-4.76644,0.76
-4.15094,-3.95331,0.76
-3.17276,-5.37729,0.76
-3.6036,-4.60617,0.75
-2.53276,-4.69678,0.76
-2.38356,-4.6574,0.76
-2.67108,-5.51662,0.76
-4.28421,-4.51008,0.75
-2.5436,-5.51346,0.76
-2.67063,-4.75653,0.76
-3.16595,-5.1842,0.76
-3.30075,-5.38252,0.76
-3.92017,-6.18012,0.75
-2.38547,-4.28646,0.75
-3.82352,-4.71032,0.76
-2.92562,-5.2178,0.75
-2.59216,-5.76635,0.76
-3.3951,-6.11221,0.76
-2.82513,-5.08796,0.76
-3.42884,-5.48373,0.76
-2.26393,-5.14171,0.76
-3.47986,-5.9883,0.75
-2.99596,-4.71551,0.76
-4.92856,-6.85074,0.76
-2.86947,-4.90986,0.76
-2.56872,-4.4532,0.76
-2.52198,-5.75776,0.76
-3.53281,-5.30646,0.76
-3.81331,-3.95503,0.76
-2.81105,-4.49982,0.76
-3.53824,-4.48928,0.75
-3.40597,-5.09363,0.76
-2.80772,-5.19261,0.76
-3.83076,-7.08159,0.73
-2.97993,-4.90907,0.76
-4.36666,-5.11702,0.76
-3.35936,-4.68397,0.75
-4.00992,-5.68283,0.76
-3.32783,-5.53408,0.73
-2.94505,-5.71484,0.76
-3.39841,-6.35987,0.75
-4.40179,-6.49948,0.73
-4.46752,-5.54564,0.76
-3.44901,-5.6176,0.76
-4.19056,-5.72755,0.76
-2.19186,-4.90497,0.76
-4.51579,-4.54593,0.76
-3.90208,-5.0593,0.76
-2.78735,-5.17022,0.76
-3.03191,-5.00136,0.76
-2.9982,-4.03867,0.76
-3.46607,-5.29986,0.76
-3.53584,-5.56135,0.73
-3.11993,-5.66402,0.75
-3.27582,-5.63347,0.76
-3.32734,-4.34696,0.76
-3.96388,-6.60646,0.76
-4.65521,-4.40643,0.76
-3.7179,-5.38738,0.76
-3.9727,-5.39661,0.76
-2.73231,-6.11978,0.73
-3.21298,-5.23636,0.73
-3.29603,-4.50451,0.76
-2.66028,-5.31901,0.75
-3.12657,-4.95395,0.76
-2.75511,-5.71877,0.75
-3.4123,-4.9212,0.76
-2.74371,-4.52982,0.76
-2.76742,-4.95802,0.76
-3.5383,-5.74231,0.76
-1.81958,-5.67729,0.73
-3.10803,-5.09149,0.76
-4.73412,-5.94824,0.76
-3.7195,-6.05238,0.75
-1.91967,-6.0122,0.73
-3.23517,-4.91018,0.76
-4.61689,-5.90142,0.75
-2.80649,-5.45285,0.75
-3.48156,-5.69406,0.76
-3.20654,-5.45601,0.76
-2.02897,-6.01208,0.72
-2.92016,-5.43368,0.76
-2.56898,-4.90484,0.75
-3.82619,-5.50208,0.75
-3.50798,-4.33219,0.76
-4.30372,-5.94533,0.76
-3.25755,-4.84507,0.76
-3.89252,-5.46365,0.75
-2.96715,-4.80806,0.75
-4.01413,-5.95075,0.75
-4.5147,-5.1906,0.76
-2.79128,-5.72452,0.75
-3.15098,-5.12391,0.76
-3.08248,-4.38854,0.76
-2.14465,-5.02878,0.75
-3.64345,-4.88525,0.76
-3.3482,-4.54648,0.76
-3.84301,-5.12831,0.76
-3.32821,-5.49114,0.76
-4.01881,-5.31816,0.76
-2.53081,-4.07497,0.76
-2.292,-4.90917,0.76
-3.42598,-4.24109,0.76
-2.93444,-4.62657,0.76
-4.48327,-5.91813,0.76
-3.34945,-4.69121,0.76
-3.29965,-4.57904,0.76
-2.40143,-4.51722,0.75
-3.83842,-5.3744,0.73
-2.63938,-5.66755,0.75
-3.45126,-4.89399,0.75
-3.54757,-4.48577,0.75
-2.94252,-4.98356,0.76
-3.60693,-5.00522,0.76
-4.11859,-5.68164,0.75
-3.22544,-4.80532,0.76
-2.81891,-4.6119,0.75
-2.44835,-6.3849,0.73
-3.10553,-5.78685,0.76
-3.36544,-5.1381,0.75
-2.572,-6.4007,0.73
-2.85085,-5.03038,0.76
-3.03525,-5.08247,0.76
-2.45683,-4.178,0.76
-2.25179,-5.12901,0.76
-3.57015,-5.13097,0.76
-3.80051,-5.58995,0.76
-2.38244,-4.90904,0.75
-2.67959,-5.06182,0.76
-3.6489,-5.1319,0.76
-2.83116,-4.20457,0.76
-3.36406,-4.72372,0.76
-3.20486,-5.59814,0.76
-3.9173,-4.77706,0.76
-3.56573,-5.05758,0.76
-3.27855,-4.57222,0.76
-4.0665,-4.86056,0.76
-3.80185,-5.90713,0.76
-4.31114,-6.07348,0.73
-3.09131,-4.17033,0.76
-2.38298,-4.37968,0.76
-3.07816,-6.17393,0.76
-3.23931,-4.97605,0.75
-3.51651,-5.97289,0.76
-3.67631,-6.20256,0.73
-3.87449,-5.71896,0.76
-3.51039,-4.94014,0.76
-3.86456,-4.59085,0.76
-3.92384,-5.98226,0.73
-2.66222,-5.36428,0.75
-3.01821,-4.8091,0.76
-4.08616,-5.61361,0.76
-2.93148,-4.75676,0.73
-3.06364,-5.11042,0.76
-3.26681,-5.06844,0.76
-2.50917,-3.92372,0.76
-1.85065,-7.34221,0.73
-3.43217,-5.44251,0.76
-3.88957,-5.16924,0.76
-3.54642,-5.44613,0.75
-3.55645,-4.37413,0.76
-4.17182,-4.70201,0.76
-2.52836,-5.55143,0.76
-2.36152,-4.69219,0.76
-2.55291,-5.34129,0.76
-2.924,-4.74081,0.76
-3.26051,-5.01071,0.76
-2.63066,-4.14441,0.76
-2.92347,-4.78618,0.76
-4.29116,-6.20861,0.76
-2.72318,-4.25717,0.76
-5.30227,-7.50484,0.75
-3.99856,-5.64136,0.76
-3.25644,-5.40152,0.76
-2.78836,-6.00024,0.76
-2.99764,-5.82053,0.73
-3.85079,-5.40937,0.76
-2.71801,-4.91716,0.76
-1.94776,-6.08999,0.75
-2.8879,-5.61139,0.76
-2.6969,-4.74452,0.76
-2.9327,-4.70216,0.76
-3.82474,-5.40746,0.75
-4.56544,-6.43612,0.75
-3.00308,-4.93369,0.76
-3.71856,-5.32786,0.76
-3.26996,-5.28261,0.76
-2.70541,-4.79627,0.76
-3.51269,-4.44081,0.76
-2.96016,-4.66786,0.76
-3.84567,-6.71273,0.76
-2.92113,-5.37049,0.76
-2.72878,-5.27461,0.75
-3.23196,-5.10292,0.75
-3.2313,-5.44432,0.75
-3.46383,-5.10123,0.75
-3.42523,-6.32219,0.73
-3.73347,-4.21857,0.76
-3.95582,-5.79808,0.75
-2.69944,-5.81054,0.75
-3.53611,-6.19585,0.76
-3.22598,-4.52066,0.76
-3.2795,-4.31003,0.76
-3.49523,-5.65979,0.76
-4.13383,-7.95041,0.73
-2.73364,-4.54622,0.76
-3.19182,-4.4568,0.76
-3.91996,-5.60401,0.76
-2.1211,-4.7315,0.76
-2.6464,-4.48667,0.76
-1.93706,-6.00461,0.75
-2.80285,-5.29879,0.75
-2.99255,-4.30168,0.76
-3.09299,-5.69689,0.73
-3.30517,-5.55766,0.73
-2.87184,-4.78874,0.75
-5.42065,-6.76427,0.76
-4.42657,-6.52798,0.76
-3.87303,-5.36368,0.75
-2.9618,-5.9615,0.76
-3.32779,-5.16682,0.76
-2.3211,-5.14001,0.76
-2.45704,-4.81333,0.75
-2.90207,-5.55758,0.76
-2.93527,-5.57017,0.76
-2.96216,-5.33838,0.76
-2.64536,-4.94779,0.76
-2.27418,-5.12079,0.75
-2.39707,-4.40992,0.76
-3.02896,-5.08943,0.75
-4.30033,-6.53156,0.76
-3.44198,-5.11171,0.76
-3.95202,-4.76965,0.76
-3.07578,-5.5469,0.76
-3.73383,-5.56062,0.76
-3.88173,-6.79662,0.73
-4.10065,-5.59061,0.76
-4.11667,-5.67332,0.75
-2.60803,-5.4712,0.76
-3.1903,-4.95733,0.76
-3.68347,-5.58458,0.76
-2.97201,-5.75433,0.75
-3.94404,-4.47526,0.76
-3.02907,-4.67876,0.76
-3.68027,-4.90437,0.76
-3.20505,-5.62097,0.75
-3.1174,-4.87751,0.76
-2.92299,-5.18629,0.75
-4.23534,-6.3427,0.75
-3.42348,-3.83324,0.76
-3.14595,-5.27764,0.76
-3.6782,-6.23244,0.75
-3.79743,-6.66491,0.76
-3.1449,-4.83439,0.76
-3.33437,-4.62131,0.75
-3.37076,-5.51115,0.76
-2.11559,-6.46634,0.73
-3.22914,-4.77905,0.76
-3.50003,-5.46273,0.76
-3.05068,-5.01231,0.76
-3.34124,-5.05652,0.76
-3.16398,-5.40051,0.76
-3.71136,-5.87145,0.75
-4.16564,-5.28399,0.76
-2.90477,-5.5242,0.76
-3.96658,-4.5165,0.76
-3.81336,-6.57483,0.75
-3.2132,-7.43015,0.72
-3.40757,-5.32985,0.76
-3.73845,-5.5112,0.75
-3.35498,-5.70926,0.75
-2.55865,-5.68651,0.73
-2.033,-5.58925,0.75
-2.00171,-6.67321,0.73
-3.38367,-5.09431,0.76
-4.20412,-5.70055,0.75
-3.14148,-4.85904,0.76
-3.88673,-5.42126,0.75
-4.0886,-5.97289,0.73
-3.09261,-5.45001,0.75
-2.80288,-5.55669,0.76
-4.00281,-5.1225,0.76
-4.11652,-7.63866,0.73
-2.9118,-5.10049,0.76
-3.54096,-4.58695,0.76
-2.90136,-4.53456,0.76
-3.93139,-5.94354,0.76
-4.02686,-5.27924,0.75
-3.53882,-4.85204,0.76
-3.55701,-4.44596,0.76
-3.47718,-5.84918,0.76
-3.65146,-4.4256,0.76
-2.54872,-4.59183,0.76
-4.93475,-6.20416,0.76
-3.75377,-5.65385,0.76
-3.20669,-4.39437,0.76
-3.61268,-5.46308,0.75
-3.56633,-5.09673,0.76
-2.44565,-6.18386,0.75
-3.75642,-5.06398,0.75
-2.5668,-4.97237,0.76
-2.3772,-4.5322,0.76
-3.0205,-5.60916,0.72
-3.79082,-5.00289,0.76
-3.77915,-4.87524,0.76
-2.76487,-4.8157,0.76
-3.28037,-5.26996,0.76
-3.55553,-5.54094,0.76
-2.87059,-4.43511,0.76
-2.48677,-4.68044,0.73
-2.32841,-4.62268,0.76
-4.21948,-4.711,0.76
-3.95819,-6.65187,0.73
-3.22537,-5.04547,0.76
-2.95445,-6.30933,0.72
-3.12715,-5.72682,0.76
-3.41125,-5.33876,0.75
-3.30043,-4.57524,0.76
-2.35974,-5.53643,0.76
-2.53244,-5.28788,0.73
-3.48003,-4.97253,0.76
-3.65839,-5.80903,0.75
-4.00215,-5.04047,0.76
-2.66603,-4.05727,0.76
-2.23706,-4.20623,0.76
-5.4171,-6.3185,0.75
-6.107,-8.57082,0.73
-3.55108,-5.28387,0.76
-3.20713,-4.75801,0.76
-4.12267,-6.27119,0.76
-2.90077,-4.37486,0.76
-2.431,-4.06723,0.76
-3.61754,-4.70859,0.76
-3.25268,-4.51066,0.76
-3.70671,-5.96613,0.75
-3.56581,-6.19425,0.75
-3.4917,-5.934,0.73
-2.67411,-5.33018,0.75
-4.48376,-5.80123,0.73
-3.61087,-5.77844,0.75
-2.88373,-4.89733,0.76
-3.63936,-5.10904,0.76
-3.19198,-4.59039,0.76
-3.66173,-5.26709,0.75
-3.74893,-4.59347,0.76
-2.5356,-4.47099,0.76
-3.48303,-4.55569,0.76
-3.73062,-5.63596,0.73
-3.45432,-4.94856,0.75
-3.12073,-7.65215,0.72
-3.28527,-5.71773,0.76
-3.19957,-5.94475,0.75
-3.12229,-5.60621,0.76
-3.17807,-4.74981,0.75
-3.11898,-5.17817,0.76
-5.09395,-6.82276,0.76
-5.11458,-5.63711,0.76
-3.22551,-4.89643,0.76
-3.48844,-5.2828,0.76
-2.63051,-4.20567,0.76
-3.29364,-5.39063,0.75
-2.69373,-5.85314,0.76
-3.37596,-5.24881,0.75
-2.8975,-5.09502,0.76
-3.7089,-7.49881,0.73
-3.37477,-5.05221,0.76
-2.82994,-5.11229,0.76
-3.62519,-5.55646,0.75
-3.58132,-5.00113,0.76
-4.70982,-5.2102,0.76
-2.07259,-6.08595,0.72
-2.72164,-5.20114,0.75
-3.68847,-5.02381,0.76
-4.35912,-5.73965,0.76
-3.47123,-6.68036,0.76
-2.94275,-5.23923,0.75
-3.76736,-5.1715,0.76
-3.50773,-4.86691,0.75
-1.51705,-5.29166,0.75
-4.00046,-5.64128,0.75
-4.60444,-5.09327,0.76
-3.42705,-5.80835,0.75
-4.1426,-5.82838,0.76
-2.91047,-5.09245,0.76
-2.88419,-5.24605,0.76
-5.91474,-5.96824,0.75
-3.71266,-5.71341,0.75
-2.70513,-5.35844,0.73
-4.05355,-6.85384,0.73
-4.21647,-5.49344,0.76
-3.72874,-5.09629,0.75
-3.39888,-5.51411,0.76
-3.43827,-4.67839,0.76
-2.89858,-4.09561,0.76
-3.03409,-5.15923,0.75
-3.75664,-5.84647,0.75
-4.04713,-5.36903,0.76
-3.90309,-5.27265,0.76
-3.90081,-5.55203,0.76
-3.05435,-4.85871,0.76
-3.28539,-4.80105,0.76
-3.71421,-6.19627,0.76
-4.05925,-6.08815,0.73
-3.29248,-5.6219,0.76
-3.31799,-5.92576,0.75
-4.18738,-3.92657,0.76
-3.03977,-4.54112,0.75
-2.88283,-6.20426,0.76
-5.05009,-4.68905,0.76
-2.96139,-4.89219,0.76
-4.07033,-4.46916,0.76
-2.87649,-5.30199,0.75
-2.90967,-6.71879,0.73
-4.44936,-5.86055,0.75
-1.91468,-6.69528,0.75
-3.194,-5.16073,0.76
-3.33923,-4.66191,0.76
-3.56984,-5.00693,0.75
-3.62681,-6.26321,0.76
-4.83335,-5.49267,0.76
-3.26731,-4.4354,0.76
-2.56228,-5.16919,0.73
-4.28954,-4.13426,0.76
-2.49132,-4.70309,0.73
-4.7685,-6.60042,0.76
-3.58922,-5.01775,0.76
-2.72781,-5.04051,0.76
-2.98953,-5.96229,0.75
-3.83198,-4.5663,0.75
-1.55971,-5.87086,0.75
-2.51008,-5.54398,0.73
-2.29543,-5.40334,0.73
-3.90246,-4.30504,0.76
-5.02812,-6.06816,0.75
-3.1894,-5.30309,0.76
-3.21011,-4.48017,0.76
-3.74504,-8.22241,0.72
-1.74043,-4.9066,0.76
-4.40098,-6.27252,0.76
-3.79527,-5.84117,0.75
-2.98297,-5.29771,0.76
-3.56487,-4.39751,0.76
-3.00997,-5.69798,0.76
-4.33436,-5.30175,0.76
-3.26891,-5.18994,0.76
-4.45733,-5.81726,0.75
-4.62222,-6.589,0.73
-4.87362,-4.72964,0.75
-3.37961,-4.33516,0.75
-3.42781,-5.27917,0.76
-3.29674,-5.70862,0.76
-3.60471,-5.15913,0.76
-3.26834,-5.37153,0.75
-2.3933,-5.20182,0.76
-2.08948,-7.75847,0.71
-3.04489,-4.56721,0.76
-3.39758,-3.9883,0.76
-2.81165,-4.95795,0.75
-5.37762,-8.2981,0.73
-3.01581,-5.43611,0.75
-3.82827,-5.20921,0.73
-3.22649,-5.48451,0.75
-2.78863,-6.1039,0.76
-1.8968,-5.15465,0.76
-3.90731,-5.99546,0.75
-3.27352,-5.26638,0.75
-2.87629,-5.77568,0.75
-3.35256,-5.60678,0.75
-2.76233,-3.71754,0.76
-2.9799,-5.53467,0.76
-2.67258,-5.81009,0.75
-3.17959,-4.94701,0.76
-2.65981,-5.54116,0.75
-3.80676,-4.20466,0.76
-3.21662,-5.09463,0.76
-3.13274,-4.6787,0.76
-3.17203,-4.96676,0.76
-3.9698,-5.09591,0.75
-2.81133,-4.59498,0.76
-2.95612,-4.90199,0.75
-3.27227,-5.20899,0.76
-3.2068,-5.32408,0.75
-4.11817,-4.8157,0.76
-3.30915,-4.46688,0.76
-1.8419,-5.30589,0.75
-2.70978,-5.68663,0.76
-2.92252,-5.03531,0.76
-3.28194,-4.63997,0.76
-3.50827,-4.69797,0.76
-3.88226,-4.63369,0.75
-2.89112,-5.61363,0.76
-2.58053,-5.46505,0.75
-3.86367,-5.28725,0.76
-2.63921,-5.02887,0.76
-4.13643,-5.75081,0.73
-4.20134,-4.28902,0.76
-2.48597,-5.81354,0.73
-2.81433,-4.37059,0.76
-3.33485,-5.51124,0.76
-3.38826,-5.21969,0.76
-3.5496,-5.19982,0.75
-3.52196,-5.5176,0.76
-3.15254,-3.86735,0.76
-3.82706,-5.14489,0.76
-3.93108,-6.90801,0.73
-3.91739,-4.92333,0.76
-2.52917,-5.26625,0.76
-2.08891,-4.70274,0.76
-4.08525,-4.35471,0.76
-3.52582,-5.59683,0.76
-2.59343,-4.90483,0.76
-3.58744,-4.28751,0.76
-2.02165,-6.09852,0.76
-3.67729,-5.71539,0.76
-3.28553,-5.00688,0.75
-2.88525,-5.69446,0.75
-3.08654,-5.44717,0.76
-2.79225,-6.30578,0.73
-3.85202,-5.19178,0.76
-3.43919,-4.97315,0.75
-4.65976,-6.4998,0.76
-4.13091,-6.0845,0.76
-3.79385,-4.59123,0.76
-5.14385,-6.3212,0.75
-2.28938,-5.75198,0.73
-1.53258,-5.56009,0.73
-4.30018,-6.41207,0.75
-1.78803,-5.92293,0.76
-3.43472,-5.7977,0.73
-2.20288,-5.288,0.76
-3.30158,-6.6554,0.73
-2.77041,-5.07766,0.75
-4.53964,-6.60932,0.73
-2.78397,-4.76377,0.76
-3.42916,-5.37019,0.75
-3.24334,-5.03345,0.75
-3.38,-5.13895,0.76
-4.21365,-5.03754,0.76
-3.26614,-5.47753,0.76
-2.28191,-5.18814,0.76
-3.55088,-6.39742,0.73
-3.2177,-6.07671,0.75
-3.15041,-4.20185,0.76
-3.67708,-6.13428,0.76
-3.33829,-5.60524,0.76
-3.86032,-4.9247,0.76
-2.77719,-4.71595,0.76
-3.16802,-5.31281,0.76
-4.14738,-5.13273,0.76
-3.79839,-5.22729,0.76
-2.79409,-6.22412,0.75
-2.81347,-4.89702,0.76
-3.37797,-5.72478,0.76
-4.23208,-5.7396,0.76
-4.07128,-5.57877,0.76
-3.36648,-6.35834,0.75
-3.83949,-5.36498,0.75
-2.75508,-6.41038,0.75
-2.36142,-4.89097,0.73
-3.81891,-5.61863,0.76
-2.43093,-7.17768,0.73
-3.34536,-4.82927,0.76
-3.25203,-4.8932,0.76
-3.22299,-5.36383,0.75
-3.61394,-6.68231,0.72
-3.48261,-4.84621,0.76
-2.36404,-4.52173,0.76
-4.15601,-4.69015,0.76
-2.67281,-4.54707,0.76
-3.36999,-5.78278,0.75
-3.30688,-5.32767,0.75
-3.27956,-4.59391,0.76
-3.14931,-5.37555,0.75
-4.21757,-5.5251,0.76
-3.22513,-4.66615,0.75
-2.80004,-4.66751,0.76
-2.47864,-4.49796,0.75
-2.59829,-4.40172,0.76
-3.08314,-4.72808,0.76
-3.7255,-6.71678,0.73
-3.18777,-5.17462,0.76
-3.35497,-4.36081,0.76
-4.37286,-5.81124,0.76
-4.00785,-5.15724,0.75
-4.57527,-5.68672,0.76
-4.05301,-5.22468,0.76
-2.81459,-4.9846,0.76
-4.15749,-4.16838,0.76
-3.09817,-4.26616,0.76
-4.33652,-6.26891,0.76
-3.57099,-5.51936,0.75
-3.47765,-5.53279,0.76
-2.07907,-4.90978,0.75
-4.26783,-5.75121,0.76
-3.66433,-5.2903,0.76
-2.10329,-4.81186,0.75
-3.71295,-5.22122,0.76
-3.58068,-5.00979,0.76
-2.6594,-4.68839,0.76
-3.75946,-5.17066,0.75
-2.71334,-5.78384,0.75
-3.40542,-5.64462,0.75
-3.08831,-4.81761,0.76
-3.36292,-5.93946,0.73
-3.14716,-5.09113,0.73
-2.97253,-5.09588,0.76
-3.93687,-5.64689,0.76
-3.90863,-5.22049,0.75
-3.11906,-4.42547,0.76
-3.45598,-5.46095,0.76
-2.25642,-4.12179,0.76
-3.67341,-5.56924,0.76
-3.32318,-3.60544,0.76
-3.74675,-4.99779,0.76
-3.02859,-4.0562,0.75
-3.57964,-4.56728,0.76
-3.4035,-5.99231,0.73
-4.19644,-6.38958,0.73
-2.69872,-5.30141,0.76
-2.95996,-4.73848,0.73
-3.61913,-5.44538,0.76
-3.03063,-6.22465,0.75
-2.41449,-4.21006,0.76
-2.68845,-4.93862,0.76
-2.64254,-5.3763,0.73
-3.57871,-5.18509,0.76
-4.0814,-6.00803,0.75
-3.56801,-6.32781,0.76
-3.64706,-5.6468,0.75
-2.55603,-5.80744,0.72
-4.86757,-6.0388,0.76
-2.7748,-5.24529,0.76
-3.64816,-5.03325,0.76
-4.13144,-6.35305,0.75
-2.37881,-5.96081,0.75
-2.49559,-5.48211,0.76
-4.29577,-5.68498,0.75
-3.28364,-4.97355,0.76
-2.49412,-4.3542,0.76
-3.80392,-6.30929,0.75
-3.09326,-5.9726,0.76
-4.19738,-6.07854,0.73
-3.77184,-5.25758,0.76
-3.41047,-5.45266,0.76
-2.19531,-5.32441,0.76
-3.14231,-5.04516,0.76
-2.87858,-6.19452,0.76
-1.93526,-5.23993,0.76
-1.912,-5.278,0.75
-3.83313,-6.13965,0.76
-3.53811,-4.91431,0.76
-3.74848,-4.88185,0.76
-3.68324,-6.17894,0.75
-2.75204,-6.41035,0.73
-3.21816,-4.00194,0.76
-3.2069,-4.28703,0.76
-3.69744,-5.97521,0.75
-3.50511,-4.19439,0.76
-3.6793,-5.56034,0.76
-4.09994,-6.76349,0.76
-3.5163,-5.55743,0.76
-3.24974,-5.76395,0.76
-3.63253,-4.60324,0.76
-4.31653,-8.01149,0.73
-4.05863,-6.81048,0.75
-2.40842,-4.62559,0.75
-3.77572,-5.68986,0.76
-2.63911,-5.76961,0.75
-3.07644,-5.30654,0.75
-2.87992,-5.58009,0.73
-2.94307,-4.69673,0.75
-3.45638,-4.47931,0.76
-3.24727,-4.79676,0.76
-3.23891,-6.61154,0.76
-2.8575,-4.43477,0.76
-3.01458,-5.84391,0.76
-3.46392,-4.75487,0.76
-3.31831,-4.69367,0.76
-3.46811,-4.23227,0.75
-3.41825,-5.20048,0.75
-2.76572,-5.09745,0.76
-4.07694,-4.71131,0.76
-3.28516,-5.0554,0.76
-1.65108,-4.53224,0.76
-4.41933,-5.61047,0.76
-2.50764,-4.87205,0.76
-3.71622,-5.90464,0.76
-3.98554,-5.18328,0.76
-3.78177,-5.82243,0.73
-2.90473,-3.74756,0.76
-2.33445,-4.73163,0.75
-3.93524,-6.68126,0.75
-2.51365,-4.7402,0.75
-3.76156,-6.89784,0.75
-2.92318,-6.04357,0.75
-3.69555,-5.20353,0.76
-3.27315,-5.31211,0.76
-2.63577,-4.79025,0.76
-2.90404,-6.27213,0.73
-3.98919,-5.23335,0.76
-2.69768,-5.4224,0.73
-2.75179,-5.52599,0.76
-2.90485,-6.39184,0.72
-4.64945,-5.70219,0.76
-3.37685,-5.01062,0.75
-2.95147,-6.39561,0.75
-0.644971,-5.42963,0.73
-2.81321,-5.06354,0.75
-4.21505,-5.05948,0.76
-2.7572,-5.11739,0.76
-3.51773,-4.88306,0.76
-1.79517,-4.58531,0.73
-3.39554,-5.17553,0.76
-2.74909,-4.45517,0.76
-3.38396,-4.7711,0.76
-2.41499,-5.31573,0.75
-2.88532,-5.91351,0.73
-3.7129,-4.93952,0.75
-4.72079,-6.69612,0.76
-3.49227,-5.63995,0.75
-3.4391,-5.11876,0.75
-3.0699,-5.41206,0.76
-3.48508,-6.79773,0.73
-3.75357,-5.57973,0.76
-3.07199,-3.83495,0.76
-2.70641,-5.26808,0.76
-3.87615,-4.84714,0.76
-3.46371,-5.47938,0.75
-3.29242,-6.51622,0.73
-2.77249,-4.38142,0.76
-3.32718,-4.54195,0.76
-3.65063,-3.82803,0.76
-3.2958,-4.25987,0.76
-2.96224,-4.80129,0.75
-4.09862,-5.66412,0.75
-2.6701,-5.62309,0.75
-2.37063,-4.44813,0.76
-3.33571,-5.02809,0.76
-3.38549,-5.333,0.76
-3.55212,-6.52949,0.76
-4.05206,-6.04588,0.75
-2.04252,-4.77786,0.76
-3.18125,-4.79296,0.76
-3.25073,-5.1143,0.76
-2.86456,-4.53163,0.76
-3.00818,-4.53349,0.76
-3.22866,-4.06352,0.76
-3.03354,-5.20136,0.76
-4.34468,-5.59239,0.75
-3.51892,-5.48499,0.73
-2.59539,-5.21405,0.76
-3.28858,-5.37403,0.76
-3.17042,-4.93427,0.76
-2.71537,-4.72123,0.76
-3.5874,-4.45079,0.76
-2.33772,-5.76382,0.76
-3.90333,-5.14079,0.76
-4.22655,-5.98499,0.76
-4.03296,-5.76548,0.76
-3.25622,-4.2538,0.76
-3.26343,-6.19693,0.73
-3.93879,-4.19922,0.76
-3.30911,-4.95123,0.75
-2.92173,-5.196,0.75
-3.05173,-5.55998,0.76
-2.82764,-4.58819,0.76
-2.03592,-4.30023,0.76
-3.20802,-4.80504,0.76
-3.07412,-5.47079,0.73
-3.53106,-5.76413,0.76
-2.30244,-5.51031,0.73
-3.14538,-4.65706,0.76
-3.40235,-5.05405,0.76
-2.81747,-4.64031,0.76
-2.25523,-5.01307,0.75
-2.52721,-4.85485,0.76
-4.03501,-5.65386,0.76
-3.65841,-6.56455,0.75
-3.37561,-4.66682,0.76
-5.11603,-6.18118,0.76
-3.31494,-4.83831,0.75
-2.94859,-4.60174,0.76
-3.53608,-4.87117,0.76
-3.44125,-5.92044,0.76
-4.00625,-4.68994,0.76
-3.80773,-4.71299,0.76
-4.23667,-5.71353,0.76
-3.12023,-5.90691,0.75
-4.24053,-5.56195,0.76
-4.16943,-5.53129,0.76
-3.3853,-6.18964,0.76
-3.9175,-4.94351,0.76
-2.60347,-4.74433,0.76
-1.91416,-4.92112,0.75
-2.94663,-6.38942,0.75
-2.03811,-5.35407,0.75
-2.87136,-4.71916,0.75
-3.13492,-4.63743,0.76
-3.40793,-5.72553,0.75
-4.13707,-4.80068,0.76
-3.11305,-4.49882,0.76
-2.41092,-4.85886,0.76
-2.53674,-6.44479,0.73
-3.35,-4.32272,0.76
-3.8888,-4.32329,0.75
-3.19999,-5.54082,0.76
-3.14011,-6.28009,0.73
-3.85645,-4.50105,0.76
-3.00276,-5.24675,0.76
-2.59562,-5.77106,0.76
-2.98494,-6.56661,0.75
-4.18237,-6.40027,0.76
-3.50686,-4.09873,0.76
-3.40568,-5.21193,0.76
-3.15352,-5.12877,0.73
-2.38015,-5.37221,0.76
-1.96851,-5.51669,0.73
-2.77565,-4.31135,0.76
-4.59586,-6.3741,0.75
-2.92651,-5.76949,0.76
-4.14886,-5.92128,0.76
-2.72436,-4.18152,0.76
-2.53975,-5.00664,0.76
-3.72172,-4.63923,0.76
-2.31815,-4.50444,0.76
-4.38306,-5.65629,0.76
-4.19464,-5.74422,0.76
-3.07997,-6.41908,0.76
-4.68135,-6.05223,0.76
-3.17283,-5.04981,0.76
-2.76929,-4.90732,0.75
-3.32979,-5.46078,0.76
-3.17103,-5.32754,0.76
-4.02266,-6.73566,0.76
-3.77534,-5.872,0.75
-4.51441,-5.94962,0.76
-3.72006,-6.06426,0.75
-3.36288,-5.01703,0.75
-3.29869,-4.4208,0.76
-3.61635,-5.31746,0.75
-2.85819,-5.77231,0.76
-3.62553,-5.65967,0.76
-3.62681,-5.945,0.76
-3.13907,-4.63893,0.75
-3.83589,-6.70758,0.76
-3.43676,-5.43969,0.76
-3.5141,-5.0042,0.76
-3.39667,-6.10831,0.73
-3.14526,-4.66233,0.76
-3.16342,-5.85285,0.73
-3.77592,-6.13767,0.75
-3.23734,-5.48885,0.76
-2.32812,-4.66435,0.76
-3.66996,-5.7284,0.76
-3.37103,-5.53088,0.76
-2.57662,-5.60569,0.76
-3.9299,-4.69489,0.75
-3.81987,-5.19399,0.76
-4.75339,-6.05319,0.76
-2.75275,-7.0513,0.71
-2.46071,-5.39922,0.75
-2.03027,-5.43971,0.75
-3.67736,-6.34359,0.73
-3.74284,-5.09323,0.76
-2.92963,-4.62546,0.76
-3.06341,-5.38396,0.76
-2.50493,-4.84407,0.73
-2.67353,-5.71459,0.76
-2.53237,-7.63547,0.71
-2.6631,-5.88258,0.75
-3.99648,-5.19197,0.76
-3.83987,-7.33872,0.73
-2.61809,-5.59191,0.73
-4.36182,-5.64316,0.76
-3.41526,-4.98024,0.75
-2.69881,-4.24327,0.76
-2.95864,-5.55014,0.76
-4.55035,-6.16274,0.76
-3.54796,-6.22887,0.76
-3.91829,-5.00949,0.76
-3.09273,-4.26454,0.76
-3.41754,-6.12051,0.73
-4.34054,-4.43357,0.76
-3.87441,-4.84675,0.76
-2.82345,-5.83046,0.76
-3.16137,-4.88252,0.75
-3.14109,-6.59129,0.75
-3.53075,-4.83004,0.76
-2.90383,-4.15711,0.76
-2.38441,-4.93018,0.76
-3.66286,-4.66711,0.75
-4.64819,-5.70421,0.75
-3.06227,-4.41905,0.75
-3.11204,-6.60827,0.76
-3.87435,-5.77409,0.73
-2.73919,-5.15482,0.73
-3.24215,-4.8208,0.76
-3.2773,-5.75682,0.76
-2.4739,-4.17898,0.76
-2.96764,-4.85379,0.75
-2.45455,-5.81314,0.73
-3.56231,-6.18865,0.75
-3.08112,-5.81509,0.73
-4.05795,-5.29429,0.76
-1.65702,-4.57115,0.76
-3.36504,-4.44138,0.76
-3.92386,-6.72469,0.75
-4.08266,-4.29205,0.76
-3.17656,-6.68789,0.73
-3.21099,-4.89334,0.75
-3.21241,-5.62615,0.76
-3.88505,-4.74566,0.75
-3.47283,-4.0987,0.76
-2.54568,-6.23175,0.73
-3.90085,-4.33825,0.76
-1.90269,-4.69351,0.76
-3.70024,-5.98457,0.75
-2.55009,-5.01551,0.76
-2.95973,-5.57329,0.76
-3.25044,-5.05844,0.76
-3.30193,-5.72833,0.73
-4.88059,-5.9098,0.76
-3.24666,-4.7022,0.76
-2.91148,-5.39458,0.75
-4.1694,-7.42724,0.73
-3.55816,-5.46923,0.76
-2.4071,-4.82213,0.76
-2.65855,-5.41974,0.76
-4.27627,-6.56688,0.73
-3.4418,-5.83847,0.76
-3.76084,-4.2309,0.75
-1.96479,-4.96017,0.76
-4.57318,-6.06554,0.76
-3.00365,-4.99827,0.75
-2.43538,-4.44981,0.75
-2.41057,-4.88954,0.76
-2.45455,-4.46822,0.76
-1.51152,-4.88897,0.76
-2.76486,-5.11511,0.76
-3.64178,-4.63135,0.76
-4.89525,-6.42771,0.76
-2.92876,-3.78662,0.76
-3.03094,-4.42565,0.76
-2.60013,-4.2864,0.76
-2.57499,-5.0955,0.75
-4.26995,-5.72071,0.76
-4.66148,-6.2979,0.73
-3.46745,-5.85582,0.75
-4.11619,-5.57353,0.75
-2.50369,-5.3535,0.76
-3.58422,-5.37341,0.73
-3.92241,-4.09674,0.76
-2.87373,-5.45845,0.76
-4.47208,-5.37063,0.75
-3.01755,-5.39119,0.76
-2.65708,-5.11976,0.76
-2.40846,-5.06792,0.75
-2.8328,-4.68522,0.76
-3.85548,-5.77657,0.76
-3.84336,-5.84759,0.75
-2.49103,-5.45063,0.76
-3.58674,-5.48893,0.76
-3.71388,-5.00076,0.75
-3.52726,-5.72843,0.76
-3.01588,-5.61338,0.76
-3.58278,-6.66075,0.76
-2.64593,-4.66855,0.75
-1.90044,-5.3459,0.73
-4.01931,-5.93713,0.73
-2.12234,-4.60672,0.76
-4.01014,-5.36304,0.76
-2.77415,-5.41156,0.76
-3.57012,-4.7669,0.76
-1.50421,-7.04995,0.73
-2.81844,-4.20063,0.75
-2.59139,-5.34223,0.76
-1.94461,-4.97878,0.76
-3.34641,-5.58056,0.73
-3.42494,-5.67138,0.76
-4.10302,-4.75378,0.76
-3.92905,-6.50747,0.76
-3.02527,-5.32411,0.76
-3.43569,-5.91098,0.75
-2.6241,-6.49326,0.73
-2.80737,-4.89091,0.76
-3.62165,-4.88466,0.76
-4.07238,-7.45984,0.72
-3.54085,-4.3654,0.76
-2.91825,-5.86682,0.73
-2.70376,-4.41887,0.76
-3.39747,-5.32146,0.75
-3.03218,-4.58283,0.76
-3.0871,-5.34552,0.76
-3.37925,-4.98332,0.76
-3.77517,-5.56127,0.76
-3.43836,-4.78605,0.76
-3.013,-5.21298,0.75
-3.62298,-6.97597,0.73
-2.91203,-5.5056,0.75
-2.68524,-5.38671,0.76
-3.18078,-4.56358,0.76
-2.69945,-5.00382,0.76
-3.51261,-5.23149,0.76
-2.22915,-5.3505,0.76
-3.87154,-5.8297,0.76
-2.72605,-4.62434,0.76
-3.17074,-5.53144,0.76
-3.19131,-5.90706,0.76
-3.3372,-4.6652,0.76
-3.69309,-5.52529,0.76
-2.98293,-3.96236,0.76
-5.19349,-5.92585,0.75
-2.63987,-4.66968,0.76
-3.59358,-4.71098,0.76
-3.31923,-5.19684,0.76
-4.39379,-6.39117,0.75
-1.50845,-4.99768,0.76
-3.2507,-5.41075,0.76
-3.84451,-6.46183,0.73
-1.94116,-6.70165,0.72
-3.34242,-5.43832,0.76
-2.24472,-4.62272,0.76
-4.56483,-5.59406,0.76
-4.56869,-6.4544,0.75
-2.91097,-6.83021,0.73
-4.02724,-4.11805,0.76
-4.37247,-4.78125,0.75
-3.63155,-5.10347,0.75
-2.56711,-5.60337,0.76
-3.87367,-5.37126,0.75
-4.03842,-6.16897,0.75
-4.23323,-6.42125,0.73
-4.10789,-6.06839,0.75
-4.25788,-6.37725,0.76
-3.13766,-5.03478,0.76
-2.29437,-4.64101,0.76
-4.42707,-5.2996,0.76
-3.16195,-4.99807,0.76
-2.90248,-5.54678,0.76
-3.28082,-4.89051,0.76
-3.02474,-4.56835,0.76
-2.96501,-5.12185,0.76
-2.40265,-5.21582,0.76
-4.15382,-5.29144,0.76
-3.34478,-5.14397,0.76
-3.95473,-5.25416,0.75
-3.78325,-5.4783,0.75
-3.6372,-4.75481,0.76
-2.82543,-4.44152,0.76
-3.74763,-5.19171,0.76
-4.22071,-5.32825,0.76
-3.86247,-5.38544,0.75
-3.32455,-5.34639,0.75
-2.86802,-4.90368,0.76
-2.39407,-4.81573,0.75
-3.14424,-5.1104,0.76
-4.14409,-5.38782,0.76
-2.83273,-6.20441,0.76
-3.14471,-4.88219,0.76
-3.53804,-4.83851,0.76
-3.45874,-4.42206,0.76
-4.11994,-3.98691,0.76
-3.47487,-4.71219,0.76
-3.68551,-5.80939,0.73
-3.62323,-6.21978,0.72
-3.01625,-4.90733,0.76
-3.85171,-6.08484,0.76
-3.64841,-4.86419,0.76
-2.93943,-4.35435,0.76
-3.81617,-5.62697,0.76
-4.62452,-4.72671,0.76
-3.1139,-5.12465,0.76
-3.51549,-4.35053,0.76
-2.81528,-6.16439,0.73
-4.01752,-6.0262,0.76
-2.82079,-5.63253,0.76
-2.31016,-5.19467,0.76
-3.21393,-4.62394,0.76
-3.58407,-5.51712,0.75
-2.9788,-5.89374,0.76
-3.63422,-6.131,0.75
-4.03325,-5.30113,0.76
-3.46175,-6.12234,0.76
-3.9476,-4.90822,0.76
-2.4646,-5.40804,0.76
-3.41194,-4.58432,0.76
-3.25126,-4.65908,0.76
-3.17111,-6.84048,0.73
-3.48082,-4.39162,0.76
-2.95339,-4.09311,0.76
-3.11132,-5.1423,0.76
-4.22078,-4.82454,0.76
-2.59688,-3.94869,0.76
-3.76104,-5.5023,0.76
-3.67657,-6.11881,0.76
-2.65092,-5.13374,0.75
-3.72166,-6.1096,0.76
-2.40819,-5.07717,0.75
-2.20982,-6.41981,0.72
-3.75442,-5.10125,0.75
-3.7681,-4.23838,0.75
-3.14818,-4.09279,0.76
-3.90752,-5.54813,0.75
-2.83939,-4.53789,0.76
-3.7296,-5.14804,0.76
-3.20224,-4.65444,0.76
-2.85235,-5.00039,0.76
-2.75912,-4.08124,0.76
-3.21771,-6.09008,0.72
-2.55066,-5.61279,0.76
-3.54741,-5.36764,0.75
-4.19613,-7.09925,0.76
-2.67098,-6.50149,0.72
-3.81973,-5.91083,0.75
-2.72765,-4.32965,0.76
-3.93231,-5.30997,0.76
-4.04844,-6.00884,0.76
-3.07218,-4.65007,0.76
-3.40773,-6.13598,0.73
-2.69226,-4.55384,0.76
-2.10676,-4.52215,0.76
-3.07633,-5.81374,0.75
-4.03752,-4.34613,0.76
-3.00642,-5.15294,0.76
-2.98783,-5.39546,0.73
-2.68483,-5.18108,0.76
-2.31435,-3.92474,0.76
-3.66191,-5.28027,0.76
-2.1382,-5.39883,0.75
-3.04727,-5.36088,0.75
-3.99518,-5.01078,0.76
-2.68749,-7.65205,0.71
-3.24586,-4.87865,0.76
-2.84354,-5.26851,0.76
-3.71233,-6.02444,0.76
-3.01578,-6.37343,0.75
-3.37457,-5.17949,0.76
-3.62408,-5.90739,0.76
-2.61641,-5.2073,0.76
-4.03002,-4.67789,0.76
-2.14592,-5.00914,0.76
-3.10629,-5.59022,0.76
-3.81412,-3.81631,0.76
-4.0096,-4.72775,0.75
-3.59876,-6.03887,0.75
-2.60509,-4.81617,0.76
-3.0749,-4.96311,0.76
-1.93514,-4.75815,0.76
-3.22238,-5.08516,0.76
-2.42187,-4.20451,0.76
-2.86588,-4.55398,0.76
-4.0174,-5.35297,0.76
-5.51407,-6.16592,0.73
-3.04058,-5.56736,0.76
-2.85402,-5.42175,0.76
-2.90133,-4.94471,0.75
-3.4287,-4.75393,0.75
-2.42565,-4.91701,0.76
-3.59075,-5.64222,0.75
-3.54126,-4.31272,0.76
-4.24727,-5.81658,0.76
-4.3258,-5.07846,0.76
-2.42476,-4.14612,0.76
-3.64743,-4.17447,0.76
-4.54682,-6.50512,0.75
-3.81257,-5.88136,0.73
-2.87735,-4.7045,0.76
-3.45881,-3.82871,0.76
-3.85006,-5.84333,0.76
-3.20689,-5.6376,0.76
-2.58436,-4.56466,0.76
-3.36592,-4.4251,0.76
-3.04778,-5.53512,0.75
-3.08641,-6.15606,0.76
-3.4665,-4.84198,0.76
-4.22626,-7.21727,0.76
-4.29032,-6.08752,0.76
-2.37621,-4.65564,0.76
-3.09174,-5.38364,0.76
-2.88019,-4.4677,0.76
-2.02895,-5.15367,0.73
-2.88767,-7.0998,0.75
-4.1935,-5.08058,0.76
-2.70799,-5.18374,0.76
-3.55047,-5.95886,0.73
-3.33647,-5.48757,0.75
-3.73541,-5.02505,0.76
-3.99756,-5.86873,0.76
-2.96887,-5.2188,0.75
-5.1391,-6.27665,0.76
-3.11693,-4.58625,0.76
-3.75912,-4.98468,0.76
-3.93551,-5.86151,0.76
-2.95224,-5.46853,0.76
-3.76667,-5.41667,0.76
-2.40218,-5.49323,0.73
-3.92345,-5.85966,0.75
-3.78938,-6.90745,0.73
-2.69808,-5.16586,0.76
-3.44344,-4.76239,0.76
-2.28593,-4.93403,0.76
-4.53921,-5.85054,0.76
-2.23212,-5.01769,0.76
-3.01037,-5.11099,0.76
-2.59325,-4.44855,0.76
-2.85898,-4.17306,0.76
-2.62251,-4.5078,0.76
-3.73202,-5.1681,0.76
-3.11806,-5.41854,0.76
-2.93873,-4.29371,0.76
-3.59194,-5.93832,0.76
-2.97163,-4.51482,0.75
-3.57387,-5.00293,0.75
-2.92166,-4.31787,0.76
-3.72443,-5.59512,0.76
-2.65263,-6.06603,0.73
-3.81875,-4.66039,0.76
-3.17261,-4.565,0.76
-3.70698,-5.02162,0.76
-2.87264,-4.82124,0.73
-3.09302,-4.95902,0.76
-3.34599,-4.85443,0.76
-3.38321,-4.59341,0.76
-3.47605,-6.58892,0.76
-2.18076,-6.31012,0.76
-2.7497,-4.36459,0.76
-3.24682,-4.72031,0.76
-3.23851,-5.57158,0.76
-2.38944,-4.1944,0.76
-2.76824,-6.35467,0.75
-4.10257,-6.02301,0.76
-3.80678,-7.63571,0.73
-3.06284,-5.41157,0.75
-3.59441,-5.00443,0.76
-3.34807,-5.71475,0.75
-2.88207,-5.52033,0.73
-2.93946,-4.86057,0.73
-3.87435,-5.42482,0.75
-3.34013,-4.91228,0.76
-3.14072,-5.20383,0.76
-3.65808,-5.4115,0.73
-3.09783,-5.51779,0.76
-2.82639,-5.28294,0.76
-2.77875,-4.0886,0.76
-2.77673,-4.81416,0.76
-3.11298,-4.88777,0.75
-4.11681,-7.54296,0.73
-3.82636,-5.29514,0.76
-3.41881,-5.33205,0.75
-3.58344,-5.12624,0.76
-3.53201,-4.79191,0.76
-3.58265,-5.33711,0.76
-3.30772,-5.40798,0.76
-4.22305,-7.06164,0.73
-3.03491,-5.62466,0.76
-2.67692,-5.18018,0.75
-3.2238,-5.06243,0.76
-2.09262,-5.5315,0.73
-2.95853,-5.35786,0.75
-3.94673,-4.70834,0.76
-2.44683,-5.17092,0.76
-2.71463,-5.50025,0.75
-2.92431,-4.88983,0.76
-2.58736,-5.90625,0.75
-3.5587,-4.73834,0.76
-3.24461,-5.66182,0.76
-2.47303,-5.4948,0.73
-3.55209,-4.68129,0.76
-1.73578,-6.55166,0.71
-3.67636,-6.22511,0.76
-4.80165,-6.06338,0.76
-3.31015,-4.97202,0.76
-4.36635,-6.52613,0.73
-2.61541,-4.28297,0.76
-3.45645,-5.72962,0.76
-3.77849,-5.05988,0.76
-2.61478,-6.3265,0.76
-4.49002,-6.40061,0.73
-2.22116,-5.46533,0.73
-5.13098,-8.3486,0.73
-3.47154,-5.01598,0.76
-2.29812,-6.03117,0.75
-3.29944,-5.31288,0.76
-2.81102,-5.80554,0.76
-4.31953,-6.2456,0.75
-3.93335,-6.25416,0.76
-3.7769,-6.34501,0.76
-4.04264,-5.34719,0.76
-2.28671,-5.03868,0.73
-3.56008,-5.66804,0.76
-3.39155,-6.21194,0.76
-4.18122,-5.66155,0.76
-3.8542,-5.45699,0.76
-2.24708,-6.56023,0.73
-3.37541,-6.50682,0.73
-3.41385,-6.34244,0.75
-3.44546,-5.09154,0.76
-2.67949,-4.15153,0.76
-3.5637,-4.62682,0.76
-3.14567,-4.318,0.76
-3.36334,-4.19449,0.76
-3.11859,-3.87134,0.76
-3.57713,-6.60499,0.75
-3.80612,-5.79256,0.76
-1.88706,-5.04835,0.76
-3.45471,-5.92657,0.76
-3.35492,-6.03923,0.76
-3.61576,-6.63443,0.76
-3.21615,-4.63694,0.76
-3.36988,-5.60576,0.76
-3.04066,-5.86074,0.76
-4.41265,-4.37572,0.76
-2.97119,-5.19088,0.75
-4.24239,-5.86561,0.76
-3.58619,-5.8443,0.75
-2.26699,-5.68013,0.75
-3.95298,-5.72689,0.75
-3.30647,-5.18354,0.76
-3.63688,-6.55992,0.73
-4.14265,-6.32615,0.75
-3.77933,-4.68857,0.76
-2.78411,-4.41029,0.76
-2.86662,-5.08333,0.75
-2.60637,-5.0908,0.76
-3.92699,-6.1711,0.75
-5.47087,-5.95022,0.76
-4.2541,-4.77259,0.75
-4.25028,-5.25333,0.76
-3.39481,-4.69749,0.76
-3.43567,-4.77432,0.76
-4.28773,-5.22542,0.76
-2.53688,-5.48919,0.76
-2.95017,-4.35332,0.76
-2.87403,-4.56233,0.76
-3.32687,-4.73306,0.76
-3.38315,-4.67536,0.75
-3.54209,-5.5195,0.75
-3.0333,-5.68049,0.73
-4.20613,-4.33946,0.76
-3.65888,-5.34286,0.76
-3.96598,-5.21192,0.76
-2.86199,-4.42902,0.76
-2.63036,-4.96013,0.76
-3.01541,-5.96983,0.73
-3.2567,-5.08711,0.76
-4.40237,-5.25538,0.76
-2.43929,-4.55295,0.75
-3.84926,-6.1059,0.76
-3.88089,-5.28259,0.75
-3.84879,-6.37844,0.73
-4.07914,-5.80849,0.76
-3.3567,-5.8478,0.73
-3.40486,-4.77389,0.76
-3.46743,-5.18316,0.76
-3.01828,-4.64129,0.76
-3.02141,-3.77759,0.76
-2.85992,-4.77997,0.75
-3.01757,-5.8146,0.75
-3.74633,-4.76503,0.76
-3.11023,-5.04625,0.73
-2.92501,-7.03231,0.75
-3.16031,-4.3627,0.76
-3.32019,-5.58565,0.76
-2.44482,-5.10007,0.76
-2.67411,-5.4986,0.76
-3.01563,-4.57909,0.76
-2.97295,-5.31871,0.76
-3.7542,-6.21148,0.73
-3.20368,-5.87596,0.76
-2.78418,-6.36795,0.76
-2.35533,-4.73581,0.75
-3.60139,-5.29204,0.76
-3.79021,-6.11735,0.76
-2.4461,-5.95655,0.75
-2.45174,-4.9754,0.76
-4.28541,-6.00924,0.76
-3.50083,-4.34042,0.76
-4.28067,-5.39887,0.76
-3.73836,-5.76435,0.75
-4.42931,-7.46117,0.73
-4.08004,-5.79203,0.75
-2.70777,-4.26035,0.76
-3.62056,-5.06369,0.76
-2.97196,-4.66004,0.75
-2.53895,-4.62348,0.76
-3.79946,-5.61141,0.76
-3.13507,-5.42325,0.76
-4.00768,-4.53617,0.76
-3.03754,-4.98195,0.76
-3.22358,-4.97059,0.76
-3.82089,-5.39707,0.76
-4.03981,-4.75166,0.76
-3.41628,-4.44646,0.76
-2.04137,-5.76455,0.73
-3.67871,-4.9721,0.76
-1.25646,-5.96884,0.76
-2.74448,-5.67783,0.76
-2.92115,-5.54612,0.73
-3.67228,-7.01829,0.73
-1.70204,-5.20538,0.72
-3.07206,-6.17267,0.76
-3.02816,-4.45308,0.76
-4.25311,-5.09105,0.76
-2.82783,-4.79206,0.76
-6.06796,-7.29532,0.75
-3.16201,-4.11382,0.76
-3.96414,-4.47411,0.76
-2.47949,-5.19925,0.76
-1.16629,-5.82516,0.72
-3.68964,-5.17181,0.76
-4.43527,-5.90641,0.76
-3.32668,-5.12697,0.76
-3.81879,-5.00777,0.75
-3.54858,-5.27468,0.75
-2.58718,-4.70153,0.76
-3.05446,-4.14115,0.76
-2.51421,-4.63735,0.76
-3.59375,-5.44502,0.76
-4.84515,-7.10943,0.73
-3.79977,-6.86003,0.73
-2.48315,-4.64716,0.76
-2.36904,-4.9995,0.76
-3.10592,-5.00947,0.76
-2.3322,-6.26163,0.76
-3.47148,-4.52883,0.76
-3.85062,-5.27914,0.76
-3.03825,-4.09684,0.76
-3.14449,-4.50736,0.76
-4.54383,-7.14798,0.76
-2.54741,-5.69172,0.73
-3.47559,-5.05237,0.76
-1.58135,-5.42321,0.72
-3.66221,-5.57678,0.75
-3.303,-4.82829,0.76
-3.02532,-5.52163,0.76
-3.41688,-4.87087,0.75
-2.5894,-5.07205,0.76
-4.13995,-5.00827,0.76
-3.75692,-7.0432,0.73
-2.59615,-4.05057,0.76
-3.85013,-6.17603,0.76
-3.75507,-4.69376,0.76
-2.82283,-4.56111,0.76
-4.11292,-6.41991,0.76
-2.25947,-4.83389,0.76
-3.37362,-5.70133,0.76
-3.7391,-5.22978,0.75
-2.16097,-5.10245,0.76
-2.45371,-5.29374,0.76
-4.22116,-5.6456,0.76
-2.6862,-5.16733,0.76
-2.13155,-5.64325,0.73
-2.23835,-7.21157,0.72
-3.01731,-6.15978,0.73
-4.70154,-7.16966,0.75
-2.71413,-4.17175,0.76
-3.91311,-6.37989,0.75
-2.41342,-5.05353,0.76
-3.85016,-4.55125,0.76
-3.20386,-4.80844,0.76
-4.61302,-5.53485,0.76
-2.77998,-4.76036,0.76
-3.18157,-5.32947,0.76
-4.4693,-6.23111,0.76
-2.89157,-5.26432,0.75
-3.54117,-5.28318,0.76
-3.11531,-4.72015,0.76
-2.61221,-6.44764,0.72
-2.20855,-4.43474,0.76
-2.62294,-4.4,0.76
-1.86973,-5.282,0.73
-4.17098,-4.66192,0.76
-2.72181,-5.76976,0.73
-2.85302,-4.45612,0.76
-2.7825,-4.49497,0.76
-3.64817,-6.23555,0.75
-3.45445,-5.6184,0.75
-2.85425,-5.5764,0.76
-4.0535,-5.53033,0.76
-3.51618,-5.42236,0.75
-2.89329,-5.17649,0.76
-3.1884,-6.03652,0.75
-2.8185,-4.59661,0.76
-2.52882,-6.29525,0.73
-3.76704,-5.68183,0.73
-3.63642,-5.74336,0.75
-2.41706,-6.22232,0.76
-3.77113,-4.59945,0.76
-3.65808,-8.07877,0.72
-3.58486,-4.72878,0.76
-2.8717,-5.87693,0.73
-3.4331,-5.19102,0.76
-2.57652,-5.22594,0.76
-3.04452,-4.11661,0.76
-3.12417,-4.56674,0.76
-1.68066,-5.10869,0.75
-3.06204,-4.98347,0.76
-2.43264,-4.29337,0.76
-2.60549,-4.54083,0.76
-2.45737,-5.83426,0.75
-2.71741,-5.12759,0.76
-4.22223,-5.52878,0.76
-1.12182,-7.22168,0.72
-4.51991,-5.63917,0.76
-3.18919,-5.47368,0.76
-3.98073,-4.21621,0.76
-3.93753,-4.95827,0.75
-2.78359,-5.76925,0.73
-2.54208,-4.72485,0.76
-3.86511,-6.34828,0.73
-4.54221,-5.74254,0.76
-2.17297,-5.02064,0.73
-2.11163,-6.20171,0.72
-3.55237,-5.33604,0.76
-3.93956,-4.99422,0.76
-3.50141,-5.93483,0.73
-3.14262,-4.44949,0.76
-3.81121,-5.17389,0.75
-3.09397,-4.95488,0.76
-3.63565,-3.6451,0.76
-3.0519,-4.99902,0.76
-4.03584,-5.91363,0.76
-3.66895,-6.90431,0.76
-3.12997,-6.31392,0.72
-2.72069,-6.01531,0.75
-3.1531,-4.64332,0.76
-2.94277,-5.08544,0.73
-2.34975,-5.28324,0.76
-4.68362,-6.4843,0.73
-2.83113,-5.15152,0.75
-3.46705,-4.45404,0.76
-2.45488,-5.41024,0.75
-2.80603,-5.0786,0.76
-3.45309,-4.75966,0.76
-2.52745,-4.8435,0.73
-3.06204,-5.47882,0.75
-4.66039,-5.64387,0.76
-3.31393,-4.93265,0.76
-2.84851,-5.28423,0.76
-2.82888,-5.79959,0.73
-4.80218,-5.80602,0.76
-2.68389,-5.82351,0.76
-3.11286,-3.58322,0.76
-3.27756,-5.14431,0.76
-4.10882,-5.48788,0.75
-2.35907,-4.67776,0.76
-3.64227,-4.94734,0.75
-4.88569,-7.16164,0.75
-1.97229,-4.59351,0.75
-2.67537,-5.37444,0.76
-2.25462,-4.32557,0.76
-3.07582,-4.61045,0.76
-3.84681,-5.1145,0.76
-3.30265,-5.91823,0.76
-3.66954,-4.89301,0.76
-3.11048,-6.15301,0.73
-3.4237,-4.80858,0.76
-3.22876,-5.01277,0.76
-4.23482,-4.90228,0.76
-1.62004,-6.80562,0.72
-2.88216,-4.3732,0.75
-3.36034,-6.1378,0.76
-2.42095,-5.7099,0.76
-4.49175,-6.62154,0.73
-3.26342,-4.23003,0.76
-3.90351,-6.19087,0.76
-3.33927,-5.11889,0.76
-3.67309,-5.65027,0.76
-3.32721,-4.66948,0.76
-3.78616,-5.03887,0.75
-2.54743,-4.85409,0.76
-3.01199,-4.52317,0.76
-3.16629,-5.08617,0.75
-1.37418,-5.77475,0.73
-3.07877,-5.01254,0.75
-3.3878,-6.32126,0.76
-3.39856,-4.12196,0.76
-3.06295,-4.57025,0.76
-2.39249,-5.49091,0.76
-2.85985,-5.08869,0.76
-3.16268,-5.2875,0.73
-3.49437,-4.29033,0.76
-2.55919,-5.16995,0.75
-3.54855,-4.7325,0.76
-4.00612,-5.78733,0.75
-4.36303,-4.95257,0.75
-2.42792,-4.48811,0.76
-3.56846,-5.19896,0.76
-3.03251,-5.37248,0.75
-2.86769,-5.24282,0.76
-3.31642,-5.00836,0.76
-2.88733,-5.14183,0.76
-2.30876,-4.63248,0.76
-2.31751,-4.15925,0.76
-3.5672,-5.4602,0.76
-4.41,-5.75049,0.76
-3.88851,-6.24951,0.76
-2.32391,-5.48269,0.76
-3.47939,-3.79181,0.76
-3.36184,-5.11176,0.76
-1.61482,-5.54914,0.73
-3.88804,-5.0971,0.76
-3.05674,-4.46072,0.76
-3.11169,-4.78078,0.76
-3.98104,-7.43559,0.73
-2.91521,-5.93211,0.75
-3.89563,-5.64864,0.76
-2.65358,-4.96022,0.73
-4.57643,-7.30398,0.73
-3.09241,-4.90527,0.76
-3.66662,-6.07327,0.73
-2.58954,-6.01711,0.76
-1.67835,-5.85638,0.73
-3.23258,-4.5791,0.73
-2.65564,-5.36319,0.76
-2.55462,-5.51003,0.76
-3.44651,-5.91679,0.76
-2.2626,-6.02261,0.73
-3.43104,-6.02099,0.73
-2.49035,-4.79732,0.76
-4.40804,-6.17705,0.76
-3.85476,-5.53662,0.76
-2.7857,-5.15759,0.76
-3.49619,-5.34533,0.76
-3.33237,-5.11766,0.76
-3.60489,-4.79902,0.75
-3.60199,-5.82601,0.75
-3.0129,-4.85083,0.76
-3.74882,-4.72406,0.76
-3.99763,-6.32393,0.75
-3.08905,-4.52717,0.76
-3.00889,-4.86006,0.76
-3.37898,-4.52117,0.76
-3.6089,-4.78806,0.76
-2.40548,-5.01155,0.76
-3.26487,-4.9626,0.76
-2.20153,-5.16609,0.75
-3.40725,-7.15945,0.72
-1.88813,-4.52227,0.76
-3.24297,-5.41111,0.76
-3.92908,-4.72059,0.75
-2.09047,-5.33738,0.76
-3.0657,-5.51609,0.75
-3.26057,-4.75105,0.75
-3.50059,-5.02208,0.76
-2.03523,-4.47929,0.76
-3.01046,-5.39006,0.76
-3.7093,-6.14043,0.76
-3.42941,-5.3023,0.76
-3.37755,-3.96573,0.76
-3.34379,-5.33902,0.76
-2.19631,-5.54359,0.75
-3.12984,-4.40232,0.76
-2.924,-5.24896,0.76
-3.93009,-4.00689,0.76
-3.63524,-4.05782,0.76
-3.52061,-4.8598,0.76
-3.064,-5.17249,0.75
-4.39059,-5.92529,0.73
-4.0808,-4.32862,0.75
-2.54142,-5.01154,0.76
-3.41228,-4.58374,0.76
-2.65583,-4.84372,0.76
-3.02618,-5.0036,0.75
-2.70427,-5.08377,0.76
-4.26957,-5.55792,0.76
-1.91131,-5.64561,0.72
-2.55699,-4.95237,0.76
-3.98262,-5.0723,0.76
-3.11663,-3.78598,0.76
-4.96998,-6.57329,0.75
-4.02474,-5.86673,0.76
-3.71262,-6.0429,0.73
-2.61269,-5.42621,0.76
-3.08056,-5.25193,0.75
-2.80417,-6.1747,0.73
-3.65744,-5.72772,0.76
-3.75187,-4.81958,0.76
-4.38267,-4.75461,0.76
-3.99949,-5.74452,0.76
-2.73873,-5.45469,0.73
-3.7994,-5.93766,0.76
-2.50986,-5.38862,0.73
-3.58314,-5.19087,0.76
-2.89166,-4.65619,0.76
-3.6189,-4.35738,0.76
-4.08602,-6.17064,0.75
-3.19278,-5.21502,0.75
-2.84564,-5.16905,0.75
-3.30421,-5.81413,0.75
-3.52624,-5.06276,0.76
-4.07194,-5.68998,0.76
-3.16863,-4.60935,0.76
-4.65602,-6.75528,0.73
-2.69934,-5.37764,0.75
-3.45452,-5.99947,0.76
-2.94683,-4.70333,0.75
-4.56462,-8.2251,0.73
-3.93117,-5.50665,0.76
-3.52839,-5.30096,0.75
-2.60784,-5.2583,0.76
-1.51976,-6.04531,0.76
-1.50295,-5.30458,0.76
-2.92677,-4.55109,0.76
-2.16802,-4.79415,0.76
-2.52769,-5.14345,0.75
-2.6367,-5.76929,0.73
-3.68378,-5.82386,0.76
-2.72407,-4.42946,0.76
-2.20373,-5.57514,0.73
-3.56702,-4.6044,0.76
-3.69091,-5.36383,0.76
-2.75371,-4.72397,0.76
-3.88657,-6.21168,0.76
-3.83219,-4.82986,0.76
-3.38472,-5.5083,0.73
-2.93129,-4.59442,0.75
-2.90342,-5.09384,0.75
-3.80442,-5.58509,0.76
-3.07002,-4.71715,0.75
-3.79515,-5.30985,0.75
-3.08957,-5.87248,0.73
-2.17847,-5.67959,0.75
-2.96638,-3.65486,0.76
-2.93637,-5.25166,0.75
-3.1191,-6.48667,0.76
-3.28455,-6.01781,0.75
-3.45171,-5.60284,0.76
-3.35272,-4.1051,0.76
-3.92494,-4.50671,0.76
-3.40067,-5.22605,0.76
-4.17609,-5.48546,0.76
-3.81986,-5.52314,0.76
-3.2207,-4.97758,0.76
-3.78378,-5.9968,0.75
-3.79589,-5.03611,0.76
-3.59996,-5.52653,0.75
-3.02719,-4.86744,0.76
-3.9128,-6.65101,0.76
-2.80313,-5.17162,0.73
-3.5605,-6.28368,0.76
-3.67101,-5.607,0.75
-3.28147,-4.90019,0.75
-2.96169,-5.26765,0.75
-3.08987,-6.70071,0.73
-3.82565,-5.05416,0.76
-2.85664,-5.41504,0.76
-2.89968,-5.72889,0.75
-2.13343,-5.27476,0.76
-2.70554,-5.66004,0.73
-4.33888,-6.53098,0.75
-3.46953,-5.33555,0.73
-2.94435,-4.83602,0.76
-2.79192,-4.72885,0.76
-3.03029,-4.42879,0.76
-2.19361,-6.30411,0.73
-2.80442,-4.3949,0.76
-2.56397,-4.68883,0.76
-3.46863,-4.96644,0.76
-3.22724,-4.26481,0.75
-3.44677,-6.09339,0.76
-3.10689,-4.89709,0.76
-3.12,-5.39928,0.75
-3.07578,-4.95793,0.76
-3.21429,-4.93894,0.76
-2.76665,-5.67082,0.76
-2.74472,-4.91788,0.76
-3.23428,-4.42853,0.76
-3.7174,-4.25515,0.76
-3.70173,-5.49864,0.76
-1.74891,-5.86526,0.76
-4.32056,-5.95468,0.73
-4.47928,-6.10557,0.75
-3.69779,-5.36021,0.75
-3.80808,-6.33113,0.76
-3.32911,-6.23077,0.73
-4.14168,-5.35041,0.76
-3.07389,-4.12138,0.76
-3.00581,-5.94478,0.75
-3.54628,-5.31297,0.76
-2.72989,-5.22036,0.76
-3.75767,-7.19423,0.73
-3.50674,-5.55083,0.76
-2.48144,-4.93945,0.76
-3.15188,-5.03393,0.76
-2.97205,-3.89031,0.76
-3.97734,-4.93186,0.76
-3.0885,-4.75687,0.76
-2.85903,-5.78527,0.73
-3.92538,-5.96616,0.76
-4.13859,-5.54127,0.75
-3.06185,-6.13013,0.73
-3.17875,-4.99944,0.75
-4.34766,-6.05715,0.76
-2.80835,-4.5774,0.76
-3.10907,-5.25788,0.76
-3.30628,-3.87839,0.76
-3.13242,-5.05537,0.76
-3.59989,-5.6345,0.76
-3.19886,-4.93003,0.75
-2.78503,-5.25668,0.76
-2.54023,-4.85554,0.76
-2.56511,-5.37521,0.76
-3.00843,-4.90499,0.76
-3.92341,-5.41866,0.75
-3.39172,-4.68494,0.76
-3.53629,-7.01549,0.76
-3.45609,-5.43378,0.75
-2.97326,-6.02281,0.75
-3.24767,-6.36502,0.73
-3.0181,-5.89552,0.75
-3.34399,-4.56663,0.76
-5.28229,-7.07364,0.75
-4.09737,-4.29554,0.76
-3.94504,-5.15488,0.76
-2.01635,-5.35278,0.75
-3.49907,-5.01367,0.76
-2.90235,-6.28531,0.75
-2.4618,-5.44129,0.75
-2.0835,-4.93904,0.73
-3.99119,-5.75394,0.76
-3.44704,-4.20432,0.76
-4.13395,-4.94211,0.73
-3.36423,-5.38434,0.76
-3.03863,-4.77476,0.76
-3.29639,-4.42066,0.76
-4.04777,-5.23576,0.76
-4.54412,-4.64365,0.76
-3.46928,-5.12237,0.76
-2.91872,-5.2471,0.75
-3.50788,-5.76601,0.76
-3.44229,-5.72946,0.73
-2.64427,-5.47214,0.73
-3.49519,-5.53691,0.76
-3.44031,-4.91682,0.76
-2.3904,-5.74416,0.76
-3.74807,-5.07938,0.76
-4.58215,-6.47092,0.75
-4.41848,-5.84965,0.75
-3.76272,-5.642,0.76
-2.87577,-4.24728,0.76
-3.46175,-5.36673,0.76
-2.82384,-4.21883,0.76
-3.09712,-5.01864,0.76
-3.95901,-5.90146,0.76
-3.45743,-5.54713,0.76
-2.00651,-5.08485,0.75
-2.91282,-5.10687,0.75
-2.84346,-4.7511,0.76
-0.754063,-5.12592,0.72
-3.10985,-5.42745,0.76
-3.74292,-6.25989,0.73
-3.72444,-5.617,0.75
-3.66119,-5.26235,0.76
-3.04108,-5.05686,0.76
-3.41072,-6.24509,0.75
-3.62203,-4.89838,0.76
-3.99628,-4.7159,0.76
-2.63652,-5.97932,0.76
-3.94856,-5.57322,0.76
-4.04867,-4.80255,0.76
-3.32529,-4.57579,0.76
-3.98499,-5.90063,0.73
-3.06638,-4.90552,0.76
-3.62034,-5.3758,0.76
-3.87946,-5.02585,0.76
-2.90207,-4.35744,0.76
-2.75474,-4.91849,0.76
-3.15917,-5.39969,0.76
-3.81475,-3.9193,0.76
-4.53996,-6.04531,0.75
-4.69656,-6.63336,0.73
-3.79341,-4.67304,0.76
-3.95963,-5.07636,0.76
-3.32364,-4.98422,0.76
-4.2073,-5.75036,0.75
-4.54994,-5.73611,0.76
-4.90341,-4.14481,0.76
-4.76151,-6.13811,0.76
-4.79225,-5.9467,0.75
-2.08855,-5.62067,0.75
-2.6732,-5.12053,0.76
-3.45366,-7.09128,0.73
-2.82009,-5.31808,0.75
-3.98637,-4.69284,0.76
-3.73689,-5.80302,0.76
-3.37819,-5.36427,0.76
-3.45955,-4.06827,0.76
-4.0479,-5.85013,0.76
-3.72401,-5.27578,0.76
-2.96979,-4.95806,0.76
-2.99263,-5.819,0.76
-3.83863,-5.50549,0.76
-4.33242,-5.3223,0.76
-2.74445,-5.08732,0.73
-2.76977,-4.76885,0.76
-4.22427,-7.44828,0.73
-3.6912,-4.644,0.76
-3.72337,-4.51307,0.76
-3.74339,-5.50519,0.76
-2.98116,-5.33306,0.76
-3.23412,-4.96383,0.75
-3.95116,-5.77814,0.76
-2.81104,-4.67909,0.76
-3.97982,-5.18742,0.76
-2.5559,-5.36734,0.76
-3.09501,-5.13747,0.75
-5.14113,-6.88411,0.73
-2.09902,-4.59611,0.76
-3.74959,-4.49511,0.76
-2.89426,-4.7999,0.76
-2.36304,-4.41319,0.76
-4.17271,-6.20243,0.75
-2.65367,-6.38768,0.73
-4.24581,-5.99392,0.75
-2.47333,-4.75818,0.76
-3.48561,-5.20868,0.75
-2.34543,-4.79525,0.76
-1.80417,-4.4187,0.76
-2.30479,-4.72216,0.76
-3.16161,-5.2517,0.76
-4.03565,-5.96198,0.75
-3.63615,-5.34521,0.73
-4.4509,-5.62531,0.75
-3.80454,-5.06949,0.76
-3.64527,-5.6741,0.76
-2.40431,-4.64689,0.75
-3.60777,-4.77725,0.76
-3.29028,-4.61567,0.76
-3.85346,-5.17441,0.76
-3.29453,-5.66833,0.75
-3.1035,-6.97836,0.75
-2.95798,-4.12539,0.76
-4.23243,-6.35116,0.75
-2.88705,-5.14777,0.76
-3.6405,-5.7674,0.75
-3.67993,-4.98305,0.76
-3.31566,-5.50384,0.76
-5.50526,-6.20815,0.76
-3.34783,-6.27826,0.73
-3.60096,-3.4128,0.76
-2.83349,-4.5725,0.76
-3.62171,-4.81715,0.76
-1.90927,-5.6585,0.73
-3.33486,-4.88161,0.76
-3.6802,-4.63897,0.76
-3.38226,-4.87249,0.76
-1.61816,-5.19649,0.76
-3.79775,-5.58405,0.76
-2.50549,-4.98163,0.76
-2.58551,-5.91319,0.73
-3.72458,-5.42765,0.76
-2.09152,-4.65223,0.76
-3.43906,-6.77523,0.73
-2.73026,-4.0742,0.76
-3.20855,-5.02821,0.76
-2.87229,-4.45485,0.73
-2.50611,-4.83884,0.76
-3.52961,-5.46029,0.76
-2.06861,-5.54375,0.76
-2.73082,-5.45377,0.75
-2.39761,-4.41812,0.76
-4.6303,-5.80503,0.75
-3.65026,-5.01772,0.75
-2.939,-4.94936,0.73
-2.94592,-4.40144,0.76
-3.41265,-5.36614,0.76
-5.27028,-6.13751,0.73
-3.58357,-4.72988,0.75
-5.31368,-6.07021,0.75
-2.66041,-5.2356,0.76
-2.50748,-5.54177,0.75
-3.15067,-4.84043,0.76
-4.66509,-7.03746,0.75
-2.78844,-5.0603,0.76
-3.52586,-4.05585,0.76
-3.21401,-3.98619,0.76
-4.36855,-5.66308,0.75
-4.13527,-4.26672,0.76
-3.02596,-5.19483,0.75
-2.71235,-5.27553,0.75
-3.23912,-5.92642,0.76
-3.45231,-5.35933,0.76
-2.31494,-6.09511,0.76
-3.20262,-4.74807,0.76
-3.89884,-5.32822,0.75
-3.63467,-5.47915,0.76
-2.92939,-5.55118,0.76
-1.99292,-4.95562,0.75
-3.13817,-4.70219,0.76
-2.76788,-4.2004,0.76
-3.66477,-5.03155,0.76
-3.06046,-5.15442,0.75
-2.76527,-4.64493,0.76
-3.28457,-4.69084,0.75
-2.82953,-4.51473,0.75
-2.37265,-6.86891,0.73
-3.69369,-5.27446,0.76
-2.14979,-4.19502,0.76
-3.23452,-4.65263,0.76
-3.68545,-5.27897,0.76
-2.36261,-4.19091,0.76
-2.0575,-5.33306,0.76
-3.5526,-7.06649,0.75
-3.11539,-5.37253,0.75
-3.64156,-5.25912,0.75
-4.24585,-7.24693,0.73
-3.60003,-4.835,0.76
-4.37148,-5.5396,0.75
-2.17103,-5.3551,0.75
-3.08946,-4.48889,0.76
-2.81568,-4.81181,0.76
-3.62955,-5.90468,0.76
-3.46684,-4.73671,0.75
-2.86914,-4.62938,0.76
-2.72608,-5.75226,0.76
-2.72582,-4.60408,0.76
-3.57877,-3.96926,0.76
-4.25885,-6.14972,0.75
-3.2947,-5.89036,0.75
-3.97217,-5.70603,0.76
-3.44869,-4.89777,0.76
-3.40802,-3.70745,0.76
-2.92521,-5.36292,0.76
-2.76695,-6.13227,0.76
-1.81587,-5.79425,0.75
-2.5282,-4.19909,0.76
-3.19285,-6.06702,0.73
-3.32672,-4.95167,0.76
-3.24809,-3.9547,0.76
-3.18818,-6.41026,0.73
-3.82781,-5.52936,0.76
-3.87807,-4.92764,0.76
-2.86067,-4.85361,0.76
-2.66343,-5.07582,0.75
-3.96495,-4.45237,0.76
-3.12483,-5.78932,0.76
-3.1013,-5.21123,0.76
-3.28107,-4.5559,0.75
-2.60141,-5.15513,0.75
-2.72166,-6.25584,0.76
-2.24407,-4.81682,0.76
-3.99521,-6.09583,0.75
-3.5281,-5.87213,0.76
-2.47711,-4.20253,0.76
-2.53197,-5.12329,0.76
-2.9089,-5.39238,0.75
-3.19944,-4.97107,0.76
-2.04899,-5.70244,0.76
-2.85192,-4.85955,0.76
-4.40526,-5.71862,0.75
-3.21657,-5.01971,0.76
-2.98347,-6.33622,0.73
-3.20461,-4.5759,0.75
-3.19075,-7.01465,0.73
-3.35664,-4.47599,0.76
-3.90961,-4.47825,0.76
-4.31337,-4.84902,0.76
-3.14457,-3.49237,0.76
-2.34175,-5.99604,0.76
-3.7021,-6.41972,0.73
-3.10471,-3.93271,0.76
-4.02767,-6.84018,0.75
-3.14725,-5.23,0.76
-2.9098,-4.61362,0.76
-4.13749,-6.58031,0.76
-3.38511,-4.68279,0.76
-3.93965,-5.19143,0.76
-1.0155,-6.29256,0.72
-3.33604,-4.53148,0.76
-3.35513,-4.71823,0.76
-2.35319,-4.99095,0.76
-3.37556,-5.52183,0.76
-2.8633,-5.63721,0.73
-3.37771,-4.62053,0.75
-3.71527,-4.52716,0.75
-3.14138,-5.60323,0.76
-2.8897,-4.96367,0.76
-3.15782,-6.35443,0.72
-3.95685,-5.8762,0.76
-2.98565,-4.7963,0.76
-3.25764,-6.52854,0.73
-3.29272,-5.04221,0.76
-3.6662,-5.03206,0.76
-3.65092,-5.50929,0.76
-4.36727,-5.64864,0.75
-2.89626,-5.42213,0.75
-2.59069,-4.76767,0.76
-2.8086,-4.14448,0.76
-4.07399,-5.48619,0.76
-3.28744,-6.97374,0.73
-3.29674,-5.38128,0.75
-3.90222,-5.86161,0.75
-3.32734,-5.30642,0.76
-3.67815,-6.62648,0.72
-3.11953,-5.85643,0.73
-2.59864,-4.49118,0.75
-3.41498,-4.92569,0.76
-3.70946,-6.49119,0.76
-3.11364,-5.0846,0.76
-2.43262,-7.36178,0.73
-2.95513,-5.82742,0.76
-2.99213,-4.56435,0.76
-3.66175,-5.92934,0.76
-3.37682,-6.0219,0.73
-3.36743,-4.2584,0.76
-2.83052,-5.4367,0.76
-3.98979,-5.0024,0.76
-2.83101,-5.34819,0.76
-2.81118,-4.23757,0.76
-2.70829,-6.02898,0.73
-2.79721,-4.87294,0.75
-4.36923,-5.84011,0.76
-3.58956,-4.74071,0.76
-3.96325,-6.79552,0.75
-2.1874,-5.02509,0.75
-3.95928,-5.49575,0.76
-2.47456,-4.61508,0.76
-2.74885,-5.21294,0.75
-3.06531,-5.70646,0.76
-1.93902,-5.67438,0.76
-3.1478,-4.49256,0.76
-3.94384,-5.14535,0.75
-3.8686,-4.67531,0.76
-2.06453,-5.98153,0.76
-3.26051,-4.77732,0.76
-3.54723,-4.31819,0.76
-2.39856,-5.04239,0.76
-3.65446,-4.94705,0.76
-2.85363,-5.87034,0.76
-3.53379,-5.43104,0.73
-3.04616,-6.17224,0.75
-3.76002,-5.74212,0.76
-2.98889,-4.25702,0.76
-3.92353,-5.7623,0.76
-1.74561,-6.10069,0.73
-4.33161,-5.34372,0.76
-3.57713,-4.37684,0.76
-3.6351,-4.17341,0.76
-2.98046,-5.94314,0.75
-3.74072,-4.93628,0.76
-3.22562,-5.21176,0.75
-2.47168,-4.28132,0.76
-3.02212,-4.56152,0.76
-2.51006,-4.62962,0.76
-2.45856,-5.47542,0.75
-3.08167,-5.21896,0.76
-3.80792,-6.50358,0.76
-3.51319,-6.50874,0.73
-3.33608,-5.84226,0.76
-2.91872,-5.50819,0.73
-4.1966,-5.74169,0.73
-3.11048,-4.63067,0.76
-2.68894,-5.59644,0.75
-3.12178,-5.22024,0.76
-3.03849,-6.32381,0.76
-3.334,-5.19681,0.76
-3.3335,-4.67634,0.76
-2.75952,-5.30825,0.75
-2.67621,-6.66543,0.72
-2.44747,-4.94698,0.76
-2.61868,-5.67482,0.73
-2.98261,-5.65768,0.75
-3.02598,-5.82957,0.75
-2.87377,-4.83971,0.76
-3.24446,-6.16615,0.76
-3.22689,-4.17485,0.76
-2.88416,-6.01983,0.72
-3.77877,-4.88038,0.76
-3.1555,-4.78815,0.76
-2.94315,-4.51643,0.75
-3.16188,-4.88969,0.76
-2.79003,-5.24436,0.73
-2.54344,-5.03704,0.76
-2.90383,-4.10556,0.76
-2.38325,-4.50922,0.76
-3.31599,-5.65838,0.73
-3.41905,-4.71187,0.76
-3.99722,-6.5477,0.73
-3.62091,-4.69854,0.76
-2.83421,-5.47187,0.76
-3.44375,-4.8631,0.76
-3.04284,-4.27524,0.76
-3.00935,-4.8985,0.76
-3.21903,-5.49441,0.76
-2.50793,-4.9585,0.75
-3.34853,-5.14066,0.76
-3.13006,-4.82554,0.76
-3.7553,-5.93304,0.73
-3.61548,-4.47451,0.76
-3.14439,-5.09691,0.76
-4.24743,-5.69967,0.75
-3.1473,-4.81511,0.76
-2.25094,-4.37277,0.76
-4.57526,-4.69528,0.76
-4.46978,-5.74201,0.75
-3.79117,-6.89947,0.73
-3.1877,-4.39074,0.76
-3.57975,-5.22359,0.76
-3.62004,-5.94442,0.75
-4.14149,-5.99087,0.75
-2.65919,-5.17677,0.76
-2.89077,-5.08316,0.76
-2.26208,-5.09116,0.75
-4.67007,-6.14381,0.75
-2.70552,-5.0939,0.76
-3.1269,-4.44245,0.76
-3.27836,-5.00034,0.76
-3.60103,-4.2423,0.76
-2.93484,-4.35487,0.76
-5.21393,-6.3833,0.76
-4.05598,-6.07114,0.75
-3.56351,-4.32644,0.76
-4.19944,-6.76731,0.73
-3.22478,-5.65279,0.73
-2.96787,-5.08721,0.76
-2.89851,-4.78248,0.76
-2.50781,-4.78559,0.76
-4.26218,-6.37811,0.75
-3.29386,-5.24729,0.75
-3.63823,-3.52518,0.76
-2.86018,-4.39224,0.76
-3.09921,-5.33943,0.76
-2.79239,-5.07344,0.76
-4.43625,-4.8136,0.76
-3.69123,-6.48285,0.73
-4.07887,-5.64365,0.73
-3.62829,-4.49893,0.76
-2.02255,-6.73679,0.73
-4.6138,-6.00277,0.76
-4.19089,-5.6841,0.76
-2.97575,-4.55907,0.76
-2.44504,-4.17238,0.76
-3.6228,-5.48533,0.76
-2.94658,-5.41815,0.76
-3.07991,-3.0559,0.76
-3.95624,-4.95379,0.76
-3.7608,-6.5589,0.75
-3.57071,-4.84056,0.76
-3.72413,-5.20945,0.76
-2.63998,-4.17848,0.76
-2.43845,-4.30502,0.76
-3.17386,-5.19941,0.76
-2.95018,-4.58698,0.75
-3.0424,-5.42206,0.76
-2.97929,-5.71195,0.73
-2.71317,-4.64962,0.75
-3.76194,-5.41206,0.75
-3.46517,-6.33755,0.73
-2.86314,-4.9203,0.76
-3.52964,-5.10762,0.76
-3.8747,-5.5021,0.76
-3.93963,-4.89106,0.75
-2.90548,-4.96885,0.76
-2.81899,-5.15691,0.76
-1.67375,-6.14447,0.73
-3.06826,-4.81879,0.76
-3.99761,-5.91844,0.75
-3.7074,-4.75163,0.76
-2.7048,-5.07706,0.76
-2.65698,-6.13529,0.75
-4.37477,-5.27708,0.76
-2.94692,-4.86403,0.76
-3.66924,-4.63239,0.76
-4.1708,-5.69725,0.76
-2.85966,-5.10308,0.76
-3.25201,-6.00133,0.73
-3.72155,-4.80521,0.76
-4.39015,-5.7155,0.76
-3.13787,-4.78655,0.76
-5.02264,-6.13435,0.75
-3.54086,-4.63067,0.76
-1.88325,-4.25984,0.75
-2.93206,-6.05911,0.73
-3.63138,-5.19106,0.76
-3.5928,-5.57113,0.76
-4.04269,-5.17597,0.76
-2.90916,-5.42937,0.76
-1.98721,-5.0602,0.75
-3.78122,-4.42379,0.76
-3.71213,-6.24294,0.73
-2.94415,-6.30819,0.73
-3.36129,-5.46597,0.75
-3.27587,-4.89477,0.75
-3.59386,-4.67377,0.76
-2.673,-5.02156,0.76
-3.86242,-5.19777,0.75
-3.74109,-6.02405,0.76
-4.13759,-5.6226,0.76
-1.64826,-4.68703,0.76
-3.41446,-5.63922,0.75
-3.14128,-5.79207,0.75
-3.10929,-4.31247,0.76
-3.81458,-4.98428,0.76
-3.49719,-5.61538,0.76
-2.77596,-4.66842,0.76
-2.81621,-5.24439,0.75
-3.93332,-6.10386,0.76
-3.45052,-6.06248,0.73
-3.58786,-5.81614,0.76
-4.41889,-6.22716,0.75
-4.00657,-5.83318,0.75
-3.22111,-5.26389,0.76
-3.2518,-5.86706,0.76
-2.9038,-4.80165,0.76
-3.7726,-4.98352,0.76
-1.45869,-4.75575,0.75
-3.26269,-6.49181,0.75
-4.09306,-6.0214,0.76
-4.32221,-5.5431,0.76
-4.42392,-7.83548,0.75
-2.90399,-4.68585,0.76
-3.23735,-4.44508,0.76
-3.42081,-4.25221,0.76
-3.74445,-7.7662,0.72
-3.08269,-6.02394,0.73
-3.53954,-4.73045,0.75
-3.75385,-5.21353,0.76
-2.6645,-5.5509,0.76
-3.268,-5.15037,0.76
-2.61224,-5.29794,0.76
-3.70842,-5.00506,0.76
-2.84076,-5.60708,0.76
-3.8912,-5.33992,0.76
-3.37256,-4.83257,0.75
-3.55473,-4.67036,0.76
-3.15704,-6.50149,0.76
-4.14494,-6.03038,0.76
-3.18168,-6.35311,0.73
-4.61908,-6.29993,0.73
-3.85458,-4.89015,0.76
-2.89228,-4.72777,0.76
-3.79885,-6.03032,0.76
-2.75541,-5.22071,0.76
-4.24861,-5.88503,0.75
-3.38633,-4.24312,0.75
-3.9839,-5.54667,0.76
-4.41326,-6.34286,0.75
-3.44424,-6.44478,0.73
-1.41553,-5.09866,0.76
-2.98918,-5.3729,0.76
-3.65732,-5.97263,0.76
-3.43142,-5.85326,0.76
-3.7295,-5.15462,0.76
-3.89206,-5.21009,0.75
-3.3911,-4.79204,0.76
-3.05116,-4.69366,0.76
-3.61548,-5.51535,0.75
-3.62982,-5.72746,0.75
-2.84608,-5.6587,0.76
-3.5723,-5.3141,0.76
-4.37375,-5.35352,0.75
-4.03665,-5.51724,0.75
-2.40465,-4.61604,0.76
-3.42716,-5.17135,0.76
-2.84852,-5.21784,0.76
-4.21333,-5.62634,0.76
-4.22091,-5.32311,0.75
-3.93536,-5.30457,0.76
-2.74686,-4.13379,0.76
-2.58816,-3.47815,0.76
-3.12224,-5.18965,0.76
-4.16375,-4.55105,0.76
-2.53335,-5.21792,0.76
-2.11617,-5.11226,0.76
-3.34749,-5.07607,0.76
-2.18942,-5.50379,0.75
-3.58372,-5.06683,0.76
-2.30346,-5.3471,0.76
-3.24487,-5.6475,0.75
-3.57483,-6.15407,0.76
-3.82531,-4.93795,0.76
-3.18111,-5.20902,0.73
-3.28243,-6.99285,0.71
-3.4154,-6.47939,0.76
-3.14991,-6.09115,0.76
-4.34484,-4.92619,0.76
-3.50313,-5.48136,0.73
-2.48747,-4.19155,0.76
-3.12196,-6.09935,0.75
-3.51221,-4.55217,0.75
-3.43546,-6.68364,0.76
-3.62171,-4.36606,0.76
-3.28366,-6.60655,0.75
-3.94232,-4.94598,0.75
-3.61045,-5.20172,0.76
-4.74938,-6.72999,0.73
-3.34764,-4.55693,0.76
-4.08647,-5.41775,0.76
-4.10312,-6.28354,0.75
-2.74707,-5.23595,0.76
-2.54654,-3.85394,0.76
-3.82908,-4.56196,0.76
-3.13904,-5.14602,0.76
-3.181,-5.25059,0.76
-3.60191,-5.39934,0.76
-1.99278,-5.16889,0.73
-4.46196,-4.30582,0.76
-3.81239,-4.31676,0.76
-2.87395,-4.98829,0.73
-3.64598,-5.41976,0.76
-2.43732,-4.34655,0.76
-3.74578,-6.8372,0.73
-3.16696,-5.13067,0.76
-3.75479,-5.64765,0.75
-3.84953,-5.46304,0.75
-3.55658,-5.69817,0.73
-4.60718,-5.51158,0.76
-2.96064,-4.58406,0.75
-3.0063,-5.03258,0.75
-3.01368,-5.72177,0.76
-4.02579,-5.75328,0.76
-3.42705,-4.2437,0.76
-3.35851,-4.75799,0.75
-2.47199,-4.395,0.76
-3.80251,-6.11462,0.73
-2.88666,-4.5978,0.76
-2.67779,-5.42202,0.75
-2.72669,-4.70458,0.76
-2.90412,-5.3277,0.73
-2.88253,-5.14874,0.76
-3.24355,-4.20087,0.76
-4.46902,-6.16908,0.75
-2.88342,-5.23791,0.75
-3.41573,-4.79848,0.76
-3.53973,-6.65999,0.72
-2.76398,-4.84478,0.76
-3.3087,-4.91529,0.76
-3.86954,-4.44296,0.76
-4.00959,-6.65856,0.76
-2.21098,-4.87378,0.76
-3.35187,-5.44371,0.75
-4.6487,-5.75576,0.76
-3.3589,-5.48542,0.76
-3.33276,-5.14806,0.76
-3.64645,-4.81949,0.75
-3.45676,-5.40486,0.76
-2.7601,-5.42819,0.76
-3.4709,-5.78435,0.73
-3.00604,-5.44621,0.76
-2.39787,-6.2821,0.73
-3.93998,-5.90827,0.76
-2.81545,-6.37353,0.76
-3.04289,-4.61535,0.76
-3.16033,-4.93061,0.76
-3.15397,-5.14427,0.76
-3.43613,-7.19555,0.73
-2.8481,-5.0224,0.76
-4.27314,-5.87683,0.75
-2.92057,-5.37815,0.76
-3.26242,-4.56419,0.76
-3.18711,-5.81941,0.76
-3.59637,-4.40986,0.75
-3.47649,-3.83139,0.76
-3.93604,-4.72169,0.76
-2.20164,-4.38066,0.76
-2.69643,-4.7412,0.76
-3.92959,-4.56153,0.76
-2.99692,-5.33145,0.76
-3.49719,-5.82107,0.75
-4.38682,-5.91699,0.76
-3.23996,-5.52827,0.76
-3.06618,-5.4472,0.75
-3.1808,-4.28461,0.76
-4.27149,-5.11766,0.75
-2.99186,-4.90839,0.76
-2.85093,-5.54866,0.76
-2.47756,-4.69352,0.76
-3.07194,-4.62188,0.76
-3.46867,-5.45946,0.75
-3.93337,-5.80322,0.75
-2.25957,-4.96904,0.75
-3.23352,-3.92307,0.76
-2.68433,-6.20519,0.75
-2.84311,-4.70581,0.76
-2.59631,-5.30221,0.76
-3.24905,-4.41262,0.76
-2.24864,-5.09104,0.76
-2.76289,-5.27622,0.76
-3.56841,-5.26155,0.76
-4.7697,-7.64194,0.73
-3.07778,-4.67108,0.76
-2.50742,-4.16947,0.76
-3.24555,-4.7152,0.76
-3.52843,-5.53431,0.76
-3.66101,-4.80428,0.76
-3.43605,-6.07342,0.75
-3.83587,-5.86226,0.75
-3.7937,-5.59175,0.76
-2.97624,-6.17827,0.75
-4.03402,-5.99881,0.75
-2.89371,-4.88855,0.75
-2.70252,-6.35666,0.76
-2.9936,-5.16547,0.76
-2.85692,-4.52594,0.76
-3.32962,-5.01206,0.76
-3.74569,-4.61449,0.76
-4.02981,-6.30003,0.76
-2.01932,-4.96221,0.73
-3.00052,-4.13396,0.76
-3.83574,-4.82516,0.76
-3.91146,-4.7737,0.76
-2.84824,-4.86311,0.76
-3.035,-5.27025,0.76
-5.20735,-7.4843,0.73
-3.3061,-5.51864,0.76
-3.33372,-5.01875,0.76
-2.77357,-5.22002,0.76
-2.54785,-5.69151,0.76
-1.99089,-6.0979,0.75
-2.55632,-5.39959,0.73
-4.20044,-5.77267,0.75
-3.92479,-5.66194,0.76
-2.89539,-4.31585,0.76
-3.98197,-5.153,0.76
-3.01732,-4.8117,0.76
-4.28374,-5.75823,0.76
-3.48055,-5.79367,0.76
-3.19796,-4.78442,0.76
-3.34153,-5.42727,0.75
-2.28497,-4.4663,0.76
-2.54761,-5.35811,0.76
-3.88715,-6.93295,0.75
-3.66874,-6.48779,0.76
-2.92661,-5.12725,0.75
-2.7246,-3.80492,0.76
-4.61259,-5.49996,0.76
-4.19867,-6.64525,0.75
-3.29407,-5.99087,0.76
-4.09555,-4.27091,0.76
-3.37237,-4.1489,0.76
-2.15139,-5.1548,0.76
-3.82961,-7.05682,0.75
-2.82715,-4.48317,0.76
-2.99553,-5.15212,0.76
-3.79518,-5.04977,0.76
-3.3038,-5.81072,0.76
-4.34276,-6.32548,0.73
-2.76457,-5.8896,0.76
-3.45119,-5.88223,0.75
-3.13677,-4.7158,0.76
-2.95294,-3.80348,0.76
-2.61,-6.02906,0.75
-3.00613,-4.13622,0.76
-2.39957,-5.04155,0.76
-3.31907,-4.48276,0.76
-2.53141,-5.48,0.76
-3.8574,-5.59654,0.76
-3.54944,-5.87356,0.75
-2.3896,-5.19957,0.73
-4.28624,-6.21156,0.73
-3.69432,-5.77459,0.75
-3.83077,-5.80822,0.76
-3.69411,-6.18761,0.73
-3.64224,-4.34923,0.76
-3.25989,-5.032,0.76
-2.3029,-4.46395,0.76
-3.81852,-6.10382,0.75
-3.17451,-4.96822,0.75
-2.44483,-4.7255,0.76
-2.79159,-5.22732,0.76
-3.73158,-5.04507,0.75
-3.45283,-6.5595,0.73
-3.33751,-3.79087,0.76
-2.05337,-5.61906,0.76
-3.68934,-5.91248,0.75
-3.11586,-5.40548,0.75
-5.18144,-6.50375,0.75
-2.1492,-5.80548,0.76
-3.16124,-5.8288,0.75
-3.4218,-4.91011,0.76
-2.82099,-6.86782,0.72
-2.06842,-6.32526,0.72
-2.41549,-5.80528,0.76
-2.08413,-4.54241,0.76
-3.15923,-5.32657,0.75
-3.37502,-5.47942,0.75
-3.60418,-5.08994,0.76
-3.16757,-7.27091,0.73
-3.10951,-4.15137,0.76
-4.08981,-5.65807,0.73
-4.02187,-5.95719,0.75
-2.93363,-5.04182,0.75
-2.92983,-5.57523,0.75
-3.04692,-4.72911,0.75
-3.33114,-4.1322,0.76
-2.60274,-6.59958,0.72
-2.56343,-5.3031,0.76
-2.85791,-5.82832,0.76
-3.43369,-6.11106,0.72
-3.40011,-5.35438,0.75
-3.32966,-4.78306,0.75
-2.11759,-5.26141,0.76
-2.84078,-5.18847,0.76
-3.19722,-7.31013,0.71
-4.10512,-6.37603,0.73
-3.45035,-6.32144,0.75
-2.6617,-5.90403,0.76
-2.35733,-4.78473,0.76
-3.90007,-4.93956,0.76
-2.56484,-5.413,0.75
-3.16174,-4.6591,0.76
-3.06285,-5.70539,0.76
-3.84046,-5.55577,0.76
-3.61149,-5.93068,0.75
-3.74001,-5.7484,0.76
-3.68426,-6.19466,0.76
-3.14073,-5.58337,0.76
-1.22503,-5.69252,0.72
-3.04754,-5.25739,0.73
-3.01884,-4.53315,0.76
-3.30267,-4.2824,0.76
-2.98763,-7.76219,0.72
-3.94422,-5.64997,0.76
-2.81602,-5.30129,0.73
-3.86427,-4.8108,0.76
-3.35062,-4.14282,0.76
-2.11816,-6.44116,0.71
-3.56275,-4.5103,0.76
-2.82688,-4.95262,0.76
-2.98462,-4.23502,0.76
-4.30837,-6.84156,0.73
-2.99173,-5.19137,0.75
-3.16329,-5.26228,0.75
-2.64736,-4.3983,0.76
-2.75292,-5.10798,0.75
-3.34383,-6.01587,0.76
-3.40768,-4.79938,0.76
-2.83639,-4.13759,0.76
-3.61054,-4.79294,0.76
-3.78263,-4.98807,0.73
-4.44931,-5.41,0.76
-2.74579,-4.67413,0.75
-3.37792,-5.03123,0.76
-3.5336,-5.86018,0.75
-2.99832,-5.82562,0.73
-3.19041,-5.26396,0.75
-3.79098,-4.87788,0.76
-3.49889,-5.06517,0.76
-3.23179,-5.9578,0.76
-2.92856,-4.89866,0.75
-3.34021,-5.19667,0.75
-3.92055,-5.97144,0.76
-3.91223,-5.39135,0.75
-2.0522,-5.158,0.76
-3.47736,-6.02815,0.76
-3.82354,-4.9345,0.75
-4.01969,-5.98222,0.76
-2.96639,-5.66082,0.76
-3.7053,-5.53328,0.76
-2.59004,-4.53202,0.76
-3.1704,-5.13133,0.75
-4.12122,-4.72797,0.76
-2.59591,-5.28308,0.76
-3.79238,-5.21196,0.76
-2.6596,-4.55088,0.76
-3.15505,-6.08964,0.76
-3.64764,-4.74384,0.76
-3.6769,-5.54574,0.76
-2.28095,-4.95926,0.76
-2.62961,-5.04587,0.76
-2.84271,-5.03318,0.76
-3.50813,-6.08187,0.75
-4.24218,-6.82031,0.76
-2.9579,-5.1444,0.76
-1.85974,-6.69203,0.73
-2.06699,-5.20653,0.76
-2.62539,-4.8407,0.75
-4.1159,-5.78716,0.76
-4.72738,-6.71664,0.76
-2.93011,-5.08414,0.76
-3.97531,-5.47683,0.76
-3.10919,-4.60139,0.76
-3.08716,-6.35838,0.76
-2.7016,-5.00198,0.76
-2.97674,-4.80889,0.76
-2.93263,-5.80018,0.76
-3.85493,-4.6083,0.76
-2.25927,-5.181,0.75
-3.77114,-5.26044,0.76
-2.71005,-6.27578,0.76
-4.36686,-7.13168,0.75
-3.11887,-6.08756,0.75
-4.43901,-5.77619,0.75
-3.1821,-4.71305,0.76
-3.46746,-5.40566,0.76
-3.90138,-5.37428,0.76
-3.28059,-5.43258,0.75
-4.38082,-5.7658,0.76
-2.65798,-4.82148,0.76
-3.42827,-5.33088,0.76
-4.13716,-6.04345,0.75
-3.8435,-5.88325,0.76
-2.76817,-4.79411,0.76
-3.84802,-5.73741,0.75
-3.31601,-5.01815,0.76
-3.63931,-5.0343,0.75
-2.41933,-3.95625,0.76
-2.46207,-4.47894,0.76
-3.1679,-5.19784,0.76
-3.8538,-4.95097,0.76
-3.05939,-4.91884,0.76
-3.80806,-4.94378,0.75
-4.19569,-4.10193,0.76
-2.66424,-5.39707,0.76
-3.58429,-3.91507,0.76
-1.8374,-4.97715,0.75
-4.14956,-5.68171,0.76
-3.10257,-4.84847,0.76
-3.07903,-5.25317,0.76
-3.21354,-6.67789,0.73
-4.06946,-5.86233,0.75
-3.9323,-5.66683,0.76
-3.64565,-4.93518,0.76
-4.48934,-5.73262,0.76
-3.83575,-6.64474,0.75
-2.56122,-4.25365,0.76
-3.93669,-5.52151,0.76
-3.57282,-4.03689,0.76
-3.1358,-4.84342,0.75
-2.21429,-4.62392,0.76
-3.49061,-4.8003,0.76
-2.96134,-4.60092,0.76
-3.97119,-5.40111,0.76
-5.7919,-8.10592,0.75
-2.94145,-5.9164,0.75
-3.99105,-5.27952,0.76
-3.89729,-5.57799,0.76
-2.93292,-5.28425,0.75
-3.49566,-5.95069,0.76
-3.11665,-5.8181,0.76
-3.31639,-6.53485,0.76
-2.87505,-5.30753,0.75
-2.6222,-5.06921,0.75
-3.09164,-5.36783,0.76
-3.30678,-4.70473,0.76
-4.12973,-7.04543,0.73
-4.38355,-6.60685,0.76
-4.40414,-6.17761,0.73
-2.39916,-5.85574,0.75
-3.39654,-5.62859,0.73
-1.5266,-4.71459,0.76
-3.42599,-4.16762,0.76
-4.05602,-6.31624,0.76
-3.44438,-4.92099,0.76
-3.92514,-6.62499,0.72
-3.74514,-4.52919,0.76
-3.55013,-4.58546,0.76
-4.15852,-5.14351,0.76
-2.73912,-5.23353,0.75
-2.96422,-4.87703,0.76
-1.90781,-4.30565,0.76
-4.18446,-7.53742,0.73
-3.03521,-5.23217,0.76
-3.96075,-5.61016,0.76
-3.72481,-6.4502,0.73
-3.60873,-4.8797,0.76
-2.61352,-5.77453,0.76
-2.45905,-4.484,0.76
-3.27297,-5.87691,0.75
-2.87358,-5.50785,0.75
-3.7938,-5.78638,0.76
-3.65958,-4.8304,0.76
-4.2559,-6.23644,0.76
-2.3749,-5.50318,0.73
-2.97944,-5.09308,0.75
-3.17102,-6.54779,0.76
-3.16569,-3.80193,0.76
-2.67758,-5.74713,0.75
-3.67317,-7.12281,0.76
-2.96938,-4.66531,0.76
-3.24475,-4.9459,0.76
-3.87534,-4.90217,0.76
-2.74961,-6.08898,0.75
-2.60919,-6.18927,0.72
-3.25147,-3.62055,0.76
-3.31436,-5.16133,0.76
-4.70418,-5.53443,0.76
-3.40781,-5.12977,0.76
-3.79704,-5.00717,0.75
-2.52986,-4.99748,0.75
-3.07063,-4.75599,0.76
-3.1319,-4.80025,0.76
-3.36168,-5.28587,0.76
-3.53822,-4.55911,0.76
-3.94002,-6.54449,0.76
-3.14315,-4.26512,0.76
-3.46999,-5.23284,0.75
-3.09861,-5.29088,0.75
-3.25526,-6.94784,0.75
-3.86599,-4.64675,0.76
-4.60559,-5.74665,0.73
-2.21951,-5.05626,0.76
-3.07477,-5.96168,0.76
-2.04981,-5.62674,0.75
-4.09554,-6.09951,0.75
-2.77945,-5.69821,0.76
-3.07871,-4.31485,0.76
-3.09755,-5.20026,0.76
-3.80946,-5.29723,0.76
-2.56081,-4.02309,0.75
-4.6378,-5.80523,0.76
-2.95112,-5.38447,0.76
-2.30405,-6.35398,0.73
-4.39471,-6.46521,0.76
-3.08762,-4.60288,0.76
-3.07752,-6.34244,0.73
-3.50474,-5.54567,0.76
-2.04524,-5.0113,0.75
-4.02006,-5.86204,0.75
-2.59842,-5.01548,0.76
-3.90186,-5.9877,0.75
-3.20541,-6.21639,0.75
-2.61377,-5.8138,0.76
-2.6038,-4.20945,0.76
-3.62158,-5.62259,0.76
-4.04097,-5.69038,0.76
-2.97998,-4.68721,0.76
-3.38681,-3.75201,0.76
-2.74135,-5.28613,0.76
-3.76589,-5.11614,0.76
-3.07765,-6.32173,0.75
-3.51266,-5.43466,0.76
-3.12016,-6.27965,0.76
-3.41614,-4.63706,0.76
-4.34243,-5.51448,0.76
-3.70086,-6.27235,0.73
-3.93844,-5.85258,0.73
-3.21896,-4.04139,0.76
-3.57287,-5.32302,0.76
-2.894,-4.87141,0.76
-3.67864,-5.57512,0.76
-3.29471,-4.44796,0.76
-3.0677,-6.05591,0.75
-3.12979,-4.72503,0.76
-3.72353,-5.00287,0.75
-4.41018,-4.13137,0.76
-3.26146,-4.3168,0.76
-3.04442,-4.60088,0.75
-4.97935,-7.48022,0.75
-3.63405,-6.1452,0.76
-4.27677,-6.3781,0.75
-3.04125,-4.67018,0.76
-3.79598,-6.31894,0.73
-3.30349,-5.14965,0.76
-2.65852,-5.30411,0.76
-2.54299,-5.65094,0.76
-4.42113,-6.32978,0.76
-2.79633,-4.20854,0.76
-3.89064,-6.05471,0.76
-3.05515,-4.99454,0.76
-3.39081,-6.1468,0.75
-3.33454,-4.83467,0.75
-2.52235,-4.66144,0.76
-3.04331,-4.9934,0.76
-4.84675,-6.1695,0.76
-2.82532,-5.11766,0.76
-2.88415,-4.47034,0.76
-4.50459,-6.60917,0.75
-3.97978,-4.55262,0.76
-4.46361,-5.61534,0.76
-3.49714,-4.61205,0.76
-2.5053,-5.6373,0.76
-3.45906,-5.66938,0.76
-3.72718,-4.57608,0.76
-3.00044,-5.16752,0.76
-3.66423,-6.11184,0.73
-4.42055,-5.77823,0.76
-3.04566,-4.26809,0.76
-3.72849,-4.86047,0.75
-3.52161,-5.23978,0.73
-3.99779,-3.69762,0.76
-4.5964,-6.18588,0.76
-2.99368,-5.81437,0.73
-3.24533,-4.56749,0.76
-3.83498,-5.8821,0.73
-3.77634,-5.13325,0.76
-2.30848,-5.63766,0.75
-3.0316,-5.45253,0.76
-2.58448,-5.97015,0.73
-2.48965,-5.49418,0.75
-3.31086,-4.07283,0.76
-3.96296,-6.70923,0.75
-2.73316,-4.67697,0.76
-3.22107,-6.65334,0.75
-2.75636,-4.51996,0.76
-3.67007,-5.77773,0.75
-3.63972,-5.28988,0.76
-3.32091,-5.12905,0.76
-5.65807,-6.43584,0.76
-2.51898,-4.73818,0.76
-2.34643,-5.05303,0.76
-4.34805,-6.82058,0.76
-3.61134,-4.73216,0.76
-2.17684,-6.60673,0.75
-2.16529,-5.22939,0.76
-3.55729,-6.24708,0.75
-3.86331,-5.9125,0.76
-3.88622,-6.45456,0.73
-3.79081,-5.72241,0.73
-4.3096,-5.52036,0.76
-2.47044,-5.14049,0.76
-4.54528,-7.75796,0.73
-4.232,-6.24704,0.75
-2.74592,-4.64049,0.76
-2.53897,-4.55241,0.76
-3.4793,-5.10093,0.76
-3.76732,-4.34978,0.76
-4.22602,-5.04089,0.76
-4.13752,-5.60133,0.75
-2.37333,-5.05654,0.76
-2.36589,-4.24695,0.76
-3.14272,-5.25198,0.75
-3.86126,-6.0649,0.73
-3.38701,-5.94617,0.76
-2.95996,-6.60214,0.72
-3.46465,-4.16646,0.76
-3.55438,-5.67499,0.75
-3.12025,-6.13788,0.76
-4.2562,-6.41765,0.75
-2.24263,-5.3827,0.75
-3.33634,-5.44861,0.76
-3.37156,-5.01065,0.76
-2.72282,-4.65742,0.76
-2.73198,-4.79407,0.76
-3.19249,-6.59436,0.73
-3.08656,-5.41656,0.76
-4.10699,-5.49977,0.76
-3.77467,-5.49815,0.76
-5.40159,-6.53418,0.75
-3.95884,-5.56262,0.75
-2.79338,-5.13295,0.73
-1.54689,-5.07046,0.76
-3.15748,-5.61644,0.76
-4.04226,-6.03207,0.76
-3.42226,-5.06574,0.76
-3.80269,-4.5342,0.76
-5.93322,-7.12856,0.75
-2.75975,-5.81618,0.75
-3.53358,-4.79448,0.76
-3.60971,-5.12371,0.76
-3.05278,-5.22187,0.76
-2.87625,-4.59538,0.76
-2.13143,-5.43604,0.73
-2.3277,-5.19116,0.76
-4.048,-5.27176,0.75
-3.34783,-5.20479,0.76
-3.04044,-5.6069,0.75
-2.48933,-4.92037,0.76
-2.88934,-6.11313,0.73
-2.60702,-5.52738,0.76
-2.29542,-6.19669,0.75
-4.16413,-4.83334,0.76
-2.37452,-4.73444,0.75
-3.04187,-6.25301,0.73
-3.62819,-4.66071,0.76
-2.38946,-5.67512,0.76
-2.47237,-5.94792,0.76
-3.48568,-6.51895,0.73
-2.74935,-4.44068,0.76
-3.38883,-5.26957,0.76
-3.85355,-6.41499,0.76
-4.12581,-5.24387,0.76
-2.41436,-4.0298,0.76
-1.84145,-5.21567,0.76
-3.84813,-4.07798,0.76
-2.89375,-5.76468,0.73
-3.11958,-5.32137,0.73
-4.08295,-5.36008,0.76
-3.82913,-6.3891,0.73
-4.66126,-6.10556,0.75
-3.45196,-4.91008,0.76
-2.88858,-4.16509,0.73
-3.28792,-4.56385,0.76
-3.2608,-5.33965,0.75
-3.94815,-4.86557,0.75
-2.89432,-5.4137,0.75
-3.51035,-5.21133,0.76
-2.68966,-5.08214,0.75
-3.23058,-5.08176,0.76
-3.2561,-5.8398,0.75
-4.4918,-5.9896,0.75
-3.76759,-5.63813,0.76
-2.84127,-5.5398,0.75
-2.38553,-5.32317,0.75
-4.16645,-4.23091,0.76
-2.63759,-5.83629,0.76
-3.2822,-5.16382,0.73
-3.39864,-4.17079,0.76
-3.48508,-5.09989,0.76
-3.65946,-5.49392,0.76
-3.98865,-5.92117,0.75
-3.50185,-7.00416,0.73
-2.48196,-5.79789,0.75
-4.97465,-6.10627,0.75
-2.35082,-4.79635,0.73
-2.75231,-5.31941,0.75
-3.78797,-5.50851,0.76
-3.94997,-4.14452,0.76
-2.87484,-5.66341,0.75
-3.83877,-5.95755,0.76
-2.44994,-4.66096,0.76
-3.32815,-4.75866,0.76
-3.66336,-5.45471,0.76
-3.42708,-6.20481,0.76
-4.29967,-6.01161,0.76
-3.53497,-4.07977,0.76
-2.4675,-5.49788,0.76
-4.1433,-6.32092,0.73
-3.42981,-5.19001,0.73
-3.31496,-6.8563,0.72
-3.37585,-5.12218,0.75
-3.58418,-5.73944,0.76
-2.84246,-5.32455,0.76
-2.14924,-6.88331,0.76
-4.22862,-5.80009,0.76
-3.23614,-5.68377,0.76
-3.35936,-5.94988,0.75
-3.19441,-5.68221,0.76
-2.93093,-6.64797,0.72
-3.17986,-5.51881,0.75
-3.00614,-5.61848,0.76
-2.33353,-6.55606,0.72
-2.73447,-6.47406,0.76
-2.99927,-5.51817,0.73
-3.28934,-5.21473,0.75
-1.82185,-5.21686,0.73
-3.86514,-6.27007,0.75
-3.45689,-5.62043,0.76
-4.29906,-5.64807,0.75
-3.83559,-3.89508,0.76
-3.50123,-5.3374,0.76
-4.28552,-6.23308,0.76
-1.28813,-4.93324,0.75
-3.04074,-4.2665,0.76
-2.96871,-4.50473,0.76
-4.20573,-5.29067,0.75
-2.92116,-4.45458,0.76
-4.86759,-5.67432,0.76
-2.78385,-4.5214,0.76
-3.09847,-6.22284,0.75
-3.01636,-5.95294,0.76
-3.96047,-5.79728,0.75
-4.86911,-5.69432,0.75
-3.11252,-4.75473,0.76
-5.94486,-8.13909,0.75
-2.79721,-4.14362,0.76
-4.09432,-5.64501,0.75
-3.09202,-6.52687,0.73
-3.09584,-5.90255,0.73
-2.89489,-5.60729,0.75
-2.59475,-6.48662,0.76
-3.86065,-5.95472,0.76
-3.58347,-4.82856,0.76
-3.43627,-5.71935,0.73
-2.46138,-5.63153,0.73
-3.541,-5.09257,0.76
-2.97157,-5.64399,0.73
-2.58367,-4.8278,0.76
-3.52519,-4.35175,0.76
-3.53755,-5.43414,0.76
-2.57932,-5.81854,0.76
-4.29709,-4.9269,0.75
-2.39765,-6.28931,0.73
-2.32855,-5.50466,0.73
-3.0602,-4.40726,0.76
-3.00909,-7.185,0.72
-3.02907,-5.15811,0.75
-3.4903,-5.56318,0.75
-4.28415,-5.94637,0.76
-2.91786,-5.05519,0.76
-4.73821,-6.53064,0.73
-3.74153,-5.23813,0.75
-3.56985,-4.86887,0.75
-3.20474,-4.69091,0.76
-3.20443,-5.03644,0.76
-2.42331,-3.36852,0.76
-2.32007,-4.08407,0.76
-2.90329,-6.0306,0.76
-3.93692,-4.61523,0.76
-2.93413,-5.12894,0.76
-3.42997,-4.82158,0.75
-3.00243,-5.46207,0.73
-3.79718,-4.98457,0.76
-3.37984,-4.86408,0.75
-2.60855,-4.32938,0.76
-2.86894,-4.98573,0.75
-1.42497,-4.99446,0.76
-3.4642,-5.54094,0.76
-2.42933,-4.39874,0.76
-3.64807,-4.75023,0.76
-4.10918,-5.76897,0.75
-3.10426,-4.85756,0.76
-2.489,-5.72559,0.75
-2.72449,-5.33498,0.75
-3.76103,-4.94746,0.75
-2.99008,-5.48182,0.75
-3.51081,-4.70327,0.76
-2.17225,-4.48396,0.76
-3.72199,-6.43862,0.76
-3.93383,-5.09569,0.75
-2.73799,-4.61905,0.75
-2.91894,-4.97663,0.73
-1.87686,-6.06838,0.73
-2.18681,-6.22247,0.72
-2.65373,-6.02087,0.73
-1.57066,-4.93315,0.76
-1.63227,-5.67504,0.73
-2.87298,-5.95848,0.73
-3.24484,-5.0323,0.76
-4.26608,-4.10332,0.76
-3.38007,-4.81744,0.76
-2.81374,-5.50418,0.76
-4.42958,-4.85875,0.76
-1.94842,-4.83971,0.75
-3.50726,-4.85863,0.76
-3.91968,-5.81435,0.76
-3.07463,-5.79278,0.75
-4.18703,-5.56809,0.76
-4.16695,-5.09342,0.76
-3.88445,-5.58294,0.76
-3.38556,-5.5539,0.76
-2.68552,-4.47853,0.76
-4.16849,-5.3568,0.76
-3.04745,-5.63251,0.76
-3.48884,-5.76103,0.73
-3.7803,-5.3991,0.76
-2.26286,-4.81142,0.76
-3.64137,-4.98218,0.75
-3.20319,-5.73442,0.76
-2.81914,-5.04707,0.76
-2.69712,-5.92525,0.76
-3.08104,-5.66274,0.76
-4.06407,-5.31456,0.76
-2.99208,-5.8705,0.75
-3.46488,-5.29989,0.75
-3.52729,-5.1607,0.76
-3.2254,-4.88361,0.75
-3.86756,-6.23543,0.73
-1.07696,-5.42069,0.73
-2.69438,-5.00995,0.73
-2.56323,-4.33328,0.76
-3.36221,-4.68692,0.75
-4.04972,-5.27526,0.76
-3.16159,-6.27181,0.76
-2.23686,-5.08145,0.76
-3.38771,-6.02622,0.76
-3.31239,-4.65467,0.76
-2.35608,-4.17359,0.76
-4.73452,-5.39566,0.76
-3.4243,-5.03629,0.76
-2.48045,-5.31979,0.76
-3.33756,-5.45107,0.76
-3.72486,-4.81652,0.76
-2.9004,-3.84088,0.76
-2.80115,-5.69557,0.76
-4.07079,-5.32713,0.76
-3.66628,-5.74075,0.76
-2.87261,-5.06607,0.76
-3.87725,-6.46692,0.72
-3.42371,-4.63303,0.76
-2.85944,-4.09676,0.76
-3.07483,-5.4288,0.76
-2.31999,-5.19585,0.76
-3.25359,-3.92747,0.76
-1.83513,-4.8241,0.76
-3.90114,-6.16248,0.73
-4.71606,-5.28618,0.76
-3.5881,-6.11272,0.73
-3.2656,-4.64204,0.76
-2.08791,-4.81863,0.75
-3.46957,-4.56897,0.76
-2.3722,-4.91478,0.76
-2.55282,-6.0996,0.75
-3.66438,-4.36501,0.76
-3.42099,-5.07902,0.76
-2.42972,-5.33613,0.73
-2.66449,-3.9816,0.76
-3.84966,-4.98443,0.76
-2.59061,-5.03,0.76
-2.7793,-6.08657,0.73
-3.48299,-6.13222,0.76
-3.54771,-5.15427,0.73
-2.63363,-6.3176,0.73
-5.33311,-6.11014,0.76
-4.22508,-5.31035,0.76
-2.8992,-4.8526,0.76
-2.29569,-5.32171,0.76
-2.24179,-6.38588,0.73
-3.39465,-5.62738,0.76
-3.23559,-5.72226,0.75
-1.5677,-5.67647,0.72
-3.14582,-3.88924,0.76
-3.70938,-5.70435,0.75
-3.56121,-4.90833,0.76
-3.6794,-5.93315,0.76
-3.89809,-5.10056,0.76
-4.12957,-5.80882,0.76
-3.49944,-4.01897,0.76
-2.861,-6.09143,0.73
-2.13951,-5.79014,0.73
-2.90363,-4.9444,0.76
-4.40316,-6.12447,0.75
-1.18092,-7.31544,0.72
-2.87574,-4.866,0.75
-2.37332,-5.6771,0.76
-3.10146,-5.81068,0.76
-3.67245,-5.96744,0.73
-3.65675,-5.39716,0.76
-3.95829,-5.31463,0.76
-3.17484,-6.05052,0.73
-2.8184,-5.0512,0.76
-3.40676,-5.1861,0.76
-3.10062,-5.31308,0.73
-1.8408,-4.26446,0.76
-3.58061,-4.23163,0.75
-3.06784,-7.54941,0.71
-3.05359,-4.86059,0.76
-2.80352,-5.39102,0.73
-3.33889,-4.47256,0.76
-2.78215,-4.90261,0.76
-2.88479,-5.01902,0.76
-4.22593,-4.99821,0.76
-2.89787,-4.36985,0.76
-3.39443,-4.54791,0.75
-3.31261,-4.9827,0.76
-3.40856,-4.71351,0.75
-3.13432,-6.30779,0.76
-3.09739,-5.25213,0.75
-2.42267,-6.58941,0.76
-2.644,-7.10138,0.73
-2.89534,-4.04368,0.76
-2.07067,-4.71745,0.76
-2.35644,-4.20054,0.76
-3.36071,-6.01966,0.76
-3.74082,-5.0184,0.76
-3.20125,-5.62182,0.76
-2.5596,-5.29487,0.73
-3.77016,-5.53703,0.76
-4.27723,-4.47901,0.76
-3.74389,-5.55498,0.75
-2.60065,-4.97499,0.76
-3.52455,-4.264,0.76
-5.66092,-6.59087,0.73
-3.18963,-5.53094,0.76
-3.14314,-5.04405,0.76
-3.14054,-5.16001,0.76
-2.34875,-5.13861,0.76
-2.42756,-6.21478,0.75
-4.21915,-6.52772,0.73
-2.80561,-6.79155,0.73
-4.54426,-5.56149,0.75
-2.65082,-3.91311,0.76
-3.44579,-4.7966,0.76
-2.40505,-4.6543,0.75
-2.36232,-6.51745,0.72
-3.61409,-5.62101,0.75
-2.21919,-5.21249,0.75
-3.16897,-6.36797,0.76
-3.20871,-5.03566,0.76
-3.71295,-4.93184,0.76
-3.21623,-5.08639,0.75
-4.15735,-6.42453,0.73
-3.84659,-5.50132,0.75
-3.67142,-4.57883,0.76
-3.64454,-5.80297,0.76
-3.19469,-4.80843,0.76
-2.60394,-4.72442,0.76
-3.06921,-5.33717,0.76
-4.13447,-7.11774,0.73
-2.88027,-6.43866,0.73
-2.97197,-5.0809,0.76
-3.06242,-5.41886,0.76
-3.48478,-6.02896,0.73
-2.96827,-5.85034,0.76
-2.74096,-4.73974,0.76
-3.32942,-6.28555,0.73
-3.93562,-5.7929,0.76
-2.96267,-4.81635,0.75
-3.83307,-5.02826,0.75
-2.64536,-5.27985,0.76
-3.58934,-6.08996,0.76
-4.49194,-5.94719,0.76
-3.2183,-4.98955,0.75
-3.54262,-5.33508,0.76
-2.06982,-8.29375,0.72
-2.56306,-4.89878,0.76
-3.57627,-5.81272,0.76
-4.08682,-6.07514,0.75
-2.39285,-5.36198,0.76
-3.73794,-5.56584,0.76
-3.90704,-5.35438,0.76
-1.43327,-5.54885,0.72
-3.82406,-5.78172,0.73
-3.39968,-4.03992,0.76
-3.58847,-4.63959,0.76
-3.61893,-6.2579,0.73
-3.6595,-5.40899,0.76
-3.31696,-3.58432,0.76
-2.43696,-3.9861,0.76
-3.00495,-5.39854,0.76
-1.85301,-5.08953,0.76
-2.71159,-5.51705,0.76
-2.08661,-5.2256,0.73
-2.96715,-5.83653,0.73
-2.80387,-4.67485,0.75
-3.35581,-6.67359,0.73
-3.27056,-5.05053,0.76
-3.05152,-5.31758,0.76
-4.76935,-7.24558,0.75
-2.21739,-5.06918,0.76
-2.36985,-3.8792,0.76
-1.88438,-5.72182,0.75
-3.69715,-6.79731,0.75
-2.52524,-4.89305,0.76
-3.77435,-5.73631,0.76
-2.68617,-4.96298,0.76
-3.19277,-4.95045,0.76
-3.82446,-6.12851,0.76
-4.29551,-6.40001,0.73
-3.75862,-5.30706,0.75
-3.83493,-4.239,0.76
-2.80705,-4.75067,0.76
-2.40272,-5.10624,0.76
-3.22542,-4.27058,0.76
-3.28833,-4.7924,0.76
-2.83866,-5.46324,0.75
-3.10667,-4.72785,0.76
-4.49142,-5.43267,0.76
-2.85901,-4.642,0.76
-3.95684,-6.15473,0.76
-3.82317,-5.26946,0.75
-2.88084,-4.61592,0.75
-1.96916,-5.92751,0.75
-3.19218,-5.84318,0.73
-4.48233,-5.32826,0.76
-3.03967,-5.91355,0.76
-3.47619,-5.81175,0.76
-3.98594,-4.9379,0.76
-2.79309,-4.1935,0.76
-3.65566,-4.41421,0.75
-3.70873,-4.95024,0.76
-2.30086,-7.06942,0.71
-2.59216,-5.59304,0.75
-2.55022,-4.57624,0.76
-4.3729,-5.88681,0.76
-2.37609,-6.19579,0.72
-3.80925,-5.81166,0.76
-4.15216,-3.84992,0.76
-4.02089,-6.44452,0.75
-2.91135,-4.94321,0.76
-2.95855,-4.42192,0.76
-2.75954,-4.05259,0.75
-2.95274,-5.58448,0.76
-3.59189,-4.35033,0.76
-3.60558,-5.93178,0.73
-4.04337,-5.54086,0.76
-2.81655,-4.69996,0.76
-3.83342,-4.08685,0.76
-3.67851,-5.71684,0.76
-2.664,-5.63297,0.76
-3.93455,-6.24578,0.76
-2.67522,-5.48739,0.76
-2.8957,-5.07154,0.75
-3.50436,-4.81867,0.76
-3.0248,-4.64603,0.76
-2.45808,-4.31085,0.75
-3.69477,-4.55281,0.76
-3.51332,-6.18608,0.73
-2.64999,-4.678,0.75
-4.40818,-5.8249,0.76
-3.42525,-5.21146,0.76
-3.70593,-5.33669,0.75
-3.40093,-5.03416,0.76
-3.2429,-5.42977,0.76
-3.5022,-5.11841,0.75
-4.25854,-5.656,0.76
-3.29939,-5.29396,0.76
-3.47485,-4.9688,0.76
-3.98402,-4.37557,0.76
-2.30918,-5.51587,0.75
-4.35327,-4.86029,0.75
-3.3334,-4.566,0.76
-3.09701,-5.05927,0.76
-3.90939,-5.86356,0.76
-3.63532,-4.59433,0.76
-3.10423,-4.6965,0.75
-2.38198,-4.97528,0.76
-4.10429,-5.53058,0.76
-3.06807,-5.942,0.75
-4.39536,-7.29109,0.73
-3.07116,-4.4588,0.75
-2.82274,-5.36431,0.76
-2.70208,-5.5031,0.73
-3.06694,-5.29629,0.76
-3.26927,-4.9678,0.76
-3.46296,-5.40153,0.76
-3.43435,-5.53484,0.76
-4.54518,-5.19257,0.76
-3.74527,-6.47433,0.73
-5.68634,-7.71607,0.75
-2.43179,-5.58262,0.75
-3.60551,-5.26958,0.75
-3.63068,-4.71933,0.76
-3.85867,-5.10491,0.76
-2.59078,-5.39392,0.76
-3.74314,-5.84828,0.76
-2.99264,-5.31175,0.76
-2.73962,-4.58456,0.76
-4.41575,-5.66595,0.76
-2.68578,-4.22124,0.76
-4.25428,-5.98012,0.76
-3.04135,-4.35755,0.76
-2.44223,-4.91457,0.75
-2.1597,-5.72842,0.72
-3.23825,-5.11661,0.75
-4.32821,-5.15595,0.76
-3.77412,-6.25628,0.75
-2.80224,-4.01834,0.76
-2.94487,-4.84433,0.75
-3.5493,-5.12654,0.76
-3.36297,-4.98137,0.76
-3.90028,-5.24439,0.76
-4.16067,-6.16946,0.76
-2.65168,-4.32506,0.76
-2.28937,-4.71412,0.76
-3.36333,-5.06996,0.76
-3.15991,-4.31358,0.76
-2.65851,-4.19208,0.76
-3.74921,-5.68097,0.76
-3.39446,-4.99678,0.75
-2.70258,-4.19113,0.76
-3.05542,-5.88321,0.73
-3.12338,-4.48883,0.76
-3.55887,-6.25936,0.75
-3.23624,-5.27009,0.76
-3.81218,-4.46692,0.76
-3.11971,-4.26389,0.76
-3.25425,-4.88702,0.76
-4.05328,-6.40037,0.75
-2.81629,-5.43474,0.75
-2.9551,-5.34429,0.76
-3.62859,-6.50051,0.73
-3.08501,-5.34554,0.76
-3.53459,-4.79317,0.76
-3.04701,-4.97488,0.75
-3.27134,-4.84405,0.76
-4.05186,-4.59065,0.76
-3.55788,-4.9111,0.76
-3.01451,-3.96777,0.76
-4.08448,-5.31015,0.75
-3.20511,-4.6911,0.76
-2.81457,-4.7433,0.76
-3.58963,-4.97139,0.76
-3.38664,-5.34682,0.76
-3.26367,-5.61017,0.76
-2.72614,-4.71172,0.76
-3.95669,-6.74207,0.73
-2.60242,-4.51741,0.76
-3.64448,-6.12654,0.76
-3.42124,-5.28865,0.75
-3.85048,-6.50014,0.76
-2.07593,-4.62051,0.76
-3.42795,-5.10256,0.76
-2.98126,-5.11612,0.76
-3.49038,-6.13661,0.73
-4.30731,-5.8592,0.73
-3.5719,-5.96044,0.75
-2.55453,-4.49096,0.76
-2.56499,-4.96558,0.75
-4.28852,-5.23948,0.76
-2.52152,-4.10414,0.76
-4.95692,-6.71077,0.76
-3.34188,-5.95372,0.73
-4.49516,-6.02704,0.75
-3.03807,-4.60084,0.76
-3.19364,-5.18955,0.76
-3.21031,-5.23595,0.76
-3.05658,-4.94518,0.76
-3.84111,-5.83324,0.76
-1.93228,-5.78989,0.73
-3.1386,-4.45998,0.75
-3.85123,-5.60726,0.75
-4.09304,-5.14419,0.76
-3.96798,-6.45186,0.76
-3.38129,-4.86488,0.76
-2.55778,-4.54303,0.73
-2.91786,-6.82865,0.72
-3.52102,-4.89357,0.76
-3.64424,-4.9908,0.76
-3.88034,-5.18104,0.75
-3.38302,-5.66834,0.76
-2.66275,-5.95504,0.76
-5.45857,-5.26496,0.76
-2.61906,-4.86207,0.76
-2.48567,-4.82684,0.75
-4.06863,-5.42217,0.76
-2.87759,-4.70948,0.76
-3.19399,-5.28701,0.76
-4.19384,-6.00661,0.76
-3.6154,-5.91701,0.76
-3.40319,-4.48687,0.76
-4.02124,-6.19231,0.76
-2.87389,-4.54614,0.75
-3.48422,-5.84138,0.73
-2.37679,-4.9768,0.76
-2.0888,-5.05593,0.76
-3.19125,-6.88975,0.73
-2.89734,-4.47384,0.75
-2.51029,-4.90489,0.73
-4.24711,-4.50404,0.76
-3.40705,-5.4733,0.76
-3.0748,-4.42232,0.76
-3.40677,-6.80713,0.73
-1.90674,-5.56426,0.76
-3.7515,-6.09895,0.76
-2.58524,-5.65134,0.73
-2.84202,-4.34111,0.76
-3.80121,-5.17124,0.76
-2.39423,-4.55661,0.76
-3.78023,-6.3306,0.76
-3.03147,-5.21128,0.76
-2.2533,-6.09049,0.73
-3.82513,-4.78142,0.76
-3.00341,-5.11381,0.75
-3.53865,-5.12596,0.75
-2.73208,-4.94567,0.76
-2.61704,-4.27056,0.76
-2.92046,-4.45408,0.76
-2.79238,-5.97996,0.75
-4.21791,-6.46201,0.73
-3.65047,-6.36665,0.73
-2.74357,-5.45151,0.75
-3.4266,-7.63144,0.73
-2.97467,-5.40196,0.73
-3.63113,-5.3832,0.75
-2.07907,-4.61819,0.76
-3.70869,-6.94366,0.73
-3.05996,-4.89477,0.76
-4.21224,-5.86271,0.76
-3.49817,-5.70532,0.75
-2.715,-5.12201,0.76
-3.60707,-6.35681,0.75
-3.08375,-5.5291,0.76
-4.17866,-5.97522,0.76
-2.8122,-5.52062,0.76
-3.77141,-6.20826,0.76
-3.78316,-5.43737,0.75
-3.4855,-5.60488,0.76
-3.02977,-4.6989,0.76
-2.57396,-5.42021,0.73
-4.01596,-5.55076,0.76
-3.21287,-5.28966,0.76
-2.37623,-5.19755,0.75
-4.15317,-5.70191,0.76
-4.38823,-3.19739,0.76
-2.47332,-3.9369,0.76
-3.92549,-5.9159,0.76
-3.6,-5.12698,0.76
-2.76124,-5.26547,0.76
-3.01372,-5.30664,0.75
-2.92403,-5.75202,0.76
-3.55935,-5.17383,0.76
-3.19464,-5.04399,0.76
-3.76463,-6.00986,0.75
-3.77855,-4.41809,0.76
-3.42036,-5.38231,0.76
-2.53099,-4.78046,0.76
-2.24306,-5.65128,0.72
-4.0124,-6.10934,0.73
-2.46186,-5.03968,0.76
-3.20966,-4.55514,0.76
-4.5354,-5.51639,0.75
-4.794,-6.83719,0.73
-2.03538,-5.5288,0.75
-5.43804,-6.54878,0.76
-3.39459,-5.38775,0.73
-3.41657,-5.6314,0.76
-3.19311,-4.87182,0.75
-2.64064,-6.37844,0.73
-4.94878,-6.42244,0.75
-2.89855,-5.63903,0.76
-2.98759,-5.43409,0.76
-4.2321,-5.20822,0.76
-3.33654,-5.01985,0.75
-3.74486,-6.47766,0.76
-2.98942,-2.98705,0.76
-2.96238,-6.45042,0.73
-2.87551,-4.28771,0.76
-3.59554,-6.49454,0.76
-3.6399,-4.83399,0.76
-5.65464,-6.91828,0.73
-4.09261,-5.15877,0.76
-3.45584,-5.24604,0.75
-3.5952,-4.47903,0.76
-3.56185,-5.25822,0.75
-2.19499,-4.85939,0.76
-2.86255,-5.19799,0.75
-2.90221,-5.46615,0.76
-2.98946,-6.28686,0.73
-3.28604,-5.97514,0.76
-3.74974,-5.8109,0.73
-2.42905,-5.30733,0.75
-4.0566,-5.75237,0.76
-3.02244,-4.84316,0.75
-3.34433,-8.09161,0.72
-3.44941,-4.84364,0.76
-4.07012,-6.7944,0.75
-3.50988,-6.74923,0.73
-4.9665,-6.82284,0.73
-2.28769,-6.1512,0.75
-2.9205,-5.04246,0.76
-2.85369,-6.27126,0.76
-3.05228,-5.17375,0.75
-3.78674,-5.60761,0.75
-3.37036,-5.02297,0.76
-3.09592,-6.17903,0.76
-4.02727,-6.68262,0.73
-3.29775,-5.19474,0.76
-3.6959,-5.7339,0.76
-3.75573,-5.88039,0.75
-3.1751,-4.78896,0.76
-1.53724,-5.49943,0.75
-3.2386,-5.11751,0.76
-3.77155,-4.58841,0.76
-3.54831,-6.14764,0.75
-3.49468,-4.70784,0.76
-3.88822,-4.53007,0.76
-2.76593,-4.22429,0.76
-3.77271,-6.1035,0.76
-3.48343,-5.50548,0.76
-3.5807,-4.98196,0.76
-3.60962,-5.56421,0.75
-3.39387,-6.98484,0.75
-3.52661,-4.49764,0.76
-3.55093,-4.85788,0.76
-3.13169,-6.87899,0.73
-2.6998,-5.00341,0.73
-3.58123,-5.2561,0.75
-2.83553,-5.19896,0.76
-3.11115,-4.96813,0.76
-7.76932,-8.74452,0.73
-4.60354,-7.36517,0.75
-3.61513,-4.71043,0.76
-2.93462,-5.01972,0.75
-2.47231,-4.4864,0.76
-3.44926,-4.85647,0.75
-4.04142,-5.08244,0.76
-3.66371,-5.14372,0.75
-3.44939,-4.58828,0.76
-4.33491,-5.13505,0.76
-3.8971,-4.40869,0.76
-3.57376,-5.73988,0.76
-5.6767,-7.33523,0.75
-3.62786,-5.02989,0.76
-3.4341,-6.64065,0.73
-3.81818,-5.51969,0.76
-3.61477,-5.02437,0.76
-2.24972,-4.69926,0.76
-3.46313,-5.21442,0.76
-3.77932,-5.24301,0.76
-2.85835,-5.22633,0.75
-2.96429,-4.68293,0.76
-3.11863,-5.09316,0.76
-3.75681,-4.46628,0.76
-3.98537,-6.44874,0.73
-3.57422,-6.17163,0.73
-3.67138,-4.92817,0.76
-3.05343,-4.45264,0.75
-3.39745,-5.0179,0.76
-4.14679,-5.48098,0.76
-3.63806,-5.33528,0.76
-3.13557,-5.12608,0.76
-3.95237,-4.77721,0.76
-2.90204,-4.54659,0.75
-3.97716,-5.37108,0.76
-2.41,-5.45575,0.76
-4.31626,-6.17777,0.76
-3.82382,-4.10238,0.76
-3.52709,-6.31139,0.76
-4.17249,-6.3211,0.75
-3.61301,-5.29086,0.75
-3.59787,-5.02705,0.75
-2.56554,-5.89599,0.75
-3.6562,-6.34266,0.75
-3.09822,-4.88452,0.76
-3.56311,-5.56987,0.76
-4.18713,-7.38022,0.75
-3.346,-3.89683,0.75
-3.68098,-4.97641,0.76
-3.33308,-4.93458,0.75
-3.29181,-5.23833,0.76
-2.53807,-5.03767,0.76
-3.49355,-5.43151,0.76
-2.7579,-5.28204,0.76
-2.57224,-4.69551,0.76
-4.17771,-4.9228,0.76
-2.50793,-4.99568,0.76
-4.20594,-5.84557,0.72
-2.91012,-5.73616,0.76
-2.48595,-4.64746,0.76
-2.87088,-4.47929,0.76
-2.57826,-4.77149,0.73
-3.76049,-6.94883,0.73
-2.27292,-5.04065,0.73
-3.21099,-5.62372,0.76
-2.06256,-5.40181,0.76
-3.43267,-5.17712,0.76
-3.20572,-5.34091,0.75
-3.01607,-5.4743,0.76
-4.01219,-5.8327,0.73
-3.371,-5.57169,0.76
-3.96721,-5.78728,0.76
-2.7595,-4.91156,0.75
-3.45552,-5.18271,0.76
-2.59993,-5.75213,0.73
-3.03401,-5.77284,0.73
-3.26201,-5.10393,0.75
-3.91287,-5.07652,0.76
-5.06681,-7.8604,0.72
-3.20745,-4.63101,0.76
-3.84406,-5.19855,0.76
-3.73988,-4.53377,0.76
-3.55299,-4.82867,0.75
-3.52207,-4.5424,0.75
-3.77569,-5.39709,0.76
-3.40792,-5.49219,0.76
-4.27736,-7.13234,0.76
-2.31598,-4.16384,0.76
-3.29952,-3.79731,0.76
-3.1311,-5.13502,0.73
-2.15131,-5.18486,0.76
-3.0867,-5.28442,0.76
-2.40676,-3.73804,0.76
-4.04512,-6.20014,0.75
-2.13743,-5.17903,0.76
-2.09301,-4.65864,0.76
-3.20846,-5.01073,0.76
-5.20061,-4.708,0.76
-2.57519,-4.59228,0.76
-3.41784,-5.04248,0.73
-3.10062,-5.44483,0.76
-3.37514,-6.15084,0.72
-3.35455,-5.81581,0.75
-3.32926,-4.97757,0.76
-3.09104,-5.07638,0.76
-4.33235,-5.56168,0.76
-3.07784,-5.41156,0.76
-3.73703,-5.428,0.76
-3.53612,-3.96106,0.76
-4.83082,-6.09208,0.76
-2.90816,-4.6057,0.75
-2.26604,-5.3576,0.73
-2.60651,-3.6634,0.76
-2.47198,-4.96526,0.73
-3.83629,-5.6215,0.76
-2.55458,-5.33185,0.76
-2.46065,-4.6022,0.76
-3.61418,-5.18886,0.76
-2.10928,-5.14815,0.73
-3.46895,-3.88575,0.76
-3.77233,-5.15064,0.75
-3.40244,-6.17259,0.73
-3.09501,-5.07474,0.76
-2.57647,-5.51102,0.75
-2.64835,-4.81075,0.76
-2.77298,-5.2132,0.76
-1.73109,-4.78042,0.76
-3.6723,-4.32491,0.76
-3.66416,-5.49255,0.76
-2.29267,-3.98728,0.76
-3.39365,-5.91264,0.75
-2.86272,-5.24453,0.73
-2.47681,-5.40624,0.76
-3.08737,-4.43009,0.76
-3.86902,-5.74966,0.75
-1.98588,-6.64892,0.72
-3.19795,-5.28718,0.76
-3.60886,-5.57622,0.76
-4.94006,-7.40966,0.76
-5.80367,-7.99578,0.76
-3.72194,-4.29923,0.76
-3.20383,-4.57641,0.76
-2.05094,-4.47686,0.76
-2.23724,-4.65139,0.73
-3.22098,-4.79964,0.76
-2.56126,-4.93148,0.75
-1.76787,-5.70273,0.73
-2.23761,-5.66444,0.76
-3.57282,-6.00246,0.76
-3.3901,-5.82433,0.76
-3.58299,-4.78896,0.76
-3.28791,-5.45255,0.76
-3.46492,-5.52249,0.75
-5.50115,-7.60178,0.75
-4.54364,-5.93509,0.75
-3.43638,-5.3126,0.76
-2.14876,-5.52961,0.76
-3.30711,-6.42304,0.75
-3.44678,-4.59764,0.76
-3.04047,-4.56335,0.76
-3.3428,-6.29473,0.76
-5.17793,-7.49074,0.73
-2.08338,-4.9252,0.73
-2.42633,-5.0602,0.75
-2.05021,-4.92616,0.76
-3.99121,-4.02155,0.76
-3.1034,-6.02697,0.76
-4.72569,-5.95322,0.75
-2.70183,-5.30029,0.73
-3.4128,-5.94892,0.75
-2.6331,-5.41505,0.76
-2.77222,-6.01604,0.72
-3.56951,-5.33985,0.75
-2.98838,-4.5283,0.76
-3.19916,-4.81386,0.76
-3.03058,-5.10053,0.76
-3.3069,-4.91798,0.76
-3.63639,-5.21233,0.76
-3.75991,-4.47184,0.76
-3.6941,-5.90472,0.75
-2.50499,-5.10313,0.73
-3.77646,-4.98754,0.75
-3.88955,-5.47791,0.75
-4.37178,-5.42924,0.75
-4.61286,-5.12596,0.76
-3.15854,-5.23394,0.76
-2.7831,-5.11237,0.76
-4.46546,-4.24963,0.76
-2.36299,-5.96869,0.75
-3.66178,-5.14639,0.75
-2.39926,-5.36143,0.76
-3.23272,-5.79028,0.73
-3.01615,-5.42486,0.76
-2.73983,-4.19781,0.76
-2.70693,-4.97036,0.76
-2.79857,-4.86309,0.75
-3.92769,-5.78414,0.76
-2.89929,-6.97452,0.76
-2.68637,-5.07776,0.76
-4.38189,-7.27767,0.76
-2.53304,-4.39012,0.76
-3.13733,-4.6024,0.76
-2.2408,-5.26186,0.73
-3.11871,-4.23856,0.75
-3.09213,-5.24007,0.76
-3.72816,-5.01263,0.76
-3.81172,-5.99782,0.76
-3.25694,-4.68553,0.76
-3.64547,-5.85001,0.76
-3.76837,-5.17113,0.76
-3.223,-6.28319,0.73
-3.70667,-5.75798,0.73
-2.9077,-4.86807,0.75
-3.1808,-4.4338,0.76
-2.01617,-5.12121,0.73
-3.14235,-5.00262,0.76
-3.59296,-6.44672,0.75
-4.13223,-4.87066,0.75
-2.68309,-5.7525,0.73
-3.72491,-4.8347,0.75
-2.42932,-4.61708,0.76
-3.97596,-4.54895,0.76
-3.21894,-4.28586,0.76
-3.55115,-4.71498,0.76
-2.41709,-4.94684,0.75
-4.49876,-6.26567,0.75
-3.81659,-5.49605,0.75
-3.17508,-4.92619,0.75
-1.30557,-6.91597,0.72
-4.66943,-5.36796,0.76
-2.80675,-4.92223,0.76
-4.05127,-5.22772,0.75
-3.11309,-6.45628,0.75
-2.16628,-5.27857,0.76
-3.59179,-3.77618,0.76
-3.49977,-6.63403,0.76
-3.5287,-5.26845,0.76
-3.20792,-4.83334,0.75
-3.07126,-5.27181,0.75
-4.67564,-5.56066,0.76
-3.40266,-6.3361,0.76
-3.4055,-6.26444,0.73
-3.90122,-6.54043,0.76
-2.30623,-6.13722,0.73
-2.00202,-4.97106,0.76
-4.15491,-5.90311,0.75
-2.58061,-5.01423,0.73
-3.37302,-5.94005,0.75
-4.15952,-8.01775,0.73
-2.92763,-6.72705,0.73
-2.70752,-4.17878,0.76
-2.50879,-5.34834,0.75
-3.89341,-5.63257,0.76
-3.62964,-5.23915,0.76
-2.53157,-5.20274,0.76
-3.43261,-4.74143,0.76
-3.78774,-5.29444,0.76
-2.03953,-6.17087,0.73
-3.34066,-4.76878,0.76
-5.24976,-5.28936,0.76
-2.98706,-4.78718,0.76
-2.62577,-5.01877,0.76
-2.43357,-4.43035,0.76
-2.69774,-6.23681,0.76
-3.05498,-4.24202,0.76
-4.18428,-4.85892,0.76
-3.81555,-4.97012,0.76
-3.50624,-4.97225,0.76
-3.60062,-5.77356,0.76
-4.22466,-5.28991,0.75
-3.46312,-5.40193,0.76
-3.3897,-4.58156,0.76
-2.58949,-5.50108,0.76
-2.63095,-4.2729,0.76
-3.68035,-4.62547,0.76
-2.18126,-5.0565,0.76
-3.66544,-4.93013,0.76
-1.9932,-5.67399,0.73
-4.1463,-5.71734,0.75
-2.75788,-4.80236,0.73
-2.36067,-4.33967,0.76
-3.54321,-4.70393,0.76
-4.31309,-5.34479,0.76
-3.81915,-5.11051,0.75
-2.49311,-5.7342,0.76
-4.23185,-6.34105,0.76
-3.57721,-5.9007,0.76
-2.57373,-5.26384,0.76
-3.3201,-3.61175,0.76
-3.1261,-4.28614,0.76
-4.17737,-5.33438,0.76
-2.40024,-4.87228,0.76
-3.11358,-5.79386,0.75
-3.97689,-5.84195,0.75
-2.66263,-5.04907,0.76
-2.90946,-5.18724,0.76
-2.93618,-5.82926,0.72
-2.58403,-4.96813,0.75
-1.1952,-5.26342,0.73
-3.43719,-6.12581,0.76
-4.39121,-6.83193,0.76
-2.44052,-4.59676,0.76
-2.75229,-4.2885,0.76
-2.36141,-6.63702,0.72
-3.12156,-4.47618,0.76
-2.87228,-5.78758,0.75
-3.71192,-5.32581,0.75
-3.47112,-5.01005,0.76
-2.7331,-6.61329,0.73
-3.69828,-5.59237,0.76
-1.96127,-4.61147,0.76
-3.47564,-5.95795,0.76
-3.67532,-5.12421,0.76
-2.79547,-4.46766,0.76
-3.06809,-5.16388,0.75
-1.75158,-6.55254,0.73
-3.21495,-5.15627,0.76
-2.72975,-4.80073,0.76
-4.40458,-4.95336,0.76
-3.61601,-5.82884,0.76
-4.16306,-5.75444,0.75
-2.27125,-5.0123,0.76
-4.23106,-5.26484,0.76
-3.51509,-4.412,0.76
-3.89235,-4.34171,0.76
-3.79209,-5.3593,0.75
-3.7405,-5.40152,0.75
-3.30435,-4.72974,0.76
-2.7334,-6.26926,0.73
-3.61295,-3.64266,0.76
-4.5448,-5.09138,0.76
-3.14744,-4.78633,0.76
-2.4798,-3.93574,0.76
-3.37207,-5.30969,0.76
-2.67365,-5.27223,0.76
-4.59024,-5.39506,0.76
-3.50651,-6.30474,0.73
-2.74277,-4.48668,0.75
-4.09991,-5.65754,0.75
-4.0254,-4.49815,0.76
-3.14582,-3.81212,0.76
-3.905,-4.87294,0.76
-4.16555,-4.60653,0.76
-4.41822,-6.67852,0.76
-3.24824,-4.22062,0.76
-2.5778,-5.6486,0.73
-3.97005,-6.04446,0.76
-4.09533,-4.52699,0.76
-4.13251,-4.40085,0.76
-3.84655,-5.02048,0.76
-2.65197,-5.19428,0.76
-2.66811,-5.41006,0.76
-2.78006,-4.84411,0.76
-3.95837,-5.13821,0.75
-3.83013,-5.36771,0.76
-2.27266,-4.59023,0.76
-4.2443,-6.46971,0.76
-2.92555,-5.32979,0.76
-2.68018,-4.74619,0.76
-2.95189,-5.92061,0.75
-2.50828,-3.60495,0.76
-3.5695,-4.76818,0.76
-2.67557,-5.01693,0.76
-2.71312,-5.27133,0.76
-3.63035,-5.05014,0.76
-1.83776,-5.57531,0.73
-2.90681,-4.43344,0.76
-2.95382,-5.01578,0.76
-3.20637,-6.68274,0.76
-2.79162,-4.87839,0.75
-3.72957,-5.43124,0.75
-3.43047,-5.96565,0.76
-4.1807,-5.34542,0.76
-3.46681,-5.60203,0.76
-3.39191,-5.28623,0.75
-3.80569,-4.09318,0.76
-4.75887,-6.99423,0.76
-3.65254,-4.82807,0.76
-2.27124,-5.36643,0.76
-3.09389,-4.36481,0.76
-2.87882,-5.06628,0.76
-3.93853,-5.10588,0.76
-2.9242,-4.47259,0.76
-3.38331,-4.91294,0.75
-2.97775,-4.95566,0.76
-4.42905,-5.02505,0.76
-3.81356,-7.62877,0.73
-2.77871,-4.40907,0.76
-2.81299,-6.2693,0.73
-2.64841,-4.99564,0.76
-3.40979,-4.75458,0.76
-4.55448,-7.03066,0.75
-2.4224,-4.48826,0.75
-3.39403,-4.71338,0.75
-3.53098,-4.31224,0.76
-3.7302,-5.16982,0.76
-3.15571,-3.98052,0.76
-3.04798,-6.0673,0.76
-3.47764,-5.30072,0.76
-5.0679,-7.80355,0.72
-1.08263,-5.82361,0.75
-2.67304,-4.7341,0.75
-2.76537,-5.96805,0.76
-2.45182,-4.4933,0.76
-3.41571,-5.70005,0.75
-3.75305,-5.45893,0.76
-2.86385,-4.97814,0.76
-3.10966,-5.59046,0.76
-3.32443,-5.83425,0.76
-4.08227,-5.09803,0.76
-3.15028,-4.32037,0.76
-3.75995,-4.58206,0.76
-2.87438,-5.99886,0.73
-3.93868,-4.58928,0.76
-3.14254,-4.36649,0.76
-1.94808,-5.8511,0.76
-3.25303,-5.5628,0.76
-3.59586,-5.98676,0.76
-3.62131,-3.97822,0.76
-3.58551,-5.27987,0.75
-3.88697,-4.7217,0.76
-2.92475,-5.18581,0.75
-3.70286,-5.89703,0.75
-4.04541,-5.45908,0.76
-4.08233,-4.47937,0.75
-2.49903,-6.32448,0.72
-1.43544,-6.28019,0.72
-3.11849,-6.66679,0.73
-3.36685,-5.30494,0.76
-3.47017,-3.64303,0.76
-3.44146,-5.40062,0.75
-3.39389,-5.23259,0.76
-3.17441,-5.37253,0.76
-3.01122,-4.71771,0.76
-3.5282,-4.38045,0.76
-3.13165,-6.11684,0.73
-2.68172,-4.81859,0.76
-2.1125,-4.94899,0.76
-3.81369,-6.95448,0.73
-3.74419,-6.1163,0.75
-2.85278,-5.26342,0.75
-3.61369,-5.13051,0.75
-2.31864,-6.09212,0.71
-3.68875,-4.81174,0.76
-3.74794,-4.82852,0.76
-2.41234,-5.97491,0.75
-3.63438,-4.36706,0.76
-3.16636,-4.62317,0.76
-3.69718,-5.78938,0.75
-3.32214,-4.97192,0.76
-2.24812,-6.08875,0.73
-2.88527,-4.4572,0.76
-3.0541,-4.85201,0.76
-2.92108,-5.3111,0.75
-3.8025,-4.47992,0.76
-3.13123,-4.95852,0.76
-3.68843,-4.67811,0.75
-3.20592,-5.28317,0.76
-3.95007,-5.54567,0.76
-2.91564,-5.46627,0.75
-2.43271,-5.66444,0.76
-3.01416,-4.70367,0.75
-4.28543,-5.40934,0.76
-2.76498,-6.8501,0.73
-4.48951,-5.3951,0.75
-3.0841,-6.57466,0.75
-3.20468,-5.85448,0.76
-3.44834,-4.58782,0.75
-3.52281,-4.78583,0.76
-3.48291,-5.11449,0.76
-4.19567,-5.88115,0.76
-3.92976,-7.20047,0.75
-2.56099,-4.3141,0.76
-4.56837,-5.71959,0.75
-4.24828,-6.32483,0.75
-4.82163,-7.30619,0.75
-3.41499,-6.75683,0.73
-2.88207,-5.91506,0.72
-2.65022,-5.59141,0.76
-3.11192,-6.07625,0.73
-2.29531,-5.35539,0.76
-3.27359,-4.8601,0.76
-2.48701,-4.86857,0.76
-4.00827,-4.65078,0.76
-3.18417,-5.28363,0.75
-4.04213,-6.17892,0.75
-2.80591,-6.01108,0.76
-3.0737,-6.1241,0.72
-2.94118,-7.38848,0.73
-3.18519,-5.57527,0.75
-2.70504,-4.17343,0.76
-2.9782,-4.31715,0.76
-3.20077,-4.63605,0.76
-3.9917,-7.32679,0.71
-2.62981,-4.98038,0.75
-4.51617,-6.27208,0.76
-2.65259,-4.98973,0.73
-4.24821,-6.7884,0.72
-4.04703,-6.0377,0.75
-3.32735,-5.37328,0.76
-2.74811,-5.8881,0.75
-3.66535,-6.04223,0.75
-3.11605,-4.84039,0.73
-4.07492,-6.15949,0.73
-2.31428,-5.82833,0.76
-2.91157,-4.41306,0.76
-2.94691,-4.77579,0.76
-2.68168,-4.62562,0.75
-3.39678,-4.55487,0.75
-3.49252,-5.27349,0.75
-2.35395,-4.71269,0.75
-3.0503,-5.56307,0.76
-1.96494,-5.18919,0.75
-3.24493,-7.03754,0.73
-2.71902,-4.5296,0.75
-4.38171,-5.603,0.76
-3.32512,-7.25216,0.73
-3.65495,-5.04955,0.76
-3.01342,-4.83407,0.76
-2.93395,-6.61273,0.73
-2.48393,-4.9127,0.75
-3.23789,-5.90269,0.76
-2.96647,-4.21163,0.76
-3.90744,-4.95042,0.76
-2.33384,-4.36611,0.76
-2.77761,-5.25897,0.75
-2.69718,-6.46916,0.73
-3.16133,-5.14924,0.76
-3.13246,-5.72751,0.75
-3.01577,-6.23308,0.76
-4.17015,-6.46192,0.75
-3.42863,-6.24017,0.73
-4.49773,-4.78587,0.76
-3.64155,-5.55154,0.76
-3.53315,-4.54942,0.76
-2.59047,-6.36966,0.73
-4.69142,-6.3154,0.76
-2.92372,-5.73819,0.76
-4.37167,-6.91522,0.75
-3.15809,-5.62669,0.73
-3.01366,-4.16819,0.76
-4.8851,-5.75761,0.76
-3.34323,-6.02145,0.76
-4.32893,-5.17654,0.76
-3.97848,-6.00051,0.76
-3.11915,-6.19375,0.73
-2.30577,-5.3488,0.75
-2.93632,-4.67877,0.76
-3.20948,-4.79936,0.76
-3.74345,-5.51895,0.73
-3.43464,-5.36892,0.76
-3.57541,-6.15613,0.75
-3.19125,-4.75623,0.76
-3.69858,-4.18222,0.76
-2.18223,-4.3162,0.76
-3.29505,-4.37411,0.75
-3.31182,-5.81149,0.75
-2.31231,-5.03778,0.75
-2.81276,-4.37923,0.76
-2.4189,-4.79332,0.76
-2.50165,-5.03441,0.76
-3.51462,-5.18528,0.76
-4.13128,-5.4364,0.76
-1.90592,-4.1923,0.76
-3.94061,-4.39372,0.76
-3.42706,-5.50939,0.75
-3.073,-4.46096,0.76
-2.69638,-5.0597,0.76
-3.20041,-5.29467,0.76
-3.36856,-6.2183,0.75
-3.27535,-6.8022,0.73
-2.72118,-4.83403,0.76
-3.41127,-6.07139,0.73
-3.60529,-4.21399,0.76
-4.22603,-4.66227,0.76
-3.27504,-4.7951,0.76
-1.75949,-5.64533,0.73
-4.79015,-6.68401,0.76
-3.38071,-4.48952,0.76
-3.42927,-4.61441,0.76
-2.95141,-5.20606,0.76
-3.09253,-5.88902,0.75
-2.38909,-4.9225,0.73
-3.08914,-5.03394,0.76
-4.05806,-6.07602,0.76
-3.69706,-5.78265,0.73
-3.15785,-6.04468,0.76
-2.26123,-4.44124,0.76
-3.95251,-5.42435,0.75
-2.55042,-4.52314,0.76
-4.25779,-5.77499,0.75
-4.2965,-5.75963,0.75
-4.58708,-6.74936,0.76
-4.08225,-4.62964,0.76
-3.36165,-4.43907,0.76
-3.62934,-4.68215,0.76
-1.99015,-5.52772,0.73
-1.69582,-5.83238,0.76
-1.03961,-7.97455,0.71
-2.81244,-4.32237,0.76
-3.57119,-6.12981,0.76
-2.85791,-6.02076,0.76
-3.53929,-5.47574,0.75
-4.61794,-5.56642,0.76
-3.07365,-5.70522,0.75
-4.66658,-7.10167,0.75
-2.96129,-5.36428,0.73
-3.81337,-4.53471,0.76
-2.66093,-4.72618,0.76
-3.39054,-4.76182,0.76
-2.739,-4.8108,0.76
-2.30969,-5.04136,0.75
-3.293,-5.11649,0.76
-3.59137,-5.01182,0.76
-4.92663,-5.93092,0.75
-3.39771,-4.23726,0.76
-3.83047,-4.47278,0.76
-3.22802,-4.81057,0.76
-3.36221,-5.69254,0.76
-3.694,-4.70609,0.76
-3.04219,-5.40776,0.75
-3.94102,-5.94276,0.76
-2.87088,-5.23293,0.76
-3.52814,-5.09587,0.75
-3.51593,-6.44344,0.73
-2.97783,-4.43352,0.75
-3.20919,-4.66622,0.76
-2.78293,-7.06906,0.71
-3.80159,-6.03909,0.75
-2.83393,-4.60068,0.76
-2.20073,-5.75253,0.73
-3.14723,-6.48178,0.75
-3.24727,-5.45806,0.76
-2.77659,-5.00116,0.76
-3.36927,-5.89587,0.73
-2.95599,-4.33007,0.76
-3.91669,-6.35831,0.76
-3.47393,-4.62826,0.76
-3.51886,-5.02576,0.76
-1.91826,-5.38434,0.73
-3.55163,-5.7919,0.72
-3.09441,-4.36086,0.76
-3.86811,-5.83508,0.76
-3.05684,-4.47316,0.76
-2.63133,-4.92061,0.76
-2.60252,-5.17858,0.76
-3.11902,-5.26748,0.76
-3.62394,-6.1138,0.73
-3.15875,-4.08404,0.76
-3.73047,-4.87786,0.76
