genotype_code	genotype_name	treatment	timepoint	trait_group	supp_table_printed	docx_table	trait	value	se	tukey_letters
1	Moroberakan	Control	0 DAT	morpho-physiological	Supp 7 (one-way)	docx_table_9	PH	35.50	0.15	defg
1	Moroberakan	Control	0 DAT	morpho-physiological	Supp 7 (one-way)	docx_table_9	LN	3.67	0.00	ab
1	Moroberakan	Control	0 DAT	morpho-physiological	Supp 7 (one-way)	docx_table_9	TLL	22.47	0.62	bcdef
1	Moroberakan	Control	0 DAT	morpho-physiological	Supp 7 (one-way)	docx_table_9	TLW	0.37	0.07	bcded
1	Moroberakan	Control	0 DAT	morpho-physiological	Supp 7 (one-way)	docx_table_9	BLL	17.47	0.68	cd
1	Moroberakan	Control	0 DAT	morpho-physiological	Supp 7 (one-way)	docx_table_9	BLW	0.17	0.04	cd
1	Moroberakan	Control	0 DAT	morpho-physiological	Supp 7 (one-way)	docx_table_9	rLL	0.78	0.01	bcd
1	Moroberakan	Control	0 DAT	morpho-physiological	Supp 7 (one-way)	docx_table_9	rLW	0.45	0.13	bcdef
1	Moroberakan	Control	0 DAT	morpho-physiological	Supp 7 (one-way)	docx_table_9	SFW	0.58	0.02	ab
1	Moroberakan	Control	0 DAT	morpho-physiological	Supp 7 (one-way)	docx_table_9	RFW	0.20	0.01	cde
1	Moroberakan	Control	0 DAT	morpho-physiological	Supp 7 (one-way)	docx_table_9	SDW	0.20	0.01	a
1	Moroberakan	Control	0 DAT	morpho-physiological	Supp 7 (one-way)	docx_table_9	RDW	0.08	0.00	bcd
1	Moroberakan	Control	0 DAT	morpho-physiological	Supp 7 (one-way)	docx_table_9	Photo	12.11	1.62	c
1	Moroberakan	Control	0 DAT	morpho-physiological	Supp 7 (one-way)	docx_table_9	Cond	0.28	0.03	bc
1	Moroberakan	Control	0 DAT	morpho-physiological	Supp 7 (one-way)	docx_table_9	Ci	243.12	24.60	bc
1	Moroberakan	Control	0 DAT	morpho-physiological	Supp 7 (one-way)	docx_table_9	Tr	4.59	0.55	c
1	Moroberakan	Control	0 DAT	morpho-physiological	Supp 7 (one-way)	docx_table_9	RL	121.44	31.43	def
1	Moroberakan	Control	0 DAT	morpho-physiological	Supp 7 (one-way)	docx_table_9	PA	5.19	1.66	fg
1	Moroberakan	Control	0 DAT	morpho-physiological	Supp 7 (one-way)	docx_table_9	SA	0.43	0.07	de
1	Moroberakan	Control	0 DAT	morpho-physiological	Supp 7 (one-way)	docx_table_9	AD	121.44	32.84	def
1	Moroberakan	Control	0 DAT	morpho-physiological	Supp 7 (one-way)	docx_table_9	LPV	0.17	0.06	de
1	Moroberakan	Control	0 DAT	morpho-physiological	Supp 7 (one-way)	docx_table_9	RV	121.44	32.84	def
1	Moroberakan	Control	0 DAT	morpho-physiological	Supp 7 (one-way)	docx_table_9	TPS	544.67	149.70	efg
2	IR83388-B-B108-3	Control	0 DAT	morpho-physiological	Supp 7 (one-way)	docx_table_9	PH	32.20	22.02	fg
2	IR83388-B-B108-3	Control	0 DAT	morpho-physiological	Supp 7 (one-way)	docx_table_9	LN	4.00	1.73	a
2	IR83388-B-B108-3	Control	0 DAT	morpho-physiological	Supp 7 (one-way)	docx_table_9	TLL	20.13	11.26	def
2	IR83388-B-B108-3	Control	0 DAT	morpho-physiological	Supp 7 (one-way)	docx_table_9	TLW	0.55	0.29	ab
2	IR83388-B-B108-3	Control	0 DAT	morpho-physiological	Supp 7 (one-way)	docx_table_9	BLL	10.37	4.60	ef
2	IR83388-B-B108-3	Control	0 DAT	morpho-physiological	Supp 7 (one-way)	docx_table_9	BLW	0.37	0.14	ab
2	IR83388-B-B108-3	Control	0 DAT	morpho-physiological	Supp 7 (one-way)	docx_table_9	rLL	0.53	0.24	bcd
2	IR83388-B-B108-3	Control	0 DAT	morpho-physiological	Supp 7 (one-way)	docx_table_9	rLW	0.64	0.25	abcdef
2	IR83388-B-B108-3	Control	0 DAT	morpho-physiological	Supp 7 (one-way)	docx_table_9	SFW	0.59	0.26	ab
2	IR83388-B-B108-3	Control	0 DAT	morpho-physiological	Supp 7 (one-way)	docx_table_9	RFW	0.39	0.10	a
2	IR83388-B-B108-3	Control	0 DAT	morpho-physiological	Supp 7 (one-way)	docx_table_9	SDW	0.18	0.06	ab
2	IR83388-B-B108-3	Control	0 DAT	morpho-physiological	Supp 7 (one-way)	docx_table_9	RDW	0.16	0.04	a
2	IR83388-B-B108-3	Control	0 DAT	morpho-physiological	Supp 7 (one-way)	docx_table_9	Photo	11.74	7.00	c
2	IR83388-B-B108-3	Control	0 DAT	morpho-physiological	Supp 7 (one-way)	docx_table_9	Cond	0.27	0.10	c
2	IR83388-B-B108-3	Control	0 DAT	morpho-physiological	Supp 7 (one-way)	docx_table_9	Ci	244.04	113.37	bc
2	IR83388-B-B108-3	Control	0 DAT	morpho-physiological	Supp 7 (one-way)	docx_table_9	Tr	4.64	2.02	c
2	IR83388-B-B108-3	Control	0 DAT	morpho-physiological	Supp 7 (one-way)	docx_table_9	RL	121.71	129.76	def
2	IR83388-B-B108-3	Control	0 DAT	morpho-physiological	Supp 7 (one-way)	docx_table_9	PA	6.77	8.51	efg
2	IR83388-B-B108-3	Control	0 DAT	morpho-physiological	Supp 7 (one-way)	docx_table_9	SA	0.55	0.19	abcd
2	IR83388-B-B108-3	Control	0 DAT	morpho-physiological	Supp 7 (one-way)	docx_table_9	AD	121.71	146.52	def
2	IR83388-B-B108-3	Control	0 DAT	morpho-physiological	Supp 7 (one-way)	docx_table_9	LPV	0.30	0.29	bcde
2	IR83388-B-B108-3	Control	0 DAT	morpho-physiological	Supp 7 (one-way)	docx_table_9	RV	121.71	146.52	def
2	IR83388-B-B108-3	Control	0 DAT	morpho-physiological	Supp 7 (one-way)	docx_table_9	TPS	445.33	593.78	fg
3	IR77298-14-1-2-10	Control	0 DAT	morpho-physiological	Supp 7 (one-way)	docx_table_9	PH	30.67	19.19	g
3	IR77298-14-1-2-10	Control	0 DAT	morpho-physiological	Supp 7 (one-way)	docx_table_9	LN	3.00	1.51	c
3	IR77298-14-1-2-10	Control	0 DAT	morpho-physiological	Supp 7 (one-way)	docx_table_9	TLL	17.70	10.04	f
3	IR77298-14-1-2-10	Control	0 DAT	morpho-physiological	Supp 7 (one-way)	docx_table_9	TLW	0.27	0.28	d
3	IR77298-14-1-2-10	Control	0 DAT	morpho-physiological	Supp 7 (one-way)	docx_table_9	BLL	14.73	4.28	cdef
3	IR77298-14-1-2-10	Control	0 DAT	morpho-physiological	Supp 7 (one-way)	docx_table_9	BLW	0.12	0.10	cd
3	IR77298-14-1-2-10	Control	0 DAT	morpho-physiological	Supp 7 (one-way)	docx_table_9	rLL	0.82	0.21	b
3	IR77298-14-1-2-10	Control	0 DAT	morpho-physiological	Supp 7 (one-way)	docx_table_9	rLW	0.65	0.13	abcde
3	IR77298-14-1-2-10	Control	0 DAT	morpho-physiological	Supp 7 (one-way)	docx_table_9	SFW	0.31	0.22	bc
3	IR77298-14-1-2-10	Control	0 DAT	morpho-physiological	Supp 7 (one-way)	docx_table_9	RFW	0.23	0.08	bc
3	IR77298-14-1-2-10	Control	0 DAT	morpho-physiological	Supp 7 (one-way)	docx_table_9	SDW	0.11	0.05	abc
3	IR77298-14-1-2-10	Control	0 DAT	morpho-physiological	Supp 7 (one-way)	docx_table_9	RDW	0.07	0.04	bcde
3	IR77298-14-1-2-10	Control	0 DAT	morpho-physiological	Supp 7 (one-way)	docx_table_9	Photo	11.68	5.10	c
3	IR77298-14-1-2-10	Control	0 DAT	morpho-physiological	Supp 7 (one-way)	docx_table_9	Cond	0.27	0.07	cd
3	IR77298-14-1-2-10	Control	0 DAT	morpho-physiological	Supp 7 (one-way)	docx_table_9	Ci	241.76	89.50	c
3	IR77298-14-1-2-10	Control	0 DAT	morpho-physiological	Supp 7 (one-way)	docx_table_9	Tr	4.54	1.50	c
3	IR77298-14-1-2-10	Control	0 DAT	morpho-physiological	Supp 7 (one-way)	docx_table_9	RL	142.37	94.01	de
3	IR77298-14-1-2-10	Control	0 DAT	morpho-physiological	Supp 7 (one-way)	docx_table_9	PA	6.37	6.41	fg
3	IR77298-14-1-2-10	Control	0 DAT	morpho-physiological	Supp 7 (one-way)	docx_table_9	SA	0.45	0.18	cde
3	IR77298-14-1-2-10	Control	0 DAT	morpho-physiological	Supp 7 (one-way)	docx_table_9	AD	142.37	107.31	de
3	IR77298-14-1-2-10	Control	0 DAT	morpho-physiological	Supp 7 (one-way)	docx_table_9	LPV	0.23	0.22	de
3	IR77298-14-1-2-10	Control	0 DAT	morpho-physiological	Supp 7 (one-way)	docx_table_9	RV	142.37	107.31	de
3	IR77298-14-1-2-10	Control	0 DAT	morpho-physiological	Supp 7 (one-way)	docx_table_9	TPS	622.00	570.03	ef
4	PUSA1121	Control	0 DAT	morpho-physiological	Supp 7 (one-way)	docx_table_9	PH	32.10	11.89	fg
4	PUSA1121	Control	0 DAT	morpho-physiological	Supp 7 (one-way)	docx_table_9	LN	3.67	0.94	ab
4	PUSA1121	Control	0 DAT	morpho-physiological	Supp 7 (one-way)	docx_table_9	TLL	18.93	5.82	ef
4	PUSA1121	Control	0 DAT	morpho-physiological	Supp 7 (one-way)	docx_table_9	TLW	0.27	0.13	d
4	PUSA1121	Control	0 DAT	morpho-physiological	Supp 7 (one-way)	docx_table_9	BLL	16.37	2.17	cdef
4	PUSA1121	Control	0 DAT	morpho-physiological	Supp 7 (one-way)	docx_table_9	BLW	0.20	0.05	bcd
4	PUSA1121	Control	0 DAT	morpho-physiological	Supp 7 (one-way)	docx_table_9	rLL	0.88	0.12	b
4	PUSA1121	Control	0 DAT	morpho-physiological	Supp 7 (one-way)	docx_table_9	rLW	0.75	0.07	abcd
4	PUSA1121	Control	0 DAT	morpho-physiological	Supp 7 (one-way)	docx_table_9	SFW	0.23	0.13	c
4	PUSA1121	Control	0 DAT	morpho-physiological	Supp 7 (one-way)	docx_table_9	RFW	0.17	0.04	bcdef
4	PUSA1121	Control	0 DAT	morpho-physiological	Supp 7 (one-way)	docx_table_9	SDW	0.11	0.02	bc
4	PUSA1121	Control	0 DAT	morpho-physiological	Supp 7 (one-way)	docx_table_9	RDW	0.08	0.02	bcde
4	PUSA1121	Control	0 DAT	morpho-physiological	Supp 7 (one-way)	docx_table_9	Photo	12.87	2.73	bc
4	PUSA1121	Control	0 DAT	morpho-physiological	Supp 7 (one-way)	docx_table_9	Cond	0.24	0.03	cde
4	PUSA1121	Control	0 DAT	morpho-physiological	Supp 7 (one-way)	docx_table_9	Ci	232.08	45.94	c
4	PUSA1121	Control	0 DAT	morpho-physiological	Supp 7 (one-way)	docx_table_9	Tr	4.20	0.74	c
4	PUSA1121	Control	0 DAT	morpho-physiological	Supp 7 (one-way)	docx_table_9	RL	131.99	49.77	def
4	PUSA1121	Control	0 DAT	morpho-physiological	Supp 7 (one-way)	docx_table_9	PA	6.24	3.51	fg
4	PUSA1121	Control	0 DAT	morpho-physiological	Supp 7 (one-way)	docx_table_9	SA	0.44	0.06	de
4	PUSA1121	Control	0 DAT	morpho-physiological	Supp 7 (one-way)	docx_table_9	AD	131.99	57.75	def
4	PUSA1121	Control	0 DAT	morpho-physiological	Supp 7 (one-way)	docx_table_9	LPV	0.26	0.12	cde
4	PUSA1121	Control	0 DAT	morpho-physiological	Supp 7 (one-way)	docx_table_9	RV	131.99	57.75	def
4	PUSA1121	Control	0 DAT	morpho-physiological	Supp 7 (one-way)	docx_table_9	TPS	776.33	249.82	de
5	BAM8315	Control	0 DAT	morpho-physiological	Supp 7 (one-way)	docx_table_9	PH	42.40	5.23	abcde
5	BAM8315	Control	0 DAT	morpho-physiological	Supp 7 (one-way)	docx_table_9	LN	3.00	0.41	c
5	BAM8315	Control	0 DAT	morpho-physiological	Supp 7 (one-way)	docx_table_9	TLL	24.60	2.85	bcde
5	BAM8315	Control	0 DAT	morpho-physiological	Supp 7 (one-way)	docx_table_9	TLW	0.32	0.09	cd
5	BAM8315	Control	0 DAT	morpho-physiological	Supp 7 (one-way)	docx_table_9	BLL	17.60	1.32	cd
5	BAM8315	Control	0 DAT	morpho-physiological	Supp 7 (one-way)	docx_table_9	BLW	0.10	0.05	d
5	BAM8315	Control	0 DAT	morpho-physiological	Supp 7 (one-way)	docx_table_9	rLL	0.78	0.06	bcd
5	BAM8315	Control	0 DAT	morpho-physiological	Supp 7 (one-way)	docx_table_9	rLW	0.40	0.09	cdef
5	BAM8315	Control	0 DAT	morpho-physiological	Supp 7 (one-way)	docx_table_9	SFW	0.32	0.07	bc
5	BAM8315	Control	0 DAT	morpho-physiological	Supp 7 (one-way)	docx_table_9	RFW	0.13	0.03	ef
5	BAM8315	Control	0 DAT	morpho-physiological	Supp 7 (one-way)	docx_table_9	SDW	0.11	0.02	abc
5	BAM8315	Control	0 DAT	morpho-physiological	Supp 7 (one-way)	docx_table_9	RDW	0.07	0.01	cdef
5	BAM8315	Control	0 DAT	morpho-physiological	Supp 7 (one-way)	docx_table_9	Photo	13.80	2.14	ab
5	BAM8315	Control	0 DAT	morpho-physiological	Supp 7 (one-way)	docx_table_9	Cond	0.24	0.03	cde
5	BAM8315	Control	0 DAT	morpho-physiological	Supp 7 (one-way)	docx_table_9	Ci	235.04	34.19	c
5	BAM8315	Control	0 DAT	morpho-physiological	Supp 7 (one-way)	docx_table_9	Tr	4.30	0.64	c
5	BAM8315	Control	0 DAT	morpho-physiological	Supp 7 (one-way)	docx_table_9	RL	220.11	40.07	bc
5	BAM8315	Control	0 DAT	morpho-physiological	Supp 7 (one-way)	docx_table_9	PA	9.19	2.51	cdef
5	BAM8315	Control	0 DAT	morpho-physiological	Supp 7 (one-way)	docx_table_9	SA	0.42	0.07	de
5	BAM8315	Control	0 DAT	morpho-physiological	Supp 7 (one-way)	docx_table_9	AD	220.11	44.49	bc
5	BAM8315	Control	0 DAT	morpho-physiological	Supp 7 (one-way)	docx_table_9	LPV	0.30	0.09	bcde
5	BAM8315	Control	0 DAT	morpho-physiological	Supp 7 (one-way)	docx_table_9	RV	220.11	44.49	bc
5	BAM8315	Control	0 DAT	morpho-physiological	Supp 7 (one-way)	docx_table_9	TPS	998.33	192.10	cd
6	BAM812	Control	0 DAT	morpho-physiological	Supp 7 (one-way)	docx_table_9	PH	46.83	6.98	abcde
6	BAM812	Control	0 DAT	morpho-physiological	Supp 7 (one-way)	docx_table_9	LN	3.33	0.55	bc
6	BAM812	Control	0 DAT	morpho-physiological	Supp 7 (one-way)	docx_table_9	TLL	31.93	3.61	a
6	BAM812	Control	0 DAT	morpho-physiological	Supp 7 (one-way)	docx_table_9	TLW	0.50	0.10	abc
6	BAM812	Control	0 DAT	morpho-physiological	Supp 7 (one-way)	docx_table_9	BLL	27.67	1.52	ab
6	BAM812	Control	0 DAT	morpho-physiological	Supp 7 (one-way)	docx_table_9	BLW	0.28	0.03	bcd
6	BAM812	Control	0 DAT	morpho-physiological	Supp 7 (one-way)	docx_table_9	rLL	0.87	0.08	b
6	BAM812	Control	0 DAT	morpho-physiological	Supp 7 (one-way)	docx_table_9	rLW	0.57	0.03	abcdef
6	BAM812	Control	0 DAT	morpho-physiological	Supp 7 (one-way)	docx_table_9	SFW	0.60	0.08	ab
6	BAM812	Control	0 DAT	morpho-physiological	Supp 7 (one-way)	docx_table_9	RFW	0.16	0.03	cdef
6	BAM812	Control	0 DAT	morpho-physiological	Supp 7 (one-way)	docx_table_9	SDW	0.08	0.02	c
6	BAM812	Control	0 DAT	morpho-physiological	Supp 7 (one-way)	docx_table_9	RDW	0.05	0.01	def
6	BAM812	Control	0 DAT	morpho-physiological	Supp 7 (one-way)	docx_table_9	Photo	7.35	1.56	g
6	BAM812	Control	0 DAT	morpho-physiological	Supp 7 (one-way)	docx_table_9	Cond	0.08	0.02	fg
6	BAM812	Control	0 DAT	morpho-physiological	Supp 7 (one-way)	docx_table_9	Ci	189.46	29.14	d
6	BAM812	Control	0 DAT	morpho-physiological	Supp 7 (one-way)	docx_table_9	Tr	1.75	0.47	de
6	BAM812	Control	0 DAT	morpho-physiological	Supp 7 (one-way)	docx_table_9	RL	179.04	28.75	cd
6	BAM812	Control	0 DAT	morpho-physiological	Supp 7 (one-way)	docx_table_9	PA	12.00	2.02	bcde
6	BAM812	Control	0 DAT	morpho-physiological	Supp 7 (one-way)	docx_table_9	SA	0.68	0.06	ab
6	BAM812	Control	0 DAT	morpho-physiological	Supp 7 (one-way)	docx_table_9	AD	179.04	33.11	f
6	BAM812	Control	0 DAT	morpho-physiological	Supp 7 (one-way)	docx_table_9	LPV	0.63	0.07	a
6	BAM812	Control	0 DAT	morpho-physiological	Supp 7 (one-way)	docx_table_9	RV	179.04	33.11	f
6	BAM812	Control	0 DAT	morpho-physiological	Supp 7 (one-way)	docx_table_9	TPS	616.00	203.59	efg
7	Malchi	Control	0 DAT	morpho-physiological	Supp 7 (one-way)	docx_table_9	PH	35.00	3.46	efg
7	Malchi	Control	0 DAT	morpho-physiological	Supp 7 (one-way)	docx_table_9	LN	3.33	0.28	bc
7	Malchi	Control	0 DAT	morpho-physiological	Supp 7 (one-way)	docx_table_9	TLL	18.03	1.54	ef
7	Malchi	Control	0 DAT	morpho-physiological	Supp 7 (one-way)	docx_table_9	TLW	0.33	0.02	cd
7	Malchi	Control	0 DAT	morpho-physiological	Supp 7 (one-way)	docx_table_9	BLL	14.10	0.45	cdef
7	Malchi	Control	0 DAT	morpho-physiological	Supp 7 (one-way)	docx_table_9	BLW	0.27	0.01	bcd
7	Malchi	Control	0 DAT	morpho-physiological	Supp 7 (one-way)	docx_table_9	rLL	0.79	0.03	bc
7	Malchi	Control	0 DAT	morpho-physiological	Supp 7 (one-way)	docx_table_9	rLW	0.83	0.03	ab
7	Malchi	Control	0 DAT	morpho-physiological	Supp 7 (one-way)	docx_table_9	SFW	0.26	0.03	c
7	Malchi	Control	0 DAT	morpho-physiological	Supp 7 (one-way)	docx_table_9	RFW	0.13	0.01	ef
7	Malchi	Control	0 DAT	morpho-physiological	Supp 7 (one-way)	docx_table_9	SDW	0.11	0.00	abc
7	Malchi	Control	0 DAT	morpho-physiological	Supp 7 (one-way)	docx_table_9	RDW	0.05	0.01	ef
7	Malchi	Control	0 DAT	morpho-physiological	Supp 7 (one-way)	docx_table_9	Photo	9.33	0.58	de
7	Malchi	Control	0 DAT	morpho-physiological	Supp 7 (one-way)	docx_table_9	Cond	0.10	0.01	f
7	Malchi	Control	0 DAT	morpho-physiological	Supp 7 (one-way)	docx_table_9	Ci	178.87	8.62	d
7	Malchi	Control	0 DAT	morpho-physiological	Supp 7 (one-way)	docx_table_9	Tr	2.16	0.14	d
7	Malchi	Control	0 DAT	morpho-physiological	Supp 7 (one-way)	docx_table_9	RL	78.81	10.52	f
7	Malchi	Control	0 DAT	morpho-physiological	Supp 7 (one-way)	docx_table_9	PA	3.24	0.76	g
7	Malchi	Control	0 DAT	morpho-physiological	Supp 7 (one-way)	docx_table_9	SA	0.42	0.00	de
7	Malchi	Control	0 DAT	morpho-physiological	Supp 7 (one-way)	docx_table_9	AD	78.81	12.33	de
7	Malchi	Control	0 DAT	morpho-physiological	Supp 7 (one-way)	docx_table_9	LPV	0.11	0.02	e
7	Malchi	Control	0 DAT	morpho-physiological	Supp 7 (one-way)	docx_table_9	RV	78.81	12.33	de
7	Malchi	Control	0 DAT	morpho-physiological	Supp 7 (one-way)	docx_table_9	TPS	341.00	30.55	fg
8	BAM 3690	Control	0 DAT	morpho-physiological	Supp 7 (one-way)	docx_table_9	PH	43.03	1.76	abcd
8	BAM 3690	Control	0 DAT	morpho-physiological	Supp 7 (one-way)	docx_table_9	LN	3.00	0.14	c
8	BAM 3690	Control	0 DAT	morpho-physiological	Supp 7 (one-way)	docx_table_9	TLL	23.90	1.05	bcdef
8	BAM 3690	Control	0 DAT	morpho-physiological	Supp 7 (one-way)	docx_table_9	TLW	0.50	0.05	abc
8	BAM 3690	Control	0 DAT	morpho-physiological	Supp 7 (one-way)	docx_table_9	BLL	28.00	0.57	a
8	BAM 3690	Control	0 DAT	morpho-physiological	Supp 7 (one-way)	docx_table_9	BLW	0.47	0.02	a
8	BAM 3690	Control	0 DAT	morpho-physiological	Supp 7 (one-way)	docx_table_9	rLL	1.31	0.02	a
8	BAM 3690	Control	0 DAT	morpho-physiological	Supp 7 (one-way)	docx_table_9	rLW	0.93	0.04	a
8	BAM 3690	Control	0 DAT	morpho-physiological	Supp 7 (one-way)	docx_table_9	SFW	0.69	0.02	a
8	BAM 3690	Control	0 DAT	morpho-physiological	Supp 7 (one-way)	docx_table_9	RFW	0.15	0.01	def
8	BAM 3690	Control	0 DAT	morpho-physiological	Supp 7 (one-way)	docx_table_9	SDW	0.19	0.01	ab
8	BAM 3690	Control	0 DAT	morpho-physiological	Supp 7 (one-way)	docx_table_9	RDW	0.07	0.00	bcdef
8	BAM 3690	Control	0 DAT	morpho-physiological	Supp 7 (one-way)	docx_table_9	Photo	9.95	0.79	d
8	BAM 3690	Control	0 DAT	morpho-physiological	Supp 7 (one-way)	docx_table_9	Cond	0.22	0.01	a
8	BAM 3690	Control	0 DAT	morpho-physiological	Supp 7 (one-way)	docx_table_9	Ci	261.60	13.54	b
8	BAM 3690	Control	0 DAT	morpho-physiological	Supp 7 (one-way)	docx_table_9	Tr	4.66	0.25	c
8	BAM 3690	Control	0 DAT	morpho-physiological	Supp 7 (one-way)	docx_table_9	RL	141.34	14.91	de
8	BAM 3690	Control	0 DAT	morpho-physiological	Supp 7 (one-way)	docx_table_9	PA	9.78	0.91	cdef
8	BAM 3690	Control	0 DAT	morpho-physiological	Supp 7 (one-way)	docx_table_9	SA	0.72	0.04	a
8	BAM 3690	Control	0 DAT	morpho-physiological	Supp 7 (one-way)	docx_table_9	AD	141.34	16.31	ef
8	BAM 3690	Control	0 DAT	morpho-physiological	Supp 7 (one-way)	docx_table_9	LPV	0.55	0.03	ab
8	BAM 3690	Control	0 DAT	morpho-physiological	Supp 7 (one-way)	docx_table_9	RV	141.34	16.31	ef
8	BAM 3690	Control	0 DAT	morpho-physiological	Supp 7 (one-way)	docx_table_9	TPS	459.33	96.76	efg
9	BAM 4138	Control	0 DAT	morpho-physiological	Supp 7 (one-way)	docx_table_9	PH	42.67	2.66	abcde
9	BAM 4138	Control	0 DAT	morpho-physiological	Supp 7 (one-way)	docx_table_9	LN	3.00	0.21	c
9	BAM 4138	Control	0 DAT	morpho-physiological	Supp 7 (one-way)	docx_table_9	TLL	27.90	1.36	ab
9	BAM 4138	Control	0 DAT	morpho-physiological	Supp 7 (one-way)	docx_table_9	TLW	0.30	0.04	cd
9	BAM 4138	Control	0 DAT	morpho-physiological	Supp 7 (one-way)	docx_table_9	BLL	19.40	0.59	bc
9	BAM 4138	Control	0 DAT	morpho-physiological	Supp 7 (one-way)	docx_table_9	BLW	0.24	0.01	bcd
9	BAM 4138	Control	0 DAT	morpho-physiological	Supp 7 (one-way)	docx_table_9	rLL	0.63	0.03	bcd
9	BAM 4138	Control	0 DAT	morpho-physiological	Supp 7 (one-way)	docx_table_9	rLW	0.80	0.00	abc
9	BAM 4138	Control	0 DAT	morpho-physiological	Supp 7 (one-way)	docx_table_9	SFW	0.41	0.03	abc
9	BAM 4138	Control	0 DAT	morpho-physiological	Supp 7 (one-way)	docx_table_9	RFW	0.21	0.01	bcd
9	BAM 4138	Control	0 DAT	morpho-physiological	Supp 7 (one-way)	docx_table_9	SDW	0.14	0.01	abc
9	BAM 4138	Control	0 DAT	morpho-physiological	Supp 7 (one-way)	docx_table_9	RDW	0.04	0.00	f
9	BAM 4138	Control	0 DAT	morpho-physiological	Supp 7 (one-way)	docx_table_9	Photo	8.91	0.52	def
9	BAM 4138	Control	0 DAT	morpho-physiological	Supp 7 (one-way)	docx_table_9	Cond	0.32	0.01	e
9	BAM 4138	Control	0 DAT	morpho-physiological	Supp 7 (one-way)	docx_table_9	Ci	284.38	10.71	a
9	BAM 4138	Control	0 DAT	morpho-physiological	Supp 7 (one-way)	docx_table_9	Tr	6.29	0.16	a
9	BAM 4138	Control	0 DAT	morpho-physiological	Supp 7 (one-way)	docx_table_9	RL	93.33	9.52	ef
9	BAM 4138	Control	0 DAT	morpho-physiological	Supp 7 (one-way)	docx_table_9	PA	6.42	0.69	fg
9	BAM 4138	Control	0 DAT	morpho-physiological	Supp 7 (one-way)	docx_table_9	SA	0.63	0.03	abc
9	BAM 4138	Control	0 DAT	morpho-physiological	Supp 7 (one-way)	docx_table_9	AD	93.33	11.03	ef
9	BAM 4138	Control	0 DAT	morpho-physiological	Supp 7 (one-way)	docx_table_9	LPV	0.38	0.03	abcde
9	BAM 4138	Control	0 DAT	morpho-physiological	Supp 7 (one-way)	docx_table_9	RV	93.33	11.03	ef
9	BAM 4138	Control	0 DAT	morpho-physiological	Supp 7 (one-way)	docx_table_9	TPS	297.33	87.31	g
10	BAM 4521	Control	0 DAT	morpho-physiological	Supp 7 (one-way)	docx_table_9	PH	41.23	0.85	abcde
10	BAM 4521	Control	0 DAT	morpho-physiological	Supp 7 (one-way)	docx_table_9	LN	3.00	0.07	c
10	BAM 4521	Control	0 DAT	morpho-physiological	Supp 7 (one-way)	docx_table_9	TLL	26.10	0.25	abcd
10	BAM 4521	Control	0 DAT	morpho-physiological	Supp 7 (one-way)	docx_table_9	TLW	0.53	0.01	d
10	BAM 4521	Control	0 DAT	morpho-physiological	Supp 7 (one-way)	docx_table_9	BLL	14.30	0.08	cdef
10	BAM 4521	Control	0 DAT	morpho-physiological	Supp 7 (one-way)	docx_table_9	BLW	0.13	0.00	cd
10	BAM 4521	Control	0 DAT	morpho-physiological	Supp 7 (one-way)	docx_table_9	rLL	0.56	0.01	bcd
10	BAM 4521	Control	0 DAT	morpho-physiological	Supp 7 (one-way)	docx_table_9	rLW	0.25	0.02	ef
10	BAM 4521	Control	0 DAT	morpho-physiological	Supp 7 (one-way)	docx_table_9	SFW	0.40	0.01	abc
10	BAM 4521	Control	0 DAT	morpho-physiological	Supp 7 (one-way)	docx_table_9	RFW	0.21	0.00	bcd
10	BAM 4521	Control	0 DAT	morpho-physiological	Supp 7 (one-way)	docx_table_9	SDW	0.16	0.00	abc
10	BAM 4521	Control	0 DAT	morpho-physiological	Supp 7 (one-way)	docx_table_9	RDW	0.09	0.00	bc
10	BAM 4521	Control	0 DAT	morpho-physiological	Supp 7 (one-way)	docx_table_9	Photo	7.50	0.14	fg
10	BAM 4521	Control	0 DAT	morpho-physiological	Supp 7 (one-way)	docx_table_9	Cond	0.38	0.00	b
10	BAM 4521	Control	0 DAT	morpho-physiological	Supp 7 (one-way)	docx_table_9	Ci	301.27	2.47	a
10	BAM 4521	Control	0 DAT	morpho-physiological	Supp 7 (one-way)	docx_table_9	Tr	7.21	0.06	b
10	BAM 4521	Control	0 DAT	morpho-physiological	Supp 7 (one-way)	docx_table_9	RL	92.93	2.87	ef
10	BAM 4521	Control	0 DAT	morpho-physiological	Supp 7 (one-way)	docx_table_9	PA	5.05	0.11	fg
10	BAM 4521	Control	0 DAT	morpho-physiological	Supp 7 (one-way)	docx_table_9	SA	0.53	0.02	bcd
10	BAM 4521	Control	0 DAT	morpho-physiological	Supp 7 (one-way)	docx_table_9	AD	92.93	2.75	cd
10	BAM 4521	Control	0 DAT	morpho-physiological	Supp 7 (one-way)	docx_table_9	LPV	0.22	0.00	de
10	BAM 4521	Control	0 DAT	morpho-physiological	Supp 7 (one-way)	docx_table_9	RV	92.93	2.75	cd
10	BAM 4521	Control	0 DAT	morpho-physiological	Supp 7 (one-way)	docx_table_9	TPS	361.00	35.81	fg
11	Black gora	Control	0 DAT	morpho-physiological	Supp 7 (one-way)	docx_table_9	PH	44.67	0.91	abc
11	Black gora	Control	0 DAT	morpho-physiological	Supp 7 (one-way)	docx_table_9	LN	3.00	0.07	c
11	Black gora	Control	0 DAT	morpho-physiological	Supp 7 (one-way)	docx_table_9	TLL	26.93	0.57	abc
11	Black gora	Control	0 DAT	morpho-physiological	Supp 7 (one-way)	docx_table_9	TLW	0.50	0.02	abc
11	Black gora	Control	0 DAT	morpho-physiological	Supp 7 (one-way)	docx_table_9	BLL	15.93	0.29	cdef
11	Black gora	Control	0 DAT	morpho-physiological	Supp 7 (one-way)	docx_table_9	BLW	0.18	0.01	cd
11	Black gora	Control	0 DAT	morpho-physiological	Supp 7 (one-way)	docx_table_9	rLL	0.59	0.01	bcd
11	Black gora	Control	0 DAT	morpho-physiological	Supp 7 (one-way)	docx_table_9	rLW	0.38	0.02	def
11	Black gora	Control	0 DAT	morpho-physiological	Supp 7 (one-way)	docx_table_9	SFW	0.39	0.01	abc
11	Black gora	Control	0 DAT	morpho-physiological	Supp 7 (one-way)	docx_table_9	RFW	0.22	0.00	bcd
11	Black gora	Control	0 DAT	morpho-physiological	Supp 7 (one-way)	docx_table_9	SDW	0.12	0.00	abc
11	Black gora	Control	0 DAT	morpho-physiological	Supp 7 (one-way)	docx_table_9	RDW	0.10	0.00	b
11	Black gora	Control	0 DAT	morpho-physiological	Supp 7 (one-way)	docx_table_9	Photo	5.19	0.32	b
11	Black gora	Control	0 DAT	morpho-physiological	Supp 7 (one-way)	docx_table_9	Cond	0.05	0.00	fg
11	Black gora	Control	0 DAT	morpho-physiological	Supp 7 (one-way)	docx_table_9	Ci	183.51	5.75	d
11	Black gora	Control	0 DAT	morpho-physiological	Supp 7 (one-way)	docx_table_9	Tr	1.17	0.10	e
11	Black gora	Control	0 DAT	morpho-physiological	Supp 7 (one-way)	docx_table_9	RL	342.32	6.03	a
11	Black gora	Control	0 DAT	morpho-physiological	Supp 7 (one-way)	docx_table_9	PA	14.06	0.41	abc
11	Black gora	Control	0 DAT	morpho-physiological	Supp 7 (one-way)	docx_table_9	SA	0.38	0.01	de
11	Black gora	Control	0 DAT	morpho-physiological	Supp 7 (one-way)	docx_table_9	AD	347.06	6.83	a
11	Black gora	Control	0 DAT	morpho-physiological	Supp 7 (one-way)	docx_table_9	LPV	0.42	0.01	abcd
11	Black gora	Control	0 DAT	morpho-physiological	Supp 7 (one-way)	docx_table_9	RV	347.06	6.83	a
11	Black gora	Control	0 DAT	morpho-physiological	Supp 7 (one-way)	docx_table_9	TPS	1892.67	32.80	a
12	Suweon	Control	0 DAT	morpho-physiological	Supp 7 (one-way)	docx_table_9	PH	38.97	1.03	bcdef
12	Suweon	Control	0 DAT	morpho-physiological	Supp 7 (one-way)	docx_table_9	LN	3.00	0.08	c
12	Suweon	Control	0 DAT	morpho-physiological	Supp 7 (one-way)	docx_table_9	TLL	31.40	0.57	a
12	Suweon	Control	0 DAT	morpho-physiological	Supp 7 (one-way)	docx_table_9	TLW	0.63	0.02	ab
12	Suweon	Control	0 DAT	morpho-physiological	Supp 7 (one-way)	docx_table_9	BLL	18.43	0.26	cd
12	Suweon	Control	0 DAT	morpho-physiological	Supp 7 (one-way)	docx_table_9	BLW	0.15	0.00	cd
12	Suweon	Control	0 DAT	morpho-physiological	Supp 7 (one-way)	docx_table_9	rLL	0.59	0.01	bcd
12	Suweon	Control	0 DAT	morpho-physiological	Supp 7 (one-way)	docx_table_9	rLW	0.24	0.01	f
12	Suweon	Control	0 DAT	morpho-physiological	Supp 7 (one-way)	docx_table_9	SFW	0.53	0.01	abc
12	Suweon	Control	0 DAT	morpho-physiological	Supp 7 (one-way)	docx_table_9	RFW	0.24	0.00	b
12	Suweon	Control	0 DAT	morpho-physiological	Supp 7 (one-way)	docx_table_9	SDW	0.19	0.00	ab
12	Suweon	Control	0 DAT	morpho-physiological	Supp 7 (one-way)	docx_table_9	RDW	0.09	0.00	bc
12	Suweon	Control	0 DAT	morpho-physiological	Supp 7 (one-way)	docx_table_9	Photo	7.00	0.19	g
12	Suweon	Control	0 DAT	morpho-physiological	Supp 7 (one-way)	docx_table_9	Cond	0.07	0.00	fg
12	Suweon	Control	0 DAT	morpho-physiological	Supp 7 (one-way)	docx_table_9	Ci	175.57	4.15	d
12	Suweon	Control	0 DAT	morpho-physiological	Supp 7 (one-way)	docx_table_9	Tr	1.77	0.05	de
12	Suweon	Control	0 DAT	morpho-physiological	Supp 7 (one-way)	docx_table_9	RL	396.66	3.33	a
12	Suweon	Control	0 DAT	morpho-physiological	Supp 7 (one-way)	docx_table_9	PA	16.39	0.29	ab
12	Suweon	Control	0 DAT	morpho-physiological	Supp 7 (one-way)	docx_table_9	SA	0.44	0.01	de
12	Suweon	Control	0 DAT	morpho-physiological	Supp 7 (one-way)	docx_table_9	AD	396.66	4.14	a
12	Suweon	Control	0 DAT	morpho-physiological	Supp 7 (one-way)	docx_table_9	LPV	0.51	0.01	abc
12	Suweon	Control	0 DAT	morpho-physiological	Supp 7 (one-way)	docx_table_9	RV	396.66	4.14	a
12	Suweon	Control	0 DAT	morpho-physiological	Supp 7 (one-way)	docx_table_9	TPS	1869.33	30.64	a
13	Kunjukunju	Control	0 DAT	morpho-physiological	Supp 7 (one-way)	docx_table_9	PH	48.20	0.09	a
13	Kunjukunju	Control	0 DAT	morpho-physiological	Supp 7 (one-way)	docx_table_9	LN	3.00	0.01	c
13	Kunjukunju	Control	0 DAT	morpho-physiological	Supp 7 (one-way)	docx_table_9	TLL	28.77	0.19	ab
13	Kunjukunju	Control	0 DAT	morpho-physiological	Supp 7 (one-way)	docx_table_9	TLW	0.58	0.00	abc
13	Kunjukunju	Control	0 DAT	morpho-physiological	Supp 7 (one-way)	docx_table_9	BLL	16.90	0.11	cdef
13	Kunjukunju	Control	0 DAT	morpho-physiological	Supp 7 (one-way)	docx_table_9	BLW	0.14	0.00	cd
13	Kunjukunju	Control	0 DAT	morpho-physiological	Supp 7 (one-way)	docx_table_9	rLL	0.59	0.00	bcd
13	Kunjukunju	Control	0 DAT	morpho-physiological	Supp 7 (one-way)	docx_table_9	rLW	0.25	0.01	ef
13	Kunjukunju	Control	0 DAT	morpho-physiological	Supp 7 (one-way)	docx_table_9	SFW	0.37	0.00	bc
13	Kunjukunju	Control	0 DAT	morpho-physiological	Supp 7 (one-way)	docx_table_9	RFW	0.20	0.00	bcde
13	Kunjukunju	Control	0 DAT	morpho-physiological	Supp 7 (one-way)	docx_table_9	SDW	0.12	0.00	abc
13	Kunjukunju	Control	0 DAT	morpho-physiological	Supp 7 (one-way)	docx_table_9	RDW	0.07	0.00	bcde
13	Kunjukunju	Control	0 DAT	morpho-physiological	Supp 7 (one-way)	docx_table_9	Photo	8.19	0.10	efg
13	Kunjukunju	Control	0 DAT	morpho-physiological	Supp 7 (one-way)	docx_table_9	Cond	0.06	0.00	g
13	Kunjukunju	Control	0 DAT	morpho-physiological	Supp 7 (one-way)	docx_table_9	Ci	123.67	1.64	e
13	Kunjukunju	Control	0 DAT	morpho-physiological	Supp 7 (one-way)	docx_table_9	Tr	1.32	0.02	e
13	Kunjukunju	Control	0 DAT	morpho-physiological	Supp 7 (one-way)	docx_table_9	RL	342.53	1.71	a
13	Kunjukunju	Control	0 DAT	morpho-physiological	Supp 7 (one-way)	docx_table_9	PA	12.37	0.15	abcd
13	Kunjukunju	Control	0 DAT	morpho-physiological	Supp 7 (one-way)	docx_table_9	SA	0.39	0.00	de
13	Kunjukunju	Control	0 DAT	morpho-physiological	Supp 7 (one-way)	docx_table_9	AD	338.38	2.08	a
13	Kunjukunju	Control	0 DAT	morpho-physiological	Supp 7 (one-way)	docx_table_9	LPV	0.55	0.00	ab
13	Kunjukunju	Control	0 DAT	morpho-physiological	Supp 7 (one-way)	docx_table_9	RV	338.38	2.08	a
13	Kunjukunju	Control	0 DAT	morpho-physiological	Supp 7 (one-way)	docx_table_9	TPS	1526.00	2.60	b
14	Cauvery	Control	0 DAT	morpho-physiological	Supp 7 (one-way)	docx_table_9	PH	37.67	0.51	cdefg
14	Cauvery	Control	0 DAT	morpho-physiological	Supp 7 (one-way)	docx_table_9	LN	3.00	0.04	c
14	Cauvery	Control	0 DAT	morpho-physiological	Supp 7 (one-way)	docx_table_9	TLL	20.80	0.22	cdef
14	Cauvery	Control	0 DAT	morpho-physiological	Supp 7 (one-way)	docx_table_9	TLW	0.58	0.01	a
14	Cauvery	Control	0 DAT	morpho-physiological	Supp 7 (one-way)	docx_table_9	BLL	8.90	0.09	ef
14	Cauvery	Control	0 DAT	morpho-physiological	Supp 7 (one-way)	docx_table_9	BLW	0.25	0.00	bcd
14	Cauvery	Control	0 DAT	morpho-physiological	Supp 7 (one-way)	docx_table_9	rLL	0.43	0.00	cd
14	Cauvery	Control	0 DAT	morpho-physiological	Supp 7 (one-way)	docx_table_9	rLW	0.44	0.01	bcdef
14	Cauvery	Control	0 DAT	morpho-physiological	Supp 7 (one-way)	docx_table_9	SFW	0.45	0.00	abc
14	Cauvery	Control	0 DAT	morpho-physiological	Supp 7 (one-way)	docx_table_9	RFW	0.11	0.00	f
14	Cauvery	Control	0 DAT	morpho-physiological	Supp 7 (one-way)	docx_table_9	SDW	0.11	0.00	abc
14	Cauvery	Control	0 DAT	morpho-physiological	Supp 7 (one-way)	docx_table_9	RDW	0.07	0.00	bcde
14	Cauvery	Control	0 DAT	morpho-physiological	Supp 7 (one-way)	docx_table_9	Photo	7.66	0.12	fg
14	Cauvery	Control	0 DAT	morpho-physiological	Supp 7 (one-way)	docx_table_9	Cond	0.04	0.00	cde
14	Cauvery	Control	0 DAT	morpho-physiological	Supp 7 (one-way)	docx_table_9	Ci	103.34	2.07	f
14	Cauvery	Control	0 DAT	morpho-physiological	Supp 7 (one-way)	docx_table_9	Tr	1.09	0.04	e
14	Cauvery	Control	0 DAT	morpho-physiological	Supp 7 (one-way)	docx_table_9	RL	166.18	2.18	cd
14	Cauvery	Control	0 DAT	morpho-physiological	Supp 7 (one-way)	docx_table_9	PA	7.89	0.13	defg
14	Cauvery	Control	0 DAT	morpho-physiological	Supp 7 (one-way)	docx_table_9	SA	0.33	0.00	e
14	Cauvery	Control	0 DAT	morpho-physiological	Supp 7 (one-way)	docx_table_9	AD	179.42	2.39	cd
14	Cauvery	Control	0 DAT	morpho-physiological	Supp 7 (one-way)	docx_table_9	LPV	0.14	0.00	e
14	Cauvery	Control	0 DAT	morpho-physiological	Supp 7 (one-way)	docx_table_9	RV	179.42	2.39	cd
14	Cauvery	Control	0 DAT	morpho-physiological	Supp 7 (one-way)	docx_table_9	TPS	1082.33	16.85	cd
15	RPW9-4(SS1)	Control	0 DAT	morpho-physiological	Supp 7 (one-way)	docx_table_9	PH	37.80	0.47	cdefg
15	RPW9-4(SS1)	Control	0 DAT	morpho-physiological	Supp 7 (one-way)	docx_table_9	LN	3.00	0.04	c
15	RPW9-4(SS1)	Control	0 DAT	morpho-physiological	Supp 7 (one-way)	docx_table_9	TLL	19.33	0.21	ef
15	RPW9-4(SS1)	Control	0 DAT	morpho-physiological	Supp 7 (one-way)	docx_table_9	TLW	0.60	0.01	a
15	RPW9-4(SS1)	Control	0 DAT	morpho-physiological	Supp 7 (one-way)	docx_table_9	BLL	7.90	0.09	f
15	RPW9-4(SS1)	Control	0 DAT	morpho-physiological	Supp 7 (one-way)	docx_table_9	BLW	0.28	0.00	bc
15	RPW9-4(SS1)	Control	0 DAT	morpho-physiological	Supp 7 (one-way)	docx_table_9	rLL	0.41	0.00	d
15	RPW9-4(SS1)	Control	0 DAT	morpho-physiological	Supp 7 (one-way)	docx_table_9	rLW	0.48	0.00	bcdef
15	RPW9-4(SS1)	Control	0 DAT	morpho-physiological	Supp 7 (one-way)	docx_table_9	SFW	0.47	0.00	abc
15	RPW9-4(SS1)	Control	0 DAT	morpho-physiological	Supp 7 (one-way)	docx_table_9	RFW	0.18	0.00	bcdef
15	RPW9-4(SS1)	Control	0 DAT	morpho-physiological	Supp 7 (one-way)	docx_table_9	SDW	0.10	0.00	bc
15	RPW9-4(SS1)	Control	0 DAT	morpho-physiological	Supp 7 (one-way)	docx_table_9	RDW	0.07	0.00	bcdef
15	RPW9-4(SS1)	Control	0 DAT	morpho-physiological	Supp 7 (one-way)	docx_table_9	Photo	14.42	0.05	a
15	RPW9-4(SS1)	Control	0 DAT	morpho-physiological	Supp 7 (one-way)	docx_table_9	Cond	0.23	0.00	bc
15	RPW9-4(SS1)	Control	0 DAT	morpho-physiological	Supp 7 (one-way)	docx_table_9	Ci	242.90	1.34	bc
15	RPW9-4(SS1)	Control	0 DAT	morpho-physiological	Supp 7 (one-way)	docx_table_9	Tr	4.56	0.01	c
15	RPW9-4(SS1)	Control	0 DAT	morpho-physiological	Supp 7 (one-way)	docx_table_9	RL	239.56	0.83	b
15	RPW9-4(SS1)	Control	0 DAT	morpho-physiological	Supp 7 (one-way)	docx_table_9	PA	17.36	0.09	a
15	RPW9-4(SS1)	Control	0 DAT	morpho-physiological	Supp 7 (one-way)	docx_table_9	SA	0.42	0.00	de
15	RPW9-4(SS1)	Control	0 DAT	morpho-physiological	Supp 7 (one-way)	docx_table_9	AD	276.69	1.11	b
15	RPW9-4(SS1)	Control	0 DAT	morpho-physiological	Supp 7 (one-way)	docx_table_9	LPV	0.62	0.00	a
15	RPW9-4(SS1)	Control	0 DAT	morpho-physiological	Supp 7 (one-way)	docx_table_9	RV	276.69	1.11	b
15	RPW9-4(SS1)	Control	0 DAT	morpho-physiological	Supp 7 (one-way)	docx_table_9	TPS	1225.67	14.02	bc
1	Moroberakan	Control	30 DAT	morphological	Supp 8 (one-way)	docx_table_10	PH	65.70	1.63	bc
1	Moroberakan	Control	30 DAT	morphological	Supp 8 (one-way)	docx_table_10	TN	9.00	0.50	de
1	Moroberakan	Control	30 DAT	morphological	Supp 8 (one-way)	docx_table_10	LN	27.67	0.61	ef
1	Moroberakan	Control	30 DAT	morphological	Supp 8 (one-way)	docx_table_10	TLL	47.80	1.24	ab
1	Moroberakan	Control	30 DAT	morphological	Supp 8 (one-way)	docx_table_10	TLW	1.07	0.01	ab
1	Moroberakan	Control	30 DAT	morphological	Supp 8 (one-way)	docx_table_10	BLL	28.30	0.51	bc
1	Moroberakan	Control	30 DAT	morphological	Supp 8 (one-way)	docx_table_10	BLW	0.78	0.00	bcde
1	Moroberakan	Control	30 DAT	morphological	Supp 8 (one-way)	docx_table_10	rLL	0.61	0.03	c
1	Moroberakan	Control	30 DAT	morphological	Supp 8 (one-way)	docx_table_10	rLW	0.73	0.02	fg
1	Moroberakan	Control	30 DAT	morphological	Supp 8 (one-way)	docx_table_10	SFW	16.07	0.24	cde
1	Moroberakan	Control	30 DAT	morphological	Supp 8 (one-way)	docx_table_10	SDWC	7.08	0.50	efg
1	Moroberakan	Control	30 DAT	morphological	Supp 8 (one-way)	docx_table_10	RFW	4.68	0.65	fgh
1	Moroberakan	Control	30 DAT	morphological	Supp 8 (one-way)	docx_table_10	RDW	1.91	0.03	defg
1	Moroberakan	Control	30 DAT	morphological	Supp 8 (one-way)	docx_table_10	RL	524.37	22.24	a
1	Moroberakan	Control	30 DAT	morphological	Supp 8 (one-way)	docx_table_10	PA	56.24	1.32	ab
1	Moroberakan	Control	30 DAT	morphological	Supp 8 (one-way)	docx_table_10	SA	176.67	4.16	abc
1	Moroberakan	Control	30 DAT	morphological	Supp 8 (one-way)	docx_table_10	AD	1.03	0.11	b
1	Moroberakan	Control	30 DAT	morphological	Supp 8 (one-way)	docx_table_10	LPV	524.37	22.24	a
1	Moroberakan	Control	30 DAT	morphological	Supp 8 (one-way)	docx_table_10	RV	4.83	0.20	b
1	Moroberakan	Control	30 DAT	morphological	Supp 8 (one-way)	docx_table_10	TPS	1987.17	203.37	a
2	IR83388-B-B108-3	Control	30 DAT	morphological	Supp 8 (one-way)	docx_table_10	PH	40.70	20.32	f
2	IR83388-B-B108-3	Control	30 DAT	morphological	Supp 8 (one-way)	docx_table_10	TN	5.00	2.20	f
2	IR83388-B-B108-3	Control	30 DAT	morphological	Supp 8 (one-way)	docx_table_10	LN	15.67	7.12	g
2	IR83388-B-B108-3	Control	30 DAT	morphological	Supp 8 (one-way)	docx_table_10	TLL	31.20	12.37	de
2	IR83388-B-B108-3	Control	30 DAT	morphological	Supp 8 (one-way)	docx_table_10	TLW	0.77	0.39	d
2	IR83388-B-B108-3	Control	30 DAT	morphological	Supp 8 (one-way)	docx_table_10	BLL	23.37	12.34	c
2	IR83388-B-B108-3	Control	30 DAT	morphological	Supp 8 (one-way)	docx_table_10	BLW	0.83	0.35	abcde
2	IR83388-B-B108-3	Control	30 DAT	morphological	Supp 8 (one-way)	docx_table_10	rLL	0.75	0.55	abc
2	IR83388-B-B108-3	Control	30 DAT	morphological	Supp 8 (one-way)	docx_table_10	rLW	1.09	0.50	a
2	IR83388-B-B108-3	Control	30 DAT	morphological	Supp 8 (one-way)	docx_table_10	SFW	9.32	2.86	g
2	IR83388-B-B108-3	Control	30 DAT	morphological	Supp 8 (one-way)	docx_table_10	SDWC	4.30	0.75	h
2	IR83388-B-B108-3	Control	30 DAT	morphological	Supp 8 (one-way)	docx_table_10	RFW	3.88	2.02	gh
2	IR83388-B-B108-3	Control	30 DAT	morphological	Supp 8 (one-way)	docx_table_10	RDW	1.08	0.55	h
2	IR83388-B-B108-3	Control	30 DAT	morphological	Supp 8 (one-way)	docx_table_10	RL	371.63	148.38	bcd
2	IR83388-B-B108-3	Control	30 DAT	morphological	Supp 8 (one-way)	docx_table_10	PA	55.03	21.93	ab
2	IR83388-B-B108-3	Control	30 DAT	morphological	Supp 8 (one-way)	docx_table_10	SA	172.89	68.89	abc
2	IR83388-B-B108-3	Control	30 DAT	morphological	Supp 8 (one-way)	docx_table_10	AD	1.48	0.74	b
2	IR83388-B-B108-3	Control	30 DAT	morphological	Supp 8 (one-way)	docx_table_10	LPV	371.63	148.38	bcd
2	IR83388-B-B108-3	Control	30 DAT	morphological	Supp 8 (one-way)	docx_table_10	RV	8.10	2.50	b
2	IR83388-B-B108-3	Control	30 DAT	morphological	Supp 8 (one-way)	docx_table_10	TPS	1256.00	441.55	bcde
3	IR77298-14-1-2-10	Control	30 DAT	morphological	Supp 8 (one-way)	docx_table_10	PH	46.10	17.61	def
3	IR77298-14-1-2-10	Control	30 DAT	morphological	Supp 8 (one-way)	docx_table_10	TN	9.00	2.03	de
3	IR77298-14-1-2-10	Control	30 DAT	morphological	Supp 8 (one-way)	docx_table_10	LN	27.67	6.14	ef
3	IR77298-14-1-2-10	Control	30 DAT	morphological	Supp 8 (one-way)	docx_table_10	TLL	30.13	11.10	e
3	IR77298-14-1-2-10	Control	30 DAT	morphological	Supp 8 (one-way)	docx_table_10	TLW	0.87	0.33	cd
3	IR77298-14-1-2-10	Control	30 DAT	morphological	Supp 8 (one-way)	docx_table_10	BLL	23.67	10.74	c
3	IR77298-14-1-2-10	Control	30 DAT	morphological	Supp 8 (one-way)	docx_table_10	BLW	0.73	0.30	de
3	IR77298-14-1-2-10	Control	30 DAT	morphological	Supp 8 (one-way)	docx_table_10	rLL	0.79	0.46	abc
3	IR77298-14-1-2-10	Control	30 DAT	morphological	Supp 8 (one-way)	docx_table_10	rLW	0.85	0.44	cdef
3	IR77298-14-1-2-10	Control	30 DAT	morphological	Supp 8 (one-way)	docx_table_10	SFW	9.63	2.38	fg
3	IR77298-14-1-2-10	Control	30 DAT	morphological	Supp 8 (one-way)	docx_table_10	SDWC	4.14	0.33	h
3	IR77298-14-1-2-10	Control	30 DAT	morphological	Supp 8 (one-way)	docx_table_10	RFW	3.39	2.00	h
3	IR77298-14-1-2-10	Control	30 DAT	morphological	Supp 8 (one-way)	docx_table_10	RDW	1.47	0.46	gh
3	IR77298-14-1-2-10	Control	30 DAT	morphological	Supp 8 (one-way)	docx_table_10	RL	417.70	121.73	b
3	IR77298-14-1-2-10	Control	30 DAT	morphological	Supp 8 (one-way)	docx_table_10	PA	48.49	18.35	bc
3	IR77298-14-1-2-10	Control	30 DAT	morphological	Supp 8 (one-way)	docx_table_10	SA	152.35	57.64	bcde
3	IR77298-14-1-2-10	Control	30 DAT	morphological	Supp 8 (one-way)	docx_table_10	AD	1.09	0.64	b
3	IR77298-14-1-2-10	Control	30 DAT	morphological	Supp 8 (one-way)	docx_table_10	LPV	417.70	121.73	b
3	IR77298-14-1-2-10	Control	30 DAT	morphological	Supp 8 (one-way)	docx_table_10	RV	4.58	2.21	b
3	IR77298-14-1-2-10	Control	30 DAT	morphological	Supp 8 (one-way)	docx_table_10	TPS	1362.50	455.93	bc
4	PUSA1121	Control	30 DAT	morphological	Supp 8 (one-way)	docx_table_10	PH	52.23	10.10	cdef
4	PUSA1121	Control	30 DAT	morphological	Supp 8 (one-way)	docx_table_10	TN	8.33	0.94	de
4	PUSA1121	Control	30 DAT	morphological	Supp 8 (one-way)	docx_table_10	LN	22.33	3.51	fg
4	PUSA1121	Control	30 DAT	morphological	Supp 8 (one-way)	docx_table_10	TLL	39.77	6.09	bcd
4	PUSA1121	Control	30 DAT	morphological	Supp 8 (one-way)	docx_table_10	TLW	0.75	0.20	d
4	PUSA1121	Control	30 DAT	morphological	Supp 8 (one-way)	docx_table_10	BLL	28.50	6.41	bc
4	PUSA1121	Control	30 DAT	morphological	Supp 8 (one-way)	docx_table_10	BLW	0.68	0.19	de
4	PUSA1121	Control	30 DAT	morphological	Supp 8 (one-way)	docx_table_10	rLL	0.72	0.28	abc
4	PUSA1121	Control	30 DAT	morphological	Supp 8 (one-way)	docx_table_10	rLW	0.92	0.26	bcde
4	PUSA1121	Control	30 DAT	morphological	Supp 8 (one-way)	docx_table_10	SFW	12.34	1.39	efg
4	PUSA1121	Control	30 DAT	morphological	Supp 8 (one-way)	docx_table_10	SDWC	5.73	0.21	fgh
4	PUSA1121	Control	30 DAT	morphological	Supp 8 (one-way)	docx_table_10	RFW	6.21	0.79	ef
4	PUSA1121	Control	30 DAT	morphological	Supp 8 (one-way)	docx_table_10	RDW	1.59	0.27	fgh
4	PUSA1121	Control	30 DAT	morphological	Supp 8 (one-way)	docx_table_10	RL	321.14	66.48	bcdef
4	PUSA1121	Control	30 DAT	morphological	Supp 8 (one-way)	docx_table_10	PA	32.23	11.01	bc
4	PUSA1121	Control	30 DAT	morphological	Supp 8 (one-way)	docx_table_10	SA	101.27	34.59	bcde
4	PUSA1121	Control	30 DAT	morphological	Supp 8 (one-way)	docx_table_10	AD	1.01	0.34	b
4	PUSA1121	Control	30 DAT	morphological	Supp 8 (one-way)	docx_table_10	LPV	321.14	66.48	bcde
4	PUSA1121	Control	30 DAT	morphological	Supp 8 (one-way)	docx_table_10	RV	2.72	1.25	b
4	PUSA1121	Control	30 DAT	morphological	Supp 8 (one-way)	docx_table_10	TPS	1356.67	141.85	bc
5	BAM8315	Control	30 DAT	morphological	Supp 8 (one-way)	docx_table_10	PH	54.30	5.29	bcdef
5	BAM8315	Control	30 DAT	morphological	Supp 8 (one-way)	docx_table_10	TN	9.33	0.69	de
5	BAM8315	Control	30 DAT	morphological	Supp 8 (one-way)	docx_table_10	LN	26.33	1.87	efg
5	BAM8315	Control	30 DAT	morphological	Supp 8 (one-way)	docx_table_10	TLL	35.03	3.32	cde
5	BAM8315	Control	30 DAT	morphological	Supp 8 (one-way)	docx_table_10	TLW	1.12	0.10	a
5	BAM8315	Control	30 DAT	morphological	Supp 8 (one-way)	docx_table_10	BLL	28.53	3.06	bc
5	BAM8315	Control	30 DAT	morphological	Supp 8 (one-way)	docx_table_10	BLW	1.02	0.08	a
5	BAM8315	Control	30 DAT	morphological	Supp 8 (one-way)	docx_table_10	rLL	0.82	0.14	ab
5	BAM8315	Control	30 DAT	morphological	Supp 8 (one-way)	docx_table_10	rLW	0.92	0.12	bcde
5	BAM8315	Control	30 DAT	morphological	Supp 8 (one-way)	docx_table_10	SFW	11.65	0.75	efg
5	BAM8315	Control	30 DAT	morphological	Supp 8 (one-way)	docx_table_10	SDWC	5.70	0.28	fgh
5	BAM8315	Control	30 DAT	morphological	Supp 8 (one-way)	docx_table_10	RFW	7.98	0.71	de
5	BAM8315	Control	30 DAT	morphological	Supp 8 (one-way)	docx_table_10	RDW	2.33	0.14	cdef
5	BAM8315	Control	30 DAT	morphological	Supp 8 (one-way)	docx_table_10	RL	372.23	41.77	bcd
5	BAM8315	Control	30 DAT	morphological	Supp 8 (one-way)	docx_table_10	PA	47.19	5.57	bc
5	BAM8315	Control	30 DAT	morphological	Supp 8 (one-way)	docx_table_10	SA	148.26	17.49	bcde
5	BAM8315	Control	30 DAT	morphological	Supp 8 (one-way)	docx_table_10	AD	1.28	0.21	b
5	BAM8315	Control	30 DAT	morphological	Supp 8 (one-way)	docx_table_10	LPV	372.23	41.77	bcd
5	BAM8315	Control	30 DAT	morphological	Supp 8 (one-way)	docx_table_10	RV	5.29	0.65	b
5	BAM8315	Control	30 DAT	morphological	Supp 8 (one-way)	docx_table_10	TPS	1110.50	177.33	cde
6	BAM812	Control	30 DAT	morphological	Supp 8 (one-way)	docx_table_10	PH	66.43	6.21	ab
6	BAM812	Control	30 DAT	morphological	Supp 8 (one-way)	docx_table_10	TN	10.67	0.72	d
6	BAM812	Control	30 DAT	morphological	Supp 8 (one-way)	docx_table_10	LN	28.33	2.16	ef
6	BAM812	Control	30 DAT	morphological	Supp 8 (one-way)	docx_table_10	TLL	46.77	3.94	ab
6	BAM812	Control	30 DAT	morphological	Supp 8 (one-way)	docx_table_10	TLW	1.03	0.12	abc
6	BAM812	Control	30 DAT	morphological	Supp 8 (one-way)	docx_table_10	BLL	34.60	3.85	ab
6	BAM812	Control	30 DAT	morphological	Supp 8 (one-way)	docx_table_10	BLW	0.73	0.11	de
6	BAM812	Control	30 DAT	morphological	Supp 8 (one-way)	docx_table_10	rLL	0.73	0.16	abc
6	BAM812	Control	30 DAT	morphological	Supp 8 (one-way)	docx_table_10	rLW	0.71	0.16	g
6	BAM812	Control	30 DAT	morphological	Supp 8 (one-way)	docx_table_10	SFW	14.81	0.82	def
6	BAM812	Control	30 DAT	morphological	Supp 8 (one-way)	docx_table_10	SDWC	6.94	0.06	efg
6	BAM812	Control	30 DAT	morphological	Supp 8 (one-way)	docx_table_10	RFW	5.56	0.73	fg
6	BAM812	Control	30 DAT	morphological	Supp 8 (one-way)	docx_table_10	RDW	1.77	0.16	efgh
6	BAM812	Control	30 DAT	morphological	Supp 8 (one-way)	docx_table_10	RL	309.23	40.94	cdef
6	BAM812	Control	30 DAT	morphological	Supp 8 (one-way)	docx_table_10	PA	43.84	6.41	bc
6	BAM812	Control	30 DAT	morphological	Supp 8 (one-way)	docx_table_10	SA	137.72	20.15	bcde
6	BAM812	Control	30 DAT	morphological	Supp 8 (one-way)	docx_table_10	AD	1.38	0.22	b
6	BAM812	Control	30 DAT	morphological	Supp 8 (one-way)	docx_table_10	LPV	309.23	40.94	cdef
6	BAM812	Control	30 DAT	morphological	Supp 8 (one-way)	docx_table_10	RV	5.03	0.78	b
6	BAM812	Control	30 DAT	morphological	Supp 8 (one-way)	docx_table_10	TPS	897.67	172.01	de
7	Malchi	Control	30 DAT	morphological	Supp 8 (one-way)	docx_table_10	PH	59.43	2.55	bcd
7	Malchi	Control	30 DAT	morphological	Supp 8 (one-way)	docx_table_10	TN	11.33	0.14	d
7	Malchi	Control	30 DAT	morphological	Supp 8 (one-way)	docx_table_10	LN	35.00	0.88	cde
7	Malchi	Control	30 DAT	morphological	Supp 8 (one-way)	docx_table_10	TLL	43.97	1.45	bc
7	Malchi	Control	30 DAT	morphological	Supp 8 (one-way)	docx_table_10	TLW	0.87	0.06	cd
7	Malchi	Control	30 DAT	morphological	Supp 8 (one-way)	docx_table_10	BLL	30.93	1.75	ab
7	Malchi	Control	30 DAT	morphological	Supp 8 (one-way)	docx_table_10	BLW	0.77	0.06	cde
7	Malchi	Control	30 DAT	morphological	Supp 8 (one-way)	docx_table_10	rLL	0.73	0.08	abc
7	Malchi	Control	30 DAT	morphological	Supp 8 (one-way)	docx_table_10	rLW	0.89	0.07	bcde
7	Malchi	Control	30 DAT	morphological	Supp 8 (one-way)	docx_table_10	SFW	14.07	0.35	efg
7	Malchi	Control	30 DAT	morphological	Supp 8 (one-way)	docx_table_10	SDWC	7.37	0.11	defg
7	Malchi	Control	30 DAT	morphological	Supp 8 (one-way)	docx_table_10	RFW	9.86	0.04	bcd
7	Malchi	Control	30 DAT	morphological	Supp 8 (one-way)	docx_table_10	RDW	2.70	0.07	bcd
7	Malchi	Control	30 DAT	morphological	Supp 8 (one-way)	docx_table_10	RL	296.41	14.51	cdef
7	Malchi	Control	30 DAT	morphological	Supp 8 (one-way)	docx_table_10	PA	30.57	2.93	bc
7	Malchi	Control	30 DAT	morphological	Supp 8 (one-way)	docx_table_10	SA	96.03	9.20	cde
7	Malchi	Control	30 DAT	morphological	Supp 8 (one-way)	docx_table_10	AD	1.04	0.07	b
7	Malchi	Control	30 DAT	morphological	Supp 8 (one-way)	docx_table_10	LPV	296.41	14.51	cdef
7	Malchi	Control	30 DAT	morphological	Supp 8 (one-way)	docx_table_10	RV	2.50	0.31	b
7	Malchi	Control	30 DAT	morphological	Supp 8 (one-way)	docx_table_10	TPS	1190.67	19.14	bcde
8	BAM 3690	Control	30 DAT	morphological	Supp 8 (one-way)	docx_table_10	PH	59.87	1.90	bcd
8	BAM 3690	Control	30 DAT	morphological	Supp 8 (one-way)	docx_table_10	TN	15.00	0.33	c
8	BAM 3690	Control	30 DAT	morphological	Supp 8 (one-way)	docx_table_10	LN	42.33	0.67	bcd
8	BAM 3690	Control	30 DAT	morphological	Supp 8 (one-way)	docx_table_10	TLL	43.80	1.29	bc
8	BAM 3690	Control	30 DAT	morphological	Supp 8 (one-way)	docx_table_10	TLW	0.80	0.03	d
8	BAM 3690	Control	30 DAT	morphological	Supp 8 (one-way)	docx_table_10	BLL	28.90	1.06	bc
8	BAM 3690	Control	30 DAT	morphological	Supp 8 (one-way)	docx_table_10	BLW	0.67	0.03	e
8	BAM 3690	Control	30 DAT	morphological	Supp 8 (one-way)	docx_table_10	rLL	0.66	0.05	bc
8	BAM 3690	Control	30 DAT	morphological	Supp 8 (one-way)	docx_table_10	rLW	0.83	0.04	cdefg
8	BAM 3690	Control	30 DAT	morphological	Supp 8 (one-way)	docx_table_10	SFW	19.75	0.25	bcd
8	BAM 3690	Control	30 DAT	morphological	Supp 8 (one-way)	docx_table_10	SDWC	9.46	0.11	de
8	BAM 3690	Control	30 DAT	morphological	Supp 8 (one-way)	docx_table_10	RFW	8.42	0.39	cd
8	BAM 3690	Control	30 DAT	morphological	Supp 8 (one-way)	docx_table_10	RDW	2.42	0.05	cde
8	BAM 3690	Control	30 DAT	morphological	Supp 8 (one-way)	docx_table_10	RL	328.49	15.50	bcde
8	BAM 3690	Control	30 DAT	morphological	Supp 8 (one-way)	docx_table_10	PA	56.69	1.82	ab
8	BAM 3690	Control	30 DAT	morphological	Supp 8 (one-way)	docx_table_10	SA	178.10	5.71	ab
8	BAM 3690	Control	30 DAT	morphological	Supp 8 (one-way)	docx_table_10	AD	1.86	0.08	b
8	BAM 3690	Control	30 DAT	morphological	Supp 8 (one-way)	docx_table_10	LPV	328.49	15.50	bcde
8	BAM 3690	Control	30 DAT	morphological	Supp 8 (one-way)	docx_table_10	RV	9.07	0.24	b
8	BAM 3690	Control	30 DAT	morphological	Supp 8 (one-way)	docx_table_10	TPS	1103.00	89.84	cde
9	BAM 4138	Control	30 DAT	morphological	Supp 8 (one-way)	docx_table_10	PH	63.57	2.32	bc
9	BAM 4138	Control	30 DAT	morphological	Supp 8 (one-way)	docx_table_10	TN	19.00	0.30	b
9	BAM 4138	Control	30 DAT	morphological	Supp 8 (one-way)	docx_table_10	LN	49.67	0.81	b
9	BAM 4138	Control	30 DAT	morphological	Supp 8 (one-way)	docx_table_10	TLL	47.60	1.48	ab
9	BAM 4138	Control	30 DAT	morphological	Supp 8 (one-way)	docx_table_10	TLW	0.83	0.04	cd
9	BAM 4138	Control	30 DAT	morphological	Supp 8 (one-way)	docx_table_10	BLL	37.73	1.45	a
9	BAM 4138	Control	30 DAT	morphological	Supp 8 (one-way)	docx_table_10	BLW	0.68	0.04	de
9	BAM 4138	Control	30 DAT	morphological	Supp 8 (one-way)	docx_table_10	rLL	0.80	0.06	ab
9	BAM 4138	Control	30 DAT	morphological	Supp 8 (one-way)	docx_table_10	rLW	0.82	0.06	defg
9	BAM 4138	Control	30 DAT	morphological	Supp 8 (one-way)	docx_table_10	SFW	23.33	0.30	b
9	BAM 4138	Control	30 DAT	morphological	Supp 8 (one-way)	docx_table_10	SDWC	12.22	0.03	bc
9	BAM 4138	Control	30 DAT	morphological	Supp 8 (one-way)	docx_table_10	RFW	12.67	0.34	a
9	BAM 4138	Control	30 DAT	morphological	Supp 8 (one-way)	docx_table_10	RDW	3.49	0.06	ab
9	BAM 4138	Control	30 DAT	morphological	Supp 8 (one-way)	docx_table_10	RL	316.94	14.98	bcdef
9	BAM 4138	Control	30 DAT	morphological	Supp 8 (one-way)	docx_table_10	PA	35.39	2.40	bc
9	BAM 4138	Control	30 DAT	morphological	Supp 8 (one-way)	docx_table_10	SA	111.17	7.53	bcde
9	BAM 4138	Control	30 DAT	morphological	Supp 8 (one-way)	docx_table_10	AD	1.10	0.08	b
9	BAM 4138	Control	30 DAT	morphological	Supp 8 (one-way)	docx_table_10	LPV	292.23	14.98	cdef
9	BAM 4138	Control	30 DAT	morphological	Supp 8 (one-way)	docx_table_10	RV	4.13	0.29	b
9	BAM 4138	Control	30 DAT	morphological	Supp 8 (one-way)	docx_table_10	TPS	1279.33	76.51	bcd
10	BAM 4521	Control	30 DAT	morphological	Supp 8 (one-way)	docx_table_10	PH	62.27	0.33	bc
10	BAM 4521	Control	30 DAT	morphological	Supp 8 (one-way)	docx_table_10	TN	10.67	0.10	d
10	BAM 4521	Control	30 DAT	morphological	Supp 8 (one-way)	docx_table_10	LN	30.00	0.10	ef
10	BAM 4521	Control	30 DAT	morphological	Supp 8 (one-way)	docx_table_10	TLL	41.93	0.10	bc
10	BAM 4521	Control	30 DAT	morphological	Supp 8 (one-way)	docx_table_10	TLW	0.93	0.01	abcd
10	BAM 4521	Control	30 DAT	morphological	Supp 8 (one-way)	docx_table_10	BLL	27.70	0.35	bc
10	BAM 4521	Control	30 DAT	morphological	Supp 8 (one-way)	docx_table_10	BLW	0.80	0.01	bcde
10	BAM 4521	Control	30 DAT	morphological	Supp 8 (one-way)	docx_table_10	rLL	0.67	0.01	bc
10	BAM 4521	Control	30 DAT	morphological	Supp 8 (one-way)	docx_table_10	rLW	0.84	0.01	cdefg
10	BAM 4521	Control	30 DAT	morphological	Supp 8 (one-way)	docx_table_10	SFW	14.77	0.05	def
10	BAM 4521	Control	30 DAT	morphological	Supp 8 (one-way)	docx_table_10	SDWC	7.70	0.05	def
10	BAM 4521	Control	30 DAT	morphological	Supp 8 (one-way)	docx_table_10	RFW	5.93	0.19	f
10	BAM 4521	Control	30 DAT	morphological	Supp 8 (one-way)	docx_table_10	RDW	2.10	0.01	defg
10	BAM 4521	Control	30 DAT	morphological	Supp 8 (one-way)	docx_table_10	RL	303.10	0.50	cdef
10	BAM 4521	Control	30 DAT	morphological	Supp 8 (one-way)	docx_table_10	PA	32.10	0.56	bc
10	BAM 4521	Control	30 DAT	morphological	Supp 8 (one-way)	docx_table_10	SA	100.86	1.75	bcde
10	BAM 4521	Control	30 DAT	morphological	Supp 8 (one-way)	docx_table_10	AD	1.03	0.01	b
10	BAM 4521	Control	30 DAT	morphological	Supp 8 (one-way)	docx_table_10	LPV	299.86	0.50	cdef
10	BAM 4521	Control	30 DAT	morphological	Supp 8 (one-way)	docx_table_10	RV	3.10	0.04	b
10	BAM 4521	Control	30 DAT	morphological	Supp 8 (one-way)	docx_table_10	TPS	1266.33	37.57	bcde
11	Black gora	Control	30 DAT	morphological	Supp 8 (one-way)	docx_table_10	PH	64.27	1.05	bc
11	Black gora	Control	30 DAT	morphological	Supp 8 (one-way)	docx_table_10	TN	7.00	0.12	ef
11	Black gora	Control	30 DAT	morphological	Supp 8 (one-way)	docx_table_10	LN	22.33	0.37	fg
11	Black gora	Control	30 DAT	morphological	Supp 8 (one-way)	docx_table_10	TLL	43.87	0.75	bc
11	Black gora	Control	30 DAT	morphological	Supp 8 (one-way)	docx_table_10	TLW	1.03	0.02	abc
11	Black gora	Control	30 DAT	morphological	Supp 8 (one-way)	docx_table_10	BLL	33.63	0.56	ab
11	Black gora	Control	30 DAT	morphological	Supp 8 (one-way)	docx_table_10	BLW	0.97	0.01	ab
11	Black gora	Control	30 DAT	morphological	Supp 8 (one-way)	docx_table_10	rLL	0.77	0.02	abc
11	Black gora	Control	30 DAT	morphological	Supp 8 (one-way)	docx_table_10	rLW	0.94	0.02	bcd
11	Black gora	Control	30 DAT	morphological	Supp 8 (one-way)	docx_table_10	SFW	9.18	0.13	g
11	Black gora	Control	30 DAT	morphological	Supp 8 (one-way)	docx_table_10	SDWC	4.15	0.05	h
11	Black gora	Control	30 DAT	morphological	Supp 8 (one-way)	docx_table_10	RFW	3.71	0.11	gh
11	Black gora	Control	30 DAT	morphological	Supp 8 (one-way)	docx_table_10	RDW	1.42	0.02	gh
11	Black gora	Control	30 DAT	morphological	Supp 8 (one-way)	docx_table_10	RL	219.44	8.52	f
11	Black gora	Control	30 DAT	morphological	Supp 8 (one-way)	docx_table_10	PA	24.59	0.94	c
11	Black gora	Control	30 DAT	morphological	Supp 8 (one-way)	docx_table_10	SA	77.26	2.96	e
11	Black gora	Control	30 DAT	morphological	Supp 8 (one-way)	docx_table_10	AD	0.89	0.04	b
11	Black gora	Control	30 DAT	morphological	Supp 8 (one-way)	docx_table_10	LPV	280.43	8.52	def
11	Black gora	Control	30 DAT	morphological	Supp 8 (one-way)	docx_table_10	RV	2.00	0.14	b
11	Black gora	Control	30 DAT	morphological	Supp 8 (one-way)	docx_table_10	TPS	1107.33	27.16	cde
12	Suweon	Control	30 DAT	morphological	Supp 8 (one-way)	docx_table_10	PH	79.83	1.01	a
12	Suweon	Control	30 DAT	morphological	Supp 8 (one-way)	docx_table_10	TN	17.67	0.11	bc
12	Suweon	Control	30 DAT	morphological	Supp 8 (one-way)	docx_table_10	LN	44.67	0.35	bc
12	Suweon	Control	30 DAT	morphological	Supp 8 (one-way)	docx_table_10	TLL	53.90	0.69	a
12	Suweon	Control	30 DAT	morphological	Supp 8 (one-way)	docx_table_10	TLW	0.77	0.02	d
12	Suweon	Control	30 DAT	morphological	Supp 8 (one-way)	docx_table_10	BLL	36.07	0.59	a
12	Suweon	Control	30 DAT	morphological	Supp 8 (one-way)	docx_table_10	BLW	0.77	0.02	cde
12	Suweon	Control	30 DAT	morphological	Supp 8 (one-way)	docx_table_10	rLL	0.67	0.02	bc
12	Suweon	Control	30 DAT	morphological	Supp 8 (one-way)	docx_table_10	rLW	1.00	0.02	ab
12	Suweon	Control	30 DAT	morphological	Supp 8 (one-way)	docx_table_10	SFW	20.92	0.13	bc
12	Suweon	Control	30 DAT	morphological	Supp 8 (one-way)	docx_table_10	SDWC	9.83	0.01	cd
12	Suweon	Control	30 DAT	morphological	Supp 8 (one-way)	docx_table_10	RFW	10.37	0.12	bc
12	Suweon	Control	30 DAT	morphological	Supp 8 (one-way)	docx_table_10	RDW	2.99	0.02	abc
12	Suweon	Control	30 DAT	morphological	Supp 8 (one-way)	docx_table_10	RL	393.77	7.26	bc
12	Suweon	Control	30 DAT	morphological	Supp 8 (one-way)	docx_table_10	PA	51.85	0.97	b
12	Suweon	Control	30 DAT	morphological	Supp 8 (one-way)	docx_table_10	SA	162.88	3.05	bcd
12	Suweon	Control	30 DAT	morphological	Supp 8 (one-way)	docx_table_10	AD	1.27	0.04	b
12	Suweon	Control	30 DAT	morphological	Supp 8 (one-way)	docx_table_10	LPV	393.77	7.26	bc
12	Suweon	Control	30 DAT	morphological	Supp 8 (one-way)	docx_table_10	RV	5.59	0.13	b
12	Suweon	Control	30 DAT	morphological	Supp 8 (one-way)	docx_table_10	TPS	1602.67	26.01	ab
13	Kunjukunju	Control	30 DAT	morphological	Supp 8 (one-way)	docx_table_10	PH	42.10	0.40	ef
13	Kunjukunju	Control	30 DAT	morphological	Supp 8 (one-way)	docx_table_10	TN	9.67	0.01	de
13	Kunjukunju	Control	30 DAT	morphological	Supp 8 (one-way)	docx_table_10	LN	31.33	0.15	def
13	Kunjukunju	Control	30 DAT	morphological	Supp 8 (one-way)	docx_table_10	TLL	27.50	0.36	e
13	Kunjukunju	Control	30 DAT	morphological	Supp 8 (one-way)	docx_table_10	TLW	0.90	0.00	bcd
13	Kunjukunju	Control	30 DAT	morphological	Supp 8 (one-way)	docx_table_10	BLL	23.63	0.13	c
13	Kunjukunju	Control	30 DAT	morphological	Supp 8 (one-way)	docx_table_10	BLW	0.87	0.00	abcd
13	Kunjukunju	Control	30 DAT	morphological	Supp 8 (one-way)	docx_table_10	rLL	0.86	0.01	a
13	Kunjukunju	Control	30 DAT	morphological	Supp 8 (one-way)	docx_table_10	rLW	0.96	0.01	abc
13	Kunjukunju	Control	30 DAT	morphological	Supp 8 (one-way)	docx_table_10	SFW	11.70	0.05	efg
13	Kunjukunju	Control	30 DAT	morphological	Supp 8 (one-way)	docx_table_10	SDWC	4.80	0.02	gh
13	Kunjukunju	Control	30 DAT	morphological	Supp 8 (one-way)	docx_table_10	RFW	8.61	0.04	cd
13	Kunjukunju	Control	30 DAT	morphological	Supp 8 (one-way)	docx_table_10	RDW	2.53	0.01	cde
13	Kunjukunju	Control	30 DAT	morphological	Supp 8 (one-way)	docx_table_10	RL	273.11	4.31	def
13	Kunjukunju	Control	30 DAT	morphological	Supp 8 (one-way)	docx_table_10	PA	32.67	0.23	bc
13	Kunjukunju	Control	30 DAT	morphological	Supp 8 (one-way)	docx_table_10	SA	102.63	0.73	bcde
13	Kunjukunju	Control	30 DAT	morphological	Supp 8 (one-way)	docx_table_10	AD	1.21	0.02	b
13	Kunjukunju	Control	30 DAT	morphological	Supp 8 (one-way)	docx_table_10	LPV	273.11	4.31	def
13	Kunjukunju	Control	30 DAT	morphological	Supp 8 (one-way)	docx_table_10	RV	3.14	0.06	b
13	Kunjukunju	Control	30 DAT	morphological	Supp 8 (one-way)	docx_table_10	TPS	1227.17	6.37	bcde
14	Cauvery	Control	30 DAT	morphological	Supp 8 (one-way)	docx_table_10	PH	55.50	0.36	bcde
14	Cauvery	Control	30 DAT	morphological	Supp 8 (one-way)	docx_table_10	TN	23.00	0.06	a
14	Cauvery	Control	30 DAT	morphological	Supp 8 (one-way)	docx_table_10	LN	66.00	0.12	a
14	Cauvery	Control	30 DAT	morphological	Supp 8 (one-way)	docx_table_10	TLL	36.43	0.21	cde
14	Cauvery	Control	30 DAT	morphological	Supp 8 (one-way)	docx_table_10	TLW	1.10	0.01	a
14	Cauvery	Control	30 DAT	morphological	Supp 8 (one-way)	docx_table_10	BLL	28.30	0.26	bc
14	Cauvery	Control	30 DAT	morphological	Supp 8 (one-way)	docx_table_10	BLW	0.93	0.01	abc
14	Cauvery	Control	30 DAT	morphological	Supp 8 (one-way)	docx_table_10	rLL	0.78	0.01	abc
14	Cauvery	Control	30 DAT	morphological	Supp 8 (one-way)	docx_table_10	rLW	0.85	0.01	cdef
14	Cauvery	Control	30 DAT	morphological	Supp 8 (one-way)	docx_table_10	SFW	34.02	0.05	a
14	Cauvery	Control	30 DAT	morphological	Supp 8 (one-way)	docx_table_10	SDWC	13.89	0.02	ab
14	Cauvery	Control	30 DAT	morphological	Supp 8 (one-way)	docx_table_10	RFW	12.67	0.04	a
14	Cauvery	Control	30 DAT	morphological	Supp 8 (one-way)	docx_table_10	RDW	3.61	0.01	a
14	Cauvery	Control	30 DAT	morphological	Supp 8 (one-way)	docx_table_10	RL	259.36	2.16	ef
14	Cauvery	Control	30 DAT	morphological	Supp 8 (one-way)	docx_table_10	PA	79.01	0.42	a
14	Cauvery	Control	30 DAT	morphological	Supp 8 (one-way)	docx_table_10	SA	248.22	1.32	a
14	Cauvery	Control	30 DAT	morphological	Supp 8 (one-way)	docx_table_10	AD	4.85	0.01	a
14	Cauvery	Control	30 DAT	morphological	Supp 8 (one-way)	docx_table_10	LPV	259.36	2.16	ef
14	Cauvery	Control	30 DAT	morphological	Supp 8 (one-way)	docx_table_10	RV	39.69	0.04	a
14	Cauvery	Control	30 DAT	morphological	Supp 8 (one-way)	docx_table_10	TPS	1367.50	11.69	bc
15	RPW9-4(SS1)	Control	30 DAT	morphological	Supp 8 (one-way)	docx_table_10	PH	56.87	0.36	bcd
15	RPW9-4(SS1)	Control	30 DAT	morphological	Supp 8 (one-way)	docx_table_10	TN	24.33	0.05	a
15	RPW9-4(SS1)	Control	30 DAT	morphological	Supp 8 (one-way)	docx_table_10	LN	75.00	0.13	a
15	RPW9-4(SS1)	Control	30 DAT	morphological	Supp 8 (one-way)	docx_table_10	TLL	39.77	0.25	bcd
15	RPW9-4(SS1)	Control	30 DAT	morphological	Supp 8 (one-way)	docx_table_10	TLW	1.10	0.01	a
15	RPW9-4(SS1)	Control	30 DAT	morphological	Supp 8 (one-way)	docx_table_10	BLL	28.73	0.24	bc
15	RPW9-4(SS1)	Control	30 DAT	morphological	Supp 8 (one-way)	docx_table_10	BLW	0.87	0.01	abcd
15	RPW9-4(SS1)	Control	30 DAT	morphological	Supp 8 (one-way)	docx_table_10	rLL	0.72	0.01	abc
15	RPW9-4(SS1)	Control	30 DAT	morphological	Supp 8 (one-way)	docx_table_10	rLW	0.79	0.01	efg
15	RPW9-4(SS1)	Control	30 DAT	morphological	Supp 8 (one-way)	docx_table_10	SFW	33.21	0.05	a
15	RPW9-4(SS1)	Control	30 DAT	morphological	Supp 8 (one-way)	docx_table_10	SDWC	15.30	0.01	a
15	RPW9-4(SS1)	Control	30 DAT	morphological	Supp 8 (one-way)	docx_table_10	RFW	11.27	0.05	ab
15	RPW9-4(SS1)	Control	30 DAT	morphological	Supp 8 (one-way)	docx_table_10	RDW	3.42	0.01	ab
15	RPW9-4(SS1)	Control	30 DAT	morphological	Supp 8 (one-way)	docx_table_10	RL	252.11	2.56	ef
15	RPW9-4(SS1)	Control	30 DAT	morphological	Supp 8 (one-way)	docx_table_10	PA	24.77	0.38	c
15	RPW9-4(SS1)	Control	30 DAT	morphological	Supp 8 (one-way)	docx_table_10	SA	88.45	1.21	de
15	RPW9-4(SS1)	Control	30 DAT	morphological	Supp 8 (one-way)	docx_table_10	AD	1.12	0.01	b
15	RPW9-4(SS1)	Control	30 DAT	morphological	Supp 8 (one-way)	docx_table_10	LPV	212.58	2.56	f
15	RPW9-4(SS1)	Control	30 DAT	morphological	Supp 8 (one-way)	docx_table_10	RV	2.40	0.05	b
15	RPW9-4(SS1)	Control	30 DAT	morphological	Supp 8 (one-way)	docx_table_10	TPS	815.83	10.16	e
1	Moroberakan	Control	30 DAT	physiological	Supp 9	docx_table_11	Photo_TL	20.84	2.58	abc
1	Moroberakan	Control	30 DAT	physiological	Supp 9	docx_table_11	Cond_TL	0.04	0.01	ab
1	Moroberakan	Control	30 DAT	physiological	Supp 9	docx_table_11	Ci_TL	308.45	16.36	a
1	Moroberakan	Control	30 DAT	physiological	Supp 9	docx_table_11	Tr_TL	7.18	0.89	e
1	Moroberakan	Control	30 DAT	physiological	Supp 9	docx_table_11	Photo_BL	18.00	4.94	b
1	Moroberakan	Control	30 DAT	physiological	Supp 9	docx_table_11	Cond_BL	0.04	0.01	ab
1	Moroberakan	Control	30 DAT	physiological	Supp 9	docx_table_11	Ci_BL	306.79	27.90	a
1	Moroberakan	Control	30 DAT	physiological	Supp 9	docx_table_11	Tr_BL	7.05	3.03	d
1	Moroberakan	Control	30 DAT	physiological	Supp 9	docx_table_11	CCI_TL	331.93	17.71	c
1	Moroberakan	Control	30 DAT	physiological	Supp 9	docx_table_11	CCI_BL	323.63	17.65	c
1	Moroberakan	Control	30 DAT	physiological	Supp 9	docx_table_11	QY_TL	0.84	0.01	abc
1	Moroberakan	Control	30 DAT	physiological	Supp 9	docx_table_11	QY_BL	0.83	0.02	abcd
1	Moroberakan	Control	30 DAT	physiological	Supp 9	docx_table_11	rCCI	0.98	0.02	ab
1	Moroberakan	Control	30 DAT	physiological	Supp 9	docx_table_11	rQY	0.98	0.02	b
1	Moroberakan	Control	30 DAT	physiological	Supp 9	docx_table_11	dCCI	8.30	1.24	cd
1	Moroberakan	Control	30 DAT	physiological	Supp 9	docx_table_11	dQY	0.02	0.02	a
1	Moroberakan	Control	30 DAT	physiological	Supp 9	docx_table_11	rPhoto	0.87	0.14	abc
1	Moroberakan	Control	30 DAT	physiological	Supp 9	docx_table_11	rCond	0.92	0.66	a
1	Moroberakan	Control	30 DAT	physiological	Supp 9	docx_table_11	rCi	0.99	0.66	b
1	Moroberakan	Control	30 DAT	physiological	Supp 9	docx_table_11	rTr	0.98	0.18	c
2	IR83388-B-B108-3	Control	30 DAT	physiological	Supp 9	docx_table_11	Photo_TL	24.22	21.04	ab
2	IR83388-B-B108-3	Control	30 DAT	physiological	Supp 9	docx_table_11	Cond_TL	0.06	0.01	ab
2	IR83388-B-B108-3	Control	30 DAT	physiological	Supp 9	docx_table_11	Ci_TL	282.27	46.75	abc
2	IR83388-B-B108-3	Control	30 DAT	physiological	Supp 9	docx_table_11	Tr_TL	11.52	10.63	cd
2	IR83388-B-B108-3	Control	30 DAT	physiological	Supp 9	docx_table_11	Photo_BL	27.26	10.70	a
2	IR83388-B-B108-3	Control	30 DAT	physiological	Supp 9	docx_table_11	Cond_BL	0.05	0.01	ab
2	IR83388-B-B108-3	Control	30 DAT	physiological	Supp 9	docx_table_11	Ci_BL	260.03	107.25	abcd
2	IR83388-B-B108-3	Control	30 DAT	physiological	Supp 9	docx_table_11	Tr_BL	12.23	3.69	bc
2	IR83388-B-B108-3	Control	30 DAT	physiological	Supp 9	docx_table_11	CCI_TL	136.67	175.16	f
2	IR83388-B-B108-3	Control	30 DAT	physiological	Supp 9	docx_table_11	CCI_BL	110.73	102.96	f
2	IR83388-B-B108-3	Control	30 DAT	physiological	Supp 9	docx_table_11	QY_TL	0.84	0.44	abc
2	IR83388-B-B108-3	Control	30 DAT	physiological	Supp 9	docx_table_11	QY_BL	0.84	0.39	abcd
2	IR83388-B-B108-3	Control	30 DAT	physiological	Supp 9	docx_table_11	rCCI	0.81	0.34	de
2	IR83388-B-B108-3	Control	30 DAT	physiological	Supp 9	docx_table_11	rQY	0.99	0.51	ab
2	IR83388-B-B108-3	Control	30 DAT	physiological	Supp 9	docx_table_11	dCCI	25.93	71.58	bcd
2	IR83388-B-B108-3	Control	30 DAT	physiological	Supp 9	docx_table_11	dQY	0.01	0.04	ab
2	IR83388-B-B108-3	Control	30 DAT	physiological	Supp 9	docx_table_11	rPhoto	1.13	0.27	a
2	IR83388-B-B108-3	Control	30 DAT	physiological	Supp 9	docx_table_11	rCond	0.89	0.59	a
2	IR83388-B-B108-3	Control	30 DAT	physiological	Supp 9	docx_table_11	rCi	0.92	1.15	b
2	IR83388-B-B108-3	Control	30 DAT	physiological	Supp 9	docx_table_11	rTr	1.06	0.20	bc
3	IR77298-14-1-2-10	Control	30 DAT	physiological	Supp 9	docx_table_11	Photo_TL	19.27	18.30	c
3	IR77298-14-1-2-10	Control	30 DAT	physiological	Supp 9	docx_table_11	Cond_TL	0.05	0.02	ab
3	IR77298-14-1-2-10	Control	30 DAT	physiological	Supp 9	docx_table_11	Ci_TL	265.86	46.88	abcd
3	IR77298-14-1-2-10	Control	30 DAT	physiological	Supp 9	docx_table_11	Tr_TL	12.27	9.59	cd
3	IR77298-14-1-2-10	Control	30 DAT	physiological	Supp 9	docx_table_11	Photo_BL	18.78	6.38	b
3	IR77298-14-1-2-10	Control	30 DAT	physiological	Supp 9	docx_table_11	Cond_BL	0.05	0.00	ab
3	IR77298-14-1-2-10	Control	30 DAT	physiological	Supp 9	docx_table_11	Ci_BL	271.71	84.98	abc
3	IR77298-14-1-2-10	Control	30 DAT	physiological	Supp 9	docx_table_11	Tr_BL	10.69	1.00	cd
3	IR77298-14-1-2-10	Control	30 DAT	physiological	Supp 9	docx_table_11	CCI_TL	434.13	150.41	ab
3	IR77298-14-1-2-10	Control	30 DAT	physiological	Supp 9	docx_table_11	CCI_BL	414.43	87.19	a
3	IR77298-14-1-2-10	Control	30 DAT	physiological	Supp 9	docx_table_11	QY_TL	0.83	0.38	abcd
3	IR77298-14-1-2-10	Control	30 DAT	physiological	Supp 9	docx_table_11	QY_BL	0.83	0.33	abcd
3	IR77298-14-1-2-10	Control	30 DAT	physiological	Supp 9	docx_table_11	rCCI	0.95	0.29	abc
3	IR77298-14-1-2-10	Control	30 DAT	physiological	Supp 9	docx_table_11	rQY	1.00	0.43	ab
3	IR77298-14-1-2-10	Control	30 DAT	physiological	Supp 9	docx_table_11	dCCI	19.70	62.75	bcd
3	IR77298-14-1-2-10	Control	30 DAT	physiological	Supp 9	docx_table_11	dQY	0.00	0.04	ab
3	IR77298-14-1-2-10	Control	30 DAT	physiological	Supp 9	docx_table_11	rPhoto	1.08	0.16	ab
3	IR77298-14-1-2-10	Control	30 DAT	physiological	Supp 9	docx_table_11	rCond	0.98	0.15	a
3	IR77298-14-1-2-10	Control	30 DAT	physiological	Supp 9	docx_table_11	rCi	1.02	0.65	b
3	IR77298-14-1-2-10	Control	30 DAT	physiological	Supp 9	docx_table_11	rTr	0.88	0.03	bc
4	PUSA1121	Control	30 DAT	physiological	Supp 9	docx_table_11	Photo_TL	23.06	9.96	abc
4	PUSA1121	Control	30 DAT	physiological	Supp 9	docx_table_11	Cond_TL	0.06	0.00	a
4	PUSA1121	Control	30 DAT	physiological	Supp 9	docx_table_11	Ci_TL	289.13	17.59	ab
4	PUSA1121	Control	30 DAT	physiological	Supp 9	docx_table_11	Tr_TL	11.61	5.35	cd
4	PUSA1121	Control	30 DAT	physiological	Supp 9	docx_table_11	Photo_BL	17.40	3.00	b
4	PUSA1121	Control	30 DAT	physiological	Supp 9	docx_table_11	Cond_BL	0.05	0.00	ab
4	PUSA1121	Control	30 DAT	physiological	Supp 9	docx_table_11	Ci_BL	294.09	40.93	ab
4	PUSA1121	Control	30 DAT	physiological	Supp 9	docx_table_11	Tr_BL	10.25	1.40	cd
4	PUSA1121	Control	30 DAT	physiological	Supp 9	docx_table_11	CCI_TL	257.60	84.67	d
4	PUSA1121	Control	30 DAT	physiological	Supp 9	docx_table_11	CCI_BL	235.47	45.39	d
4	PUSA1121	Control	30 DAT	physiological	Supp 9	docx_table_11	QY_TL	0.84	0.24	abcd
4	PUSA1121	Control	30 DAT	physiological	Supp 9	docx_table_11	QY_BL	0.84	0.20	abc
4	PUSA1121	Control	30 DAT	physiological	Supp 9	docx_table_11	rCCI	0.92	0.17	bcd
4	PUSA1121	Control	30 DAT	physiological	Supp 9	docx_table_11	rQY	1.00	0.26	ab
4	PUSA1121	Control	30 DAT	physiological	Supp 9	docx_table_11	dCCI	22.13	38.32	bcd
4	PUSA1121	Control	30 DAT	physiological	Supp 9	docx_table_11	dQY	0.00	0.01	ab
4	PUSA1121	Control	30 DAT	physiological	Supp 9	docx_table_11	rPhoto	0.76	0.07	bc
4	PUSA1121	Control	30 DAT	physiological	Supp 9	docx_table_11	rCond	0.84	0.28	a
4	PUSA1121	Control	30 DAT	physiological	Supp 9	docx_table_11	rCi	1.02	0.29	b
4	PUSA1121	Control	30 DAT	physiological	Supp 9	docx_table_11	rTr	0.88	0.09	bc
5	BAM8315	Control	30 DAT	physiological	Supp 9	docx_table_11	Photo_TL	25.41	5.77	a
5	BAM8315	Control	30 DAT	physiological	Supp 9	docx_table_11	Cond_TL	0.06	0.01	ab
5	BAM8315	Control	30 DAT	physiological	Supp 9	docx_table_11	Ci_TL	256.15	16.88	abcde
5	BAM8315	Control	30 DAT	physiological	Supp 9	docx_table_11	Tr_TL	13.05	2.80	c
5	BAM8315	Control	30 DAT	physiological	Supp 9	docx_table_11	Photo_BL	21.43	3.86	ab
5	BAM8315	Control	30 DAT	physiological	Supp 9	docx_table_11	Cond_BL	0.06	0.00	a
5	BAM8315	Control	30 DAT	physiological	Supp 9	docx_table_11	Ci_BL	273.39	33.75	abc
5	BAM8315	Control	30 DAT	physiological	Supp 9	docx_table_11	Tr_BL	12.10	1.45	bc
5	BAM8315	Control	30 DAT	physiological	Supp 9	docx_table_11	CCI_TL	313.63	46.77	c
5	BAM8315	Control	30 DAT	physiological	Supp 9	docx_table_11	CCI_BL	309.73	29.75	c
5	BAM8315	Control	30 DAT	physiological	Supp 9	docx_table_11	QY_TL	0.84	0.11	abcd
5	BAM8315	Control	30 DAT	physiological	Supp 9	docx_table_11	QY_BL	0.83	0.10	abcd
5	BAM8315	Control	30 DAT	physiological	Supp 9	docx_table_11	rCCI	0.99	0.09	ab
5	BAM8315	Control	30 DAT	physiological	Supp 9	docx_table_11	rQY	1.00	0.13	ab
5	BAM8315	Control	30 DAT	physiological	Supp 9	docx_table_11	dCCI	3.90	17.23	cd
5	BAM8315	Control	30 DAT	physiological	Supp 9	docx_table_11	dQY	0.00	0.01	ab
5	BAM8315	Control	30 DAT	physiological	Supp 9	docx_table_11	rPhoto	0.85	0.10	abc
5	BAM8315	Control	30 DAT	physiological	Supp 9	docx_table_11	rCond	1.04	0.22	a
5	BAM8315	Control	30 DAT	physiological	Supp 9	docx_table_11	rCi	1.07	0.43	b
5	BAM8315	Control	30 DAT	physiological	Supp 9	docx_table_11	rTr	0.93	0.08	bc
6	BAM812	Control	30 DAT	physiological	Supp 9	docx_table_11	Photo_TL	20.25	6.38	bc
6	BAM812	Control	30 DAT	physiological	Supp 9	docx_table_11	Cond_TL	0.05	0.01	ab
6	BAM812	Control	30 DAT	physiological	Supp 9	docx_table_11	Ci_TL	266.13	17.12	abcd
6	BAM812	Control	30 DAT	physiological	Supp 9	docx_table_11	Tr_TL	10.59	3.43	cd
6	BAM812	Control	30 DAT	physiological	Supp 9	docx_table_11	Photo_BL	16.50	1.75	b
6	BAM812	Control	30 DAT	physiological	Supp 9	docx_table_11	Cond_BL	0.04	0.00	ab
6	BAM812	Control	30 DAT	physiological	Supp 9	docx_table_11	Ci_BL	263.10	27.74	abcd
6	BAM812	Control	30 DAT	physiological	Supp 9	docx_table_11	Tr_BL	10.53	0.25	cd
6	BAM812	Control	30 DAT	physiological	Supp 9	docx_table_11	CCI_TL	206.73	52.44	e
6	BAM812	Control	30 DAT	physiological	Supp 9	docx_table_11	CCI_BL	212.10	29.70	d
6	BAM812	Control	30 DAT	physiological	Supp 9	docx_table_11	QY_TL	0.83	0.14	bcd
6	BAM812	Control	30 DAT	physiological	Supp 9	docx_table_11	QY_BL	0.82	0.12	cd
6	BAM812	Control	30 DAT	physiological	Supp 9	docx_table_11	rCCI	1.03	0.10	a
6	BAM812	Control	30 DAT	physiological	Supp 9	docx_table_11	rQY	0.99	0.15	b
6	BAM812	Control	30 DAT	physiological	Supp 9	docx_table_11	dCCI	-5.37	22.78	d
6	BAM812	Control	30 DAT	physiological	Supp 9	docx_table_11	dQY	0.01	0.01	a
6	BAM812	Control	30 DAT	physiological	Supp 9	docx_table_11	rPhoto	0.85	0.05	abc
6	BAM812	Control	30 DAT	physiological	Supp 9	docx_table_11	rCond	1.03	0.06	a
6	BAM812	Control	30 DAT	physiological	Supp 9	docx_table_11	rCi	1.00	0.18	b
6	BAM812	Control	30 DAT	physiological	Supp 9	docx_table_11	rTr	1.02	0.03	abc
7	Malchi	Control	30 DAT	physiological	Supp 9	docx_table_11	Photo_TL	20.35	2.27	bc
7	Malchi	Control	30 DAT	physiological	Supp 9	docx_table_11	Cond_TL	0.03	0.00	b
7	Malchi	Control	30 DAT	physiological	Supp 9	docx_table_11	Ci_TL	227.22	0.36	abcdef
7	Malchi	Control	30 DAT	physiological	Supp 9	docx_table_11	Tr_TL	9.08	1.33	de
7	Malchi	Control	30 DAT	physiological	Supp 9	docx_table_11	Photo_BL	17.37	1.06	b
7	Malchi	Control	30 DAT	physiological	Supp 9	docx_table_11	Cond_BL	0.03	0.00	b
7	Malchi	Control	30 DAT	physiological	Supp 9	docx_table_11	Ci_BL	243.57	6.60	abcde
7	Malchi	Control	30 DAT	physiological	Supp 9	docx_table_11	Tr_BL	9.90	0.68	cd
7	Malchi	Control	30 DAT	physiological	Supp 9	docx_table_11	CCI_TL	252.10	20.44	d
7	Malchi	Control	30 DAT	physiological	Supp 9	docx_table_11	CCI_BL	227.50	9.05	d
7	Malchi	Control	30 DAT	physiological	Supp 9	docx_table_11	QY_TL	0.84	0.07	abcd
7	Malchi	Control	30 DAT	physiological	Supp 9	docx_table_11	QY_BL	0.83	0.06	abcd
7	Malchi	Control	30 DAT	physiological	Supp 9	docx_table_11	rCCI	0.90	0.05	bcd
7	Malchi	Control	30 DAT	physiological	Supp 9	docx_table_11	rQY	0.99	0.07	b
7	Malchi	Control	30 DAT	physiological	Supp 9	docx_table_11	dCCI	24.60	10.93	bcd
7	Malchi	Control	30 DAT	physiological	Supp 9	docx_table_11	dQY	0.01	0.00	a
7	Malchi	Control	30 DAT	physiological	Supp 9	docx_table_11	rPhoto	0.86	0.03	abc
7	Malchi	Control	30 DAT	physiological	Supp 9	docx_table_11	rCond	1.25	0.11	a
7	Malchi	Control	30 DAT	physiological	Supp 9	docx_table_11	rCi	1.07	0.13	b
7	Malchi	Control	30 DAT	physiological	Supp 9	docx_table_11	rTr	1.11	0.03	abc
8	BAM 3690	Control	30 DAT	physiological	Supp 9	docx_table_11	Photo_TL	23.58	2.22	abc
8	BAM 3690	Control	30 DAT	physiological	Supp 9	docx_table_11	Cond_TL	0.04	0.00	ab
8	BAM 3690	Control	30 DAT	physiological	Supp 9	docx_table_11	Ci_TL	218.38	9.61	bcdef
8	BAM 3690	Control	30 DAT	physiological	Supp 9	docx_table_11	Tr_TL	12.30	1.08	cd
8	BAM 3690	Control	30 DAT	physiological	Supp 9	docx_table_11	Photo_BL	19.82	1.46	b
8	BAM 3690	Control	30 DAT	physiological	Supp 9	docx_table_11	Cond_BL	0.04	0.00	ab
8	BAM 3690	Control	30 DAT	physiological	Supp 9	docx_table_11	Ci_BL	226.98	14.26	cde
8	BAM 3690	Control	30 DAT	physiological	Supp 9	docx_table_11	Tr_BL	12.47	0.61	bc
8	BAM 3690	Control	30 DAT	physiological	Supp 9	docx_table_11	CCI_TL	153.10	17.08	f
8	BAM 3690	Control	30 DAT	physiological	Supp 9	docx_table_11	CCI_BL	153.57	11.94	e
8	BAM 3690	Control	30 DAT	physiological	Supp 9	docx_table_11	QY_TL	0.84	0.04	abcd
8	BAM 3690	Control	30 DAT	physiological	Supp 9	docx_table_11	QY_BL	0.84	0.03	abcd
8	BAM 3690	Control	30 DAT	physiological	Supp 9	docx_table_11	rCCI	1.00	0.03	ab
8	BAM 3690	Control	30 DAT	physiological	Supp 9	docx_table_11	rQY	1.00	0.04	ab
8	BAM 3690	Control	30 DAT	physiological	Supp 9	docx_table_11	dCCI	-0.47	5.93	d
8	BAM 3690	Control	30 DAT	physiological	Supp 9	docx_table_11	dQY	0.00	0.01	ab
8	BAM 3690	Control	30 DAT	physiological	Supp 9	docx_table_11	rPhoto	0.84	0.04	abc
8	BAM 3690	Control	30 DAT	physiological	Supp 9	docx_table_11	rCond	1.08	0.08	a
8	BAM 3690	Control	30 DAT	physiological	Supp 9	docx_table_11	rCi	1.04	0.16	b
8	BAM 3690	Control	30 DAT	physiological	Supp 9	docx_table_11	rTr	1.02	0.03	abc
9	BAM 4138	Control	30 DAT	physiological	Supp 9	docx_table_11	Photo_TL	23.65	2.39	abc
9	BAM 4138	Control	30 DAT	physiological	Supp 9	docx_table_11	Cond_TL	0.05	0.00	ab
9	BAM 4138	Control	30 DAT	physiological	Supp 9	docx_table_11	Ci_TL	198.14	8.40	cdef
9	BAM 4138	Control	30 DAT	physiological	Supp 9	docx_table_11	Tr_TL	16.65	1.29	b
9	BAM 4138	Control	30 DAT	physiological	Supp 9	docx_table_11	Photo_BL	17.58	0.35	b
9	BAM 4138	Control	30 DAT	physiological	Supp 9	docx_table_11	Cond_BL	0.04	0.00	b
9	BAM 4138	Control	30 DAT	physiological	Supp 9	docx_table_11	Ci_BL	218.08	10.70	cde
9	BAM 4138	Control	30 DAT	physiological	Supp 9	docx_table_11	Tr_BL	14.07	0.23	abc
9	BAM 4138	Control	30 DAT	physiological	Supp 9	docx_table_11	CCI_TL	225.43	19.52	e
9	BAM 4138	Control	30 DAT	physiological	Supp 9	docx_table_11	CCI_BL	220.60	11.18	d
9	BAM 4138	Control	30 DAT	physiological	Supp 9	docx_table_11	QY_TL	0.85	0.05	ab
9	BAM 4138	Control	30 DAT	physiological	Supp 9	docx_table_11	QY_BL	0.84	0.04	ab
9	BAM 4138	Control	30 DAT	physiological	Supp 9	docx_table_11	rCCI	0.98	0.04	ab
9	BAM 4138	Control	30 DAT	physiological	Supp 9	docx_table_11	rQY	0.99	0.06	ab
9	BAM 4138	Control	30 DAT	physiological	Supp 9	docx_table_11	dCCI	4.83	8.65	cd
9	BAM 4138	Control	30 DAT	physiological	Supp 9	docx_table_11	dQY	0.01	0.01	ab
9	BAM 4138	Control	30 DAT	physiological	Supp 9	docx_table_11	rPhoto	0.76	0.01	bc
9	BAM 4138	Control	30 DAT	physiological	Supp 9	docx_table_11	rCond	1.17	0.03	a
9	BAM 4138	Control	30 DAT	physiological	Supp 9	docx_table_11	rCi	1.14	0.03	b
9	BAM 4138	Control	30 DAT	physiological	Supp 9	docx_table_11	rTr	0.88	0.00	abc
10	BAM 4521	Control	30 DAT	physiological	Supp 9	docx_table_11	Photo_TL	21.09	0.09	abc
10	BAM 4521	Control	30 DAT	physiological	Supp 9	docx_table_11	Cond_TL	0.05	0.00	ab
10	BAM 4521	Control	30 DAT	physiological	Supp 9	docx_table_11	Ci_TL	197.32	5.03	cdef
10	BAM 4521	Control	30 DAT	physiological	Supp 9	docx_table_11	Tr_TL	16.55	0.13	b
10	BAM 4521	Control	30 DAT	physiological	Supp 9	docx_table_11	Photo_BL	18.44	0.56	b
10	BAM 4521	Control	30 DAT	physiological	Supp 9	docx_table_11	Cond_BL	0.03	0.00	ab
10	BAM 4521	Control	30 DAT	physiological	Supp 9	docx_table_11	Ci_BL	186.85	3.83	ef
10	BAM 4521	Control	30 DAT	physiological	Supp 9	docx_table_11	Tr_BL	12.99	0.24	bc
10	BAM 4521	Control	30 DAT	physiological	Supp 9	docx_table_11	CCI_TL	325.57	1.74	c
10	BAM 4521	Control	30 DAT	physiological	Supp 9	docx_table_11	CCI_BL	315.90	1.50	c
10	BAM 4521	Control	30 DAT	physiological	Supp 9	docx_table_11	QY_TL	0.82	0.02	d
10	BAM 4521	Control	30 DAT	physiological	Supp 9	docx_table_11	QY_BL	0.83	0.01	abcd
10	BAM 4521	Control	30 DAT	physiological	Supp 9	docx_table_11	rCCI	0.97	0.01	abc
10	BAM 4521	Control	30 DAT	physiological	Supp 9	docx_table_11	rQY	1.01	0.02	ab
10	BAM 4521	Control	30 DAT	physiological	Supp 9	docx_table_11	dCCI	9.67	2.51	bcd
10	BAM 4521	Control	30 DAT	physiological	Supp 9	docx_table_11	dQY	-0.01	0.00	ab
10	BAM 4521	Control	30 DAT	physiological	Supp 9	docx_table_11	rPhoto	0.87	0.01	abc
10	BAM 4521	Control	30 DAT	physiological	Supp 9	docx_table_11	rCond	0.74	0.04	a
10	BAM 4521	Control	30 DAT	physiological	Supp 9	docx_table_11	rCi	1.00	0.07	b
10	BAM 4521	Control	30 DAT	physiological	Supp 9	docx_table_11	rTr	0.78	0.02	abc
11	Black gora	Control	30 DAT	physiological	Supp 9	docx_table_11	Photo_TL	24.45	1.28	ab
11	Black gora	Control	30 DAT	physiological	Supp 9	docx_table_11	Cond_TL	0.06	0.00	ab
11	Black gora	Control	30 DAT	physiological	Supp 9	docx_table_11	Ci_TL	199.86	2.37	cdef
11	Black gora	Control	30 DAT	physiological	Supp 9	docx_table_11	Tr_TL	19.08	0.62	ab
11	Black gora	Control	30 DAT	physiological	Supp 9	docx_table_11	Photo_BL	19.29	0.59	b
11	Black gora	Control	30 DAT	physiological	Supp 9	docx_table_11	Cond_BL	0.04	0.00	ab
11	Black gora	Control	30 DAT	physiological	Supp 9	docx_table_11	Ci_BL	199.70	5.30	def
11	Black gora	Control	30 DAT	physiological	Supp 9	docx_table_11	Tr_BL	15.24	0.21	ab
11	Black gora	Control	30 DAT	physiological	Supp 9	docx_table_11	CCI_TL	309.30	9.64	c
11	Black gora	Control	30 DAT	physiological	Supp 9	docx_table_11	CCI_BL	232.27	5.82	d
11	Black gora	Control	30 DAT	physiological	Supp 9	docx_table_11	QY_TL	0.83	0.02	bcd
11	Black gora	Control	30 DAT	physiological	Supp 9	docx_table_11	QY_BL	0.85	0.02	a
11	Black gora	Control	30 DAT	physiological	Supp 9	docx_table_11	rCCI	0.75	0.02	e
11	Black gora	Control	30 DAT	physiological	Supp 9	docx_table_11	rQY	1.02	0.02	a
11	Black gora	Control	30 DAT	physiological	Supp 9	docx_table_11	dCCI	77.03	3.08	a
11	Black gora	Control	30 DAT	physiological	Supp 9	docx_table_11	dQY	-0.02	0.00	b
11	Black gora	Control	30 DAT	physiological	Supp 9	docx_table_11	rPhoto	0.79	0.02	abc
11	Black gora	Control	30 DAT	physiological	Supp 9	docx_table_11	rCond	0.68	0.03	a
11	Black gora	Control	30 DAT	physiological	Supp 9	docx_table_11	rCi	0.99	0.07	b
11	Black gora	Control	30 DAT	physiological	Supp 9	docx_table_11	rTr	0.79	0.01	abc
12	Suweon	Control	30 DAT	physiological	Supp 9	docx_table_11	Photo_TL	21.66	1.15	abc
12	Suweon	Control	30 DAT	physiological	Supp 9	docx_table_11	Cond_TL	0.05	0.00	ab
12	Suweon	Control	30 DAT	physiological	Supp 9	docx_table_11	Ci_TL	166.92	3.02	f
12	Suweon	Control	30 DAT	physiological	Supp 9	docx_table_11	Tr_TL	17.66	0.58	ab
12	Suweon	Control	30 DAT	physiological	Supp 9	docx_table_11	Photo_BL	15.83	0.13	b
12	Suweon	Control	30 DAT	physiological	Supp 9	docx_table_11	Cond_BL	0.05	0.00	ab
12	Suweon	Control	30 DAT	physiological	Supp 9	docx_table_11	Ci_BL	236.63	3.62	bcde
12	Suweon	Control	30 DAT	physiological	Supp 9	docx_table_11	Tr_BL	13.71	0.01	abc
12	Suweon	Control	30 DAT	physiological	Supp 9	docx_table_11	CCI_TL	254.07	8.91	d
12	Suweon	Control	30 DAT	physiological	Supp 9	docx_table_11	CCI_BL	231.47	4.85	d
12	Suweon	Control	30 DAT	physiological	Supp 9	docx_table_11	QY_TL	0.85	0.02	a
12	Suweon	Control	30 DAT	physiological	Supp 9	docx_table_11	QY_BL	0.84	0.02	abc
12	Suweon	Control	30 DAT	physiological	Supp 9	docx_table_11	rCCI	0.91	0.02	bcd
12	Suweon	Control	30 DAT	physiological	Supp 9	docx_table_11	rQY	0.99	0.02	b
12	Suweon	Control	30 DAT	physiological	Supp 9	docx_table_11	dCCI	22.60	3.40	bcd
12	Suweon	Control	30 DAT	physiological	Supp 9	docx_table_11	dQY	0.01	0.00	a
12	Suweon	Control	30 DAT	physiological	Supp 9	docx_table_11	rPhoto	0.73	0.00	bc
12	Suweon	Control	30 DAT	physiological	Supp 9	docx_table_11	rCond	1.22	0.01	a
12	Suweon	Control	30 DAT	physiological	Supp 9	docx_table_11	rCi	2.23	0.02	b
12	Suweon	Control	30 DAT	physiological	Supp 9	docx_table_11	rTr	0.78	0.01	ab
13	Kunjukunju	Control	30 DAT	physiological	Supp 9	docx_table_11	Photo_TL	23.71	0.66	abc
13	Kunjukunju	Control	30 DAT	physiological	Supp 9	docx_table_11	Cond_TL	0.05	0.00	ab
13	Kunjukunju	Control	30 DAT	physiological	Supp 9	docx_table_11	Ci_TL	179.86	1.38	ef
13	Kunjukunju	Control	30 DAT	physiological	Supp 9	docx_table_11	Tr_TL	20.46	0.27	a
13	Kunjukunju	Control	30 DAT	physiological	Supp 9	docx_table_11	Photo_BL	18.91	0.26	b
13	Kunjukunju	Control	30 DAT	physiological	Supp 9	docx_table_11	Cond_BL	0.03	0.00	b
13	Kunjukunju	Control	30 DAT	physiological	Supp 9	docx_table_11	Ci_BL	138.46	0.92	f
13	Kunjukunju	Control	30 DAT	physiological	Supp 9	docx_table_11	Tr_BL	16.39	0.12	ab
13	Kunjukunju	Control	30 DAT	physiological	Supp 9	docx_table_11	CCI_TL	410.47	4.36	b
13	Kunjukunju	Control	30 DAT	physiological	Supp 9	docx_table_11	CCI_BL	369.10	2.27	b
13	Kunjukunju	Control	30 DAT	physiological	Supp 9	docx_table_11	QY_TL	0.84	0.00	abcd
13	Kunjukunju	Control	30 DAT	physiological	Supp 9	docx_table_11	QY_BL	0.82	0.00	bcd
13	Kunjukunju	Control	30 DAT	physiological	Supp 9	docx_table_11	rCCI	0.90	0.00	bcd
13	Kunjukunju	Control	30 DAT	physiological	Supp 9	docx_table_11	rQY	0.99	0.00	b
13	Kunjukunju	Control	30 DAT	physiological	Supp 9	docx_table_11	dCCI	41.37	0.45	b
13	Kunjukunju	Control	30 DAT	physiological	Supp 9	docx_table_11	dQY	0.01	0.00	a
13	Kunjukunju	Control	30 DAT	physiological	Supp 9	docx_table_11	rPhoto	0.79	0.01	abc
13	Kunjukunju	Control	30 DAT	physiological	Supp 9	docx_table_11	rCond	0.75	0.02	a
13	Kunjukunju	Control	30 DAT	physiological	Supp 9	docx_table_11	rCi	0.86	0.03	ab
13	Kunjukunju	Control	30 DAT	physiological	Supp 9	docx_table_11	rTr	0.80	0.00	ab
14	Cauvery	Control	30 DAT	physiological	Supp 9	docx_table_11	Photo_TL	23.34	0.33	abc
14	Cauvery	Control	30 DAT	physiological	Supp 9	docx_table_11	Cond_TL	0.05	0.00	ab
14	Cauvery	Control	30 DAT	physiological	Supp 9	docx_table_11	Ci_TL	176.09	0.82	ef
14	Cauvery	Control	30 DAT	physiological	Supp 9	docx_table_11	Tr_TL	18.62	0.19	ab
14	Cauvery	Control	30 DAT	physiological	Supp 9	docx_table_11	Photo_BL	21.11	0.24	ab
14	Cauvery	Control	30 DAT	physiological	Supp 9	docx_table_11	Cond_BL	0.03	0.00	b
14	Cauvery	Control	30 DAT	physiological	Supp 9	docx_table_11	Ci_BL	147.89	2.21	f
14	Cauvery	Control	30 DAT	physiological	Supp 9	docx_table_11	Tr_BL	17.43	0.10	a
14	Cauvery	Control	30 DAT	physiological	Supp 9	docx_table_11	CCI_TL	439.60	2.86	a
14	Cauvery	Control	30 DAT	physiological	Supp 9	docx_table_11	CCI_BL	417.93	1.84	a
14	Cauvery	Control	30 DAT	physiological	Supp 9	docx_table_11	QY_TL	0.85	0.01	ab
14	Cauvery	Control	30 DAT	physiological	Supp 9	docx_table_11	QY_BL	0.84	0.01	abcd
14	Cauvery	Control	30 DAT	physiological	Supp 9	docx_table_11	rCCI	0.95	0.01	abc
14	Cauvery	Control	30 DAT	physiological	Supp 9	docx_table_11	rQY	0.99	0.01	b
14	Cauvery	Control	30 DAT	physiological	Supp 9	docx_table_11	dCCI	21.67	1.62	bcd
14	Cauvery	Control	30 DAT	physiological	Supp 9	docx_table_11	dQY	0.01	0.00	a
14	Cauvery	Control	30 DAT	physiological	Supp 9	docx_table_11	rPhoto	0.91	0.01	abc
14	Cauvery	Control	30 DAT	physiological	Supp 9	docx_table_11	rCond	0.83	0.01	a
14	Cauvery	Control	30 DAT	physiological	Supp 9	docx_table_11	rCi	1.03	0.03	ab
14	Cauvery	Control	30 DAT	physiological	Supp 9	docx_table_11	rTr	0.94	0.01	a
15	RPW9-4(SS1)	Control	30 DAT	physiological	Supp 9	docx_table_11	Photo_TL	23.19	0.41	abc
15	RPW9-4(SS1)	Control	30 DAT	physiological	Supp 9	docx_table_11	Cond_TL	0.05	0.00	ab
15	RPW9-4(SS1)	Control	30 DAT	physiological	Supp 9	docx_table_11	Ci_TL	189.33	1.14	def
15	RPW9-4(SS1)	Control	30 DAT	physiological	Supp 9	docx_table_11	Tr_TL	19.25	0.21	ab
15	RPW9-4(SS1)	Control	30 DAT	physiological	Supp 9	docx_table_11	Photo_BL	16.21	0.07	b
15	RPW9-4(SS1)	Control	30 DAT	physiological	Supp 9	docx_table_11	Cond_BL	0.05	0.00	ab
15	RPW9-4(SS1)	Control	30 DAT	physiological	Supp 9	docx_table_11	Ci_BL	225.10	1.35	cde
15	RPW9-4(SS1)	Control	30 DAT	physiological	Supp 9	docx_table_11	Tr_BL	14.17	0.06	abc
15	RPW9-4(SS1)	Control	30 DAT	physiological	Supp 9	docx_table_11	CCI_TL	272.37	3.15	d
15	RPW9-4(SS1)	Control	30 DAT	physiological	Supp 9	docx_table_11	CCI_BL	235.90	1.63	d
15	RPW9-4(SS1)	Control	30 DAT	physiological	Supp 9	docx_table_11	QY_TL	0.83	0.01	cd
15	RPW9-4(SS1)	Control	30 DAT	physiological	Supp 9	docx_table_11	QY_BL	0.82	0.01	d
15	RPW9-4(SS1)	Control	30 DAT	physiological	Supp 9	docx_table_11	rCCI	0.87	0.01	cd
15	RPW9-4(SS1)	Control	30 DAT	physiological	Supp 9	docx_table_11	rQY	0.99	0.01	b
15	RPW9-4(SS1)	Control	30 DAT	physiological	Supp 9	docx_table_11	dCCI	36.47	1.48	bc
15	RPW9-4(SS1)	Control	30 DAT	physiological	Supp 9	docx_table_11	dQY	0.01	0.00	a
15	RPW9-4(SS1)	Control	30 DAT	physiological	Supp 9	docx_table_11	rPhoto	0.68	0.00	c
15	RPW9-4(SS1)	Control	30 DAT	physiological	Supp 9	docx_table_11	rCond	1.17	0.00	a
15	RPW9-4(SS1)	Control	30 DAT	physiological	Supp 9	docx_table_11	rCi	1.56	0.00	a
15	RPW9-4(SS1)	Control	30 DAT	physiological	Supp 9	docx_table_11	rTr	0.72	0.00	a
1	Moroberakan	N stress	30 DAT	morphological	Supp 10	docx_table_12	PH	48.77	0.02	def
1	Moroberakan	N stress	30 DAT	morphological	Supp 10	docx_table_12	TN	5.00	0.03	bc
1	Moroberakan	N stress	30 DAT	morphological	Supp 10	docx_table_12	LN	10.67	0.01	b
1	Moroberakan	N stress	30 DAT	morphological	Supp 10	docx_table_12	TLL	32.50	0.08	def
1	Moroberakan	N stress	30 DAT	morphological	Supp 10	docx_table_12	TLW	0.93	0.00	a
1	Moroberakan	N stress	30 DAT	morphological	Supp 10	docx_table_12	BLL	24.23	0.07	cd
1	Moroberakan	N stress	30 DAT	morphological	Supp 10	docx_table_12	BLW	0.63	0.00	ab
1	Moroberakan	N stress	30 DAT	morphological	Supp 10	docx_table_12	rLL	0.73	0.00	bc
1	Moroberakan	N stress	30 DAT	morphological	Supp 10	docx_table_12	rLW	0.70	0.00	abc
1	Moroberakan	N stress	30 DAT	morphological	Supp 10	docx_table_12	SFW	4.35	0.00	cd
1	Moroberakan	N stress	30 DAT	morphological	Supp 10	docx_table_12	SDW	1.43	0.01	cde
1	Moroberakan	N stress	30 DAT	morphological	Supp 10	docx_table_12	RFW	7.40	0.00	bc
1	Moroberakan	N stress	30 DAT	morphological	Supp 10	docx_table_12	RDW	2.40	0.00	bc
1	Moroberakan	N stress	30 DAT	morphological	Supp 10	docx_table_12	RL	650.19	1.15	a
1	Moroberakan	N stress	30 DAT	morphological	Supp 10	docx_table_12	PA	74.91	0.10	a
1	Moroberakan	N stress	30 DAT	morphological	Supp 10	docx_table_12	SA	235.34	0.31	a
1	Moroberakan	N stress	30 DAT	morphological	Supp 10	docx_table_12	AD	1.13	0.00	ab
1	Moroberakan	N stress	30 DAT	morphological	Supp 10	docx_table_12	LPV	650.19	1.15	a
1	Moroberakan	N stress	30 DAT	morphological	Supp 10	docx_table_12	RV	6.86	0.01	ab
1	Moroberakan	N stress	30 DAT	morphological	Supp 10	docx_table_12	TPS	2427.33	2.74	a
2	IR83388-B-B108-3	N stress	30 DAT	morphological	Supp 10	docx_table_12	PH	43.07	0.19	fg
2	IR83388-B-B108-3	N stress	30 DAT	morphological	Supp 10	docx_table_12	TN	7.33	0.02	a
2	IR83388-B-B108-3	N stress	30 DAT	morphological	Supp 10	docx_table_12	LN	19.67	0.06	a
2	IR83388-B-B108-3	N stress	30 DAT	morphological	Supp 10	docx_table_12	TLL	28.03	0.09	efg
2	IR83388-B-B108-3	N stress	30 DAT	morphological	Supp 10	docx_table_12	TLW	0.73	0.00	cde
2	IR83388-B-B108-3	N stress	30 DAT	morphological	Supp 10	docx_table_12	BLL	21.80	0.10	d
2	IR83388-B-B108-3	N stress	30 DAT	morphological	Supp 10	docx_table_12	BLW	0.53	0.00	bc
2	IR83388-B-B108-3	N stress	30 DAT	morphological	Supp 10	docx_table_12	rLL	0.76	0.00	bc
2	IR83388-B-B108-3	N stress	30 DAT	morphological	Supp 10	docx_table_12	rLW	0.71	0.00	abc
2	IR83388-B-B108-3	N stress	30 DAT	morphological	Supp 10	docx_table_12	SFW	6.62	0.03	bc
2	IR83388-B-B108-3	N stress	30 DAT	morphological	Supp 10	docx_table_12	SDW	2.35	0.01	abc
2	IR83388-B-B108-3	N stress	30 DAT	morphological	Supp 10	docx_table_12	RFW	7.10	0.02	bcd
2	IR83388-B-B108-3	N stress	30 DAT	morphological	Supp 10	docx_table_12	RDW	2.84	0.00	ab
2	IR83388-B-B108-3	N stress	30 DAT	morphological	Supp 10	docx_table_12	RL	424.31	0.73	bcd
2	IR83388-B-B108-3	N stress	30 DAT	morphological	Supp 10	docx_table_12	PA	74.47	0.18	a
2	IR83388-B-B108-3	N stress	30 DAT	morphological	Supp 10	docx_table_12	SA	233.95	0.55	a
2	IR83388-B-B108-3	N stress	30 DAT	morphological	Supp 10	docx_table_12	AD	1.84	0.00	a
2	IR83388-B-B108-3	N stress	30 DAT	morphological	Supp 10	docx_table_12	LPV	424.31	0.73	bcd
2	IR83388-B-B108-3	N stress	30 DAT	morphological	Supp 10	docx_table_12	RV	13.06	0.02	a
2	IR83388-B-B108-3	N stress	30 DAT	morphological	Supp 10	docx_table_12	TPS	1436.33	4.79	bcdef
3	IR77298-14-1-2-10	N stress	30 DAT	morphological	Supp 10	docx_table_12	PH	44.87	0.17	ef
3	IR77298-14-1-2-10	N stress	30 DAT	morphological	Supp 10	docx_table_12	TN	7.33	0.02	a
3	IR77298-14-1-2-10	N stress	30 DAT	morphological	Supp 10	docx_table_12	LN	18.00	0.06	ab
3	IR77298-14-1-2-10	N stress	30 DAT	morphological	Supp 10	docx_table_12	TLL	29.00	0.09	efg
3	IR77298-14-1-2-10	N stress	30 DAT	morphological	Supp 10	docx_table_12	TLW	0.90	0.00	ab
3	IR77298-14-1-2-10	N stress	30 DAT	morphological	Supp 10	docx_table_12	BLL	24.27	0.09	cd
3	IR77298-14-1-2-10	N stress	30 DAT	morphological	Supp 10	docx_table_12	BLW	0.70	0.00	ab
3	IR77298-14-1-2-10	N stress	30 DAT	morphological	Supp 10	docx_table_12	rLL	0.85	0.00	abc
3	IR77298-14-1-2-10	N stress	30 DAT	morphological	Supp 10	docx_table_12	rLW	0.79	0.00	abc
3	IR77298-14-1-2-10	N stress	30 DAT	morphological	Supp 10	docx_table_12	SFW	7.93	0.02	b
3	IR77298-14-1-2-10	N stress	30 DAT	morphological	Supp 10	docx_table_12	SDW	2.22	0.00	abcd
3	IR77298-14-1-2-10	N stress	30 DAT	morphological	Supp 10	docx_table_12	RFW	6.05	0.02	bcdef
3	IR77298-14-1-2-10	N stress	30 DAT	morphological	Supp 10	docx_table_12	RDW	2.28	0.00	bc
3	IR77298-14-1-2-10	N stress	30 DAT	morphological	Supp 10	docx_table_12	RL	546.45	0.96	ab
3	IR77298-14-1-2-10	N stress	30 DAT	morphological	Supp 10	docx_table_12	PA	72.01	0.15	a
3	IR77298-14-1-2-10	N stress	30 DAT	morphological	Supp 10	docx_table_12	SA	226.23	0.46	a
3	IR77298-14-1-2-10	N stress	30 DAT	morphological	Supp 10	docx_table_12	AD	1.32	0.01	ab
3	IR77298-14-1-2-10	N stress	30 DAT	morphological	Supp 10	docx_table_12	LPV	546.45	0.96	ab
3	IR77298-14-1-2-10	N stress	30 DAT	morphological	Supp 10	docx_table_12	RV	7.47	0.02	ab
3	IR77298-14-1-2-10	N stress	30 DAT	morphological	Supp 10	docx_table_12	TPS	1861.67	3.83	ab
4	PUSA1121	N stress	30 DAT	morphological	Supp 10	docx_table_12	PH	42.37	0.09	fg
4	PUSA1121	N stress	30 DAT	morphological	Supp 10	docx_table_12	TN	4.33	0.01	c
4	PUSA1121	N stress	30 DAT	morphological	Supp 10	docx_table_12	LN	13.67	0.03	ab
4	PUSA1121	N stress	30 DAT	morphological	Supp 10	docx_table_12	TLL	28.23	0.01	efg
4	PUSA1121	N stress	30 DAT	morphological	Supp 10	docx_table_12	TLW	0.50	0.00	f
4	PUSA1121	N stress	30 DAT	morphological	Supp 10	docx_table_12	BLL	22.73	0.02	d
4	PUSA1121	N stress	30 DAT	morphological	Supp 10	docx_table_12	BLW	0.37	0.00	c
4	PUSA1121	N stress	30 DAT	morphological	Supp 10	docx_table_12	rLL	0.80	0.00	abc
4	PUSA1121	N stress	30 DAT	morphological	Supp 10	docx_table_12	rLW	0.74	0.00	abc
4	PUSA1121	N stress	30 DAT	morphological	Supp 10	docx_table_12	SFW	4.58	0.01	cd
4	PUSA1121	N stress	30 DAT	morphological	Supp 10	docx_table_12	SDW	1.66	0.00	cde
4	PUSA1121	N stress	30 DAT	morphological	Supp 10	docx_table_12	RFW	4.92	0.01	cdef
4	PUSA1121	N stress	30 DAT	morphological	Supp 10	docx_table_12	RDW	1.74	0.00	bcd
4	PUSA1121	N stress	30 DAT	morphological	Supp 10	docx_table_12	RL	337.53	0.21	cde
4	PUSA1121	N stress	30 DAT	morphological	Supp 10	docx_table_12	PA	41.69	0.04	ab
4	PUSA1121	N stress	30 DAT	morphological	Supp 10	docx_table_12	SA	130.98	0.12	ab
4	PUSA1121	N stress	30 DAT	morphological	Supp 10	docx_table_12	AD	1.26	0.00	ab
4	PUSA1121	N stress	30 DAT	morphological	Supp 10	docx_table_12	LPV	337.53	0.21	cde
4	PUSA1121	N stress	30 DAT	morphological	Supp 10	docx_table_12	RV	4.09	0.01	b
4	PUSA1121	N stress	30 DAT	morphological	Supp 10	docx_table_12	TPS	1112.00	1.02	cdefg
5	BAM8315	N stress	30 DAT	morphological	Supp 10	docx_table_12	PH	41.87	0.05	fg
5	BAM8315	N stress	30 DAT	morphological	Supp 10	docx_table_12	TN	4.33	0.01	c
5	BAM8315	N stress	30 DAT	morphological	Supp 10	docx_table_12	LN	17.33	0.02	ab
5	BAM8315	N stress	30 DAT	morphological	Supp 10	docx_table_12	TLL	26.33	0.05	fg
5	BAM8315	N stress	30 DAT	morphological	Supp 10	docx_table_12	TLW	0.73	0.00	cde
5	BAM8315	N stress	30 DAT	morphological	Supp 10	docx_table_12	BLL	22.97	0.05	d
5	BAM8315	N stress	30 DAT	morphological	Supp 10	docx_table_12	BLW	0.80	0.00	a
5	BAM8315	N stress	30 DAT	morphological	Supp 10	docx_table_12	rLL	0.87	0.00	abc
5	BAM8315	N stress	30 DAT	morphological	Supp 10	docx_table_12	rLW	1.09	0.00	a
5	BAM8315	N stress	30 DAT	morphological	Supp 10	docx_table_12	SFW	7.70	0.01	b
5	BAM8315	N stress	30 DAT	morphological	Supp 10	docx_table_12	SDW	2.14	0.00	bcde
5	BAM8315	N stress	30 DAT	morphological	Supp 10	docx_table_12	RFW	8.46	0.01	b
5	BAM8315	N stress	30 DAT	morphological	Supp 10	docx_table_12	RDW	2.27	0.00	bc
5	BAM8315	N stress	30 DAT	morphological	Supp 10	docx_table_12	RL	366.00	0.38	cde
5	BAM8315	N stress	30 DAT	morphological	Supp 10	docx_table_12	PA	63.03	0.07	ab
5	BAM8315	N stress	30 DAT	morphological	Supp 10	docx_table_12	SA	198.01	0.23	ab
5	BAM8315	N stress	30 DAT	morphological	Supp 10	docx_table_12	AD	1.74	0.00	ab
5	BAM8315	N stress	30 DAT	morphological	Supp 10	docx_table_12	LPV	366.00	0.38	cde
5	BAM8315	N stress	30 DAT	morphological	Supp 10	docx_table_12	RV	8.54	0.01	ab
5	BAM8315	N stress	30 DAT	morphological	Supp 10	docx_table_12	TPS	783.67	1.96	g
6	BAM812	N stress	30 DAT	morphological	Supp 10	docx_table_12	PH	54.63	0.06	cde
6	BAM812	N stress	30 DAT	morphological	Supp 10	docx_table_12	TN	4.00	0.01	c
6	BAM812	N stress	30 DAT	morphological	Supp 10	docx_table_12	LN	11.33	0.02	b
6	BAM812	N stress	30 DAT	morphological	Supp 10	docx_table_12	TLL	34.00	0.04	def
6	BAM812	N stress	30 DAT	morphological	Supp 10	docx_table_12	TLW	0.67	0.00	de
6	BAM812	N stress	30 DAT	morphological	Supp 10	docx_table_12	BLL	23.97	0.04	cd
6	BAM812	N stress	30 DAT	morphological	Supp 10	docx_table_12	BLW	0.47	0.00	bc
6	BAM812	N stress	30 DAT	morphological	Supp 10	docx_table_12	rLL	0.70	0.00	bc
6	BAM812	N stress	30 DAT	morphological	Supp 10	docx_table_12	rLW	0.70	0.00	abc
6	BAM812	N stress	30 DAT	morphological	Supp 10	docx_table_12	SFW	6.31	0.01	bcd
6	BAM812	N stress	30 DAT	morphological	Supp 10	docx_table_12	SDW	2.22	0.00	abcd
6	BAM812	N stress	30 DAT	morphological	Supp 10	docx_table_12	RFW	3.94	0.01	def
6	BAM812	N stress	30 DAT	morphological	Supp 10	docx_table_12	RDW	1.30	0.00	cd
6	BAM812	N stress	30 DAT	morphological	Supp 10	docx_table_12	RL	257.93	0.39	e
6	BAM812	N stress	30 DAT	morphological	Supp 10	docx_table_12	PA	31.75	0.06	b
6	BAM812	N stress	30 DAT	morphological	Supp 10	docx_table_12	SA	99.76	0.18	b
6	BAM812	N stress	30 DAT	morphological	Supp 10	docx_table_12	AD	1.21	0.00	ab
6	BAM812	N stress	30 DAT	morphological	Supp 10	docx_table_12	LPV	257.93	0.39	e
6	BAM812	N stress	30 DAT	morphological	Supp 10	docx_table_12	RV	3.18	0.01	b
6	BAM812	N stress	30 DAT	morphological	Supp 10	docx_table_12	TPS	838.00	1.43	fg
7	Malchi	N stress	30 DAT	morphological	Supp 10	docx_table_12	PH	62.17	0.02	abc
7	Malchi	N stress	30 DAT	morphological	Supp 10	docx_table_12	TN	4.00	0.00	c
7	Malchi	N stress	30 DAT	morphological	Supp 10	docx_table_12	LN	11.00	0.00	b
7	Malchi	N stress	30 DAT	morphological	Supp 10	docx_table_12	TLL	43.03	0.02	abc
7	Malchi	N stress	30 DAT	morphological	Supp 10	docx_table_12	TLW	0.77	0.00	bcd
7	Malchi	N stress	30 DAT	morphological	Supp 10	docx_table_12	BLL	27.70	0.01	bcd
7	Malchi	N stress	30 DAT	morphological	Supp 10	docx_table_12	BLW	0.53	0.00	bc
7	Malchi	N stress	30 DAT	morphological	Supp 10	docx_table_12	rLL	0.66	0.00	c
7	Malchi	N stress	30 DAT	morphological	Supp 10	docx_table_12	rLW	0.69	0.00	bc
7	Malchi	N stress	30 DAT	morphological	Supp 10	docx_table_12	SFW	4.90	0.00	cd
7	Malchi	N stress	30 DAT	morphological	Supp 10	docx_table_12	SDW	1.77	0.00	cde
7	Malchi	N stress	30 DAT	morphological	Supp 10	docx_table_12	RFW	3.49	0.00	ef
7	Malchi	N stress	30 DAT	morphological	Supp 10	docx_table_12	RDW	0.75	0.00	d
7	Malchi	N stress	30 DAT	morphological	Supp 10	docx_table_12	RL	304.57	0.10	de
7	Malchi	N stress	30 DAT	morphological	Supp 10	docx_table_12	PA	33.47	0.02	b
7	Malchi	N stress	30 DAT	morphological	Supp 10	docx_table_12	SA	105.15	0.05	b
7	Malchi	N stress	30 DAT	morphological	Supp 10	docx_table_12	AD	1.11	0.00	ab
7	Malchi	N stress	30 DAT	morphological	Supp 10	docx_table_12	LPV	304.57	0.10	de
7	Malchi	N stress	30 DAT	morphological	Supp 10	docx_table_12	RV	2.90	0.00	b
7	Malchi	N stress	30 DAT	morphological	Supp 10	docx_table_12	TPS	1099.67	0.47	cdefg
8	BAM 3690	N stress	30 DAT	morphological	Supp 10	docx_table_12	PH	58.27	0.02	bcd
8	BAM 3690	N stress	30 DAT	morphological	Supp 10	docx_table_12	TN	5.67	0.00	abc
8	BAM 3690	N stress	30 DAT	morphological	Supp 10	docx_table_12	LN	15.67	0.01	ab
8	BAM 3690	N stress	30 DAT	morphological	Supp 10	docx_table_12	TLL	38.43	0.01	bcd
8	BAM 3690	N stress	30 DAT	morphological	Supp 10	docx_table_12	TLW	0.73	0.00	cde
8	BAM 3690	N stress	30 DAT	morphological	Supp 10	docx_table_12	BLL	29.67	0.02	abcd
8	BAM 3690	N stress	30 DAT	morphological	Supp 10	docx_table_12	BLW	0.57	0.00	abc
8	BAM 3690	N stress	30 DAT	morphological	Supp 10	docx_table_12	rLL	0.77	0.00	abc
8	BAM 3690	N stress	30 DAT	morphological	Supp 10	docx_table_12	rLW	0.81	0.00	abc
8	BAM 3690	N stress	30 DAT	morphological	Supp 10	docx_table_12	SFW	6.05	0.00	bcd
8	BAM 3690	N stress	30 DAT	morphological	Supp 10	docx_table_12	SDW	1.73	0.00	cde
8	BAM 3690	N stress	30 DAT	morphological	Supp 10	docx_table_12	RFW	5.59	0.00	b
8	BAM 3690	N stress	30 DAT	morphological	Supp 10	docx_table_12	RDW	1.13	0.00	d
8	BAM 3690	N stress	30 DAT	morphological	Supp 10	docx_table_12	RL	327.13	0.16	cde
8	BAM 3690	N stress	30 DAT	morphological	Supp 10	docx_table_12	PA	52.74	0.03	ab
8	BAM 3690	N stress	30 DAT	morphological	Supp 10	docx_table_12	SA	165.69	0.09	ab
8	BAM 3690	N stress	30 DAT	morphological	Supp 10	docx_table_12	AD	1.51	0.00	ab
8	BAM 3690	N stress	30 DAT	morphological	Supp 10	docx_table_12	LPV	327.13	0.16	cde
8	BAM 3690	N stress	30 DAT	morphological	Supp 10	docx_table_12	RV	7.23	0.00	ab
8	BAM 3690	N stress	30 DAT	morphological	Supp 10	docx_table_12	TPS	1469.00	0.75	bcde
9	BAM 4138	N stress	30 DAT	morphological	Supp 10	docx_table_12	PH	50.63	0.02	def
9	BAM 4138	N stress	30 DAT	morphological	Supp 10	docx_table_12	TN	6.67	0.00	ab
9	BAM 4138	N stress	30 DAT	morphological	Supp 10	docx_table_12	LN	14.67	0.01	ab
9	BAM 4138	N stress	30 DAT	morphological	Supp 10	docx_table_12	TLL	35.33	0.01	cde
9	BAM 4138	N stress	30 DAT	morphological	Supp 10	docx_table_12	TLW	0.60	0.00	ef
9	BAM 4138	N stress	30 DAT	morphological	Supp 10	docx_table_12	BLL	27.00	0.01	bcd
9	BAM 4138	N stress	30 DAT	morphological	Supp 10	docx_table_12	BLW	0.57	0.00	abc
9	BAM 4138	N stress	30 DAT	morphological	Supp 10	docx_table_12	rLL	0.76	0.00	bc
9	BAM 4138	N stress	30 DAT	morphological	Supp 10	docx_table_12	rLW	1.01	0.00	ab
9	BAM 4138	N stress	30 DAT	morphological	Supp 10	docx_table_12	SFW	6.25	0.00	bcd
9	BAM 4138	N stress	30 DAT	morphological	Supp 10	docx_table_12	SDW	1.88	0.00	bcde
9	BAM 4138	N stress	30 DAT	morphological	Supp 10	docx_table_12	RFW	6.24	0.00	bcdef
9	BAM 4138	N stress	30 DAT	morphological	Supp 10	docx_table_12	RDW	1.64	0.00	de
9	BAM 4138	N stress	30 DAT	morphological	Supp 10	docx_table_12	RL	397.46	0.15	bcde
9	BAM 4138	N stress	30 DAT	morphological	Supp 10	docx_table_12	PA	58.49	0.02	ab
9	BAM 4138	N stress	30 DAT	morphological	Supp 10	docx_table_12	SA	183.74	0.06	ab
9	BAM 4138	N stress	30 DAT	morphological	Supp 10	docx_table_12	AD	1.58	0.00	ab
9	BAM 4138	N stress	30 DAT	morphological	Supp 10	docx_table_12	LPV	397.46	0.15	bcde
9	BAM 4138	N stress	30 DAT	morphological	Supp 10	docx_table_12	RV	7.58	0.00	ab
9	BAM 4138	N stress	30 DAT	morphological	Supp 10	docx_table_12	TPS	1520.33	0.49	bcd
10	BAM 4521	N stress	30 DAT	morphological	Supp 10	docx_table_12	PH	64.17	0.00	abc
10	BAM 4521	N stress	30 DAT	morphological	Supp 10	docx_table_12	TN	4.67	0.00	bc
10	BAM 4521	N stress	30 DAT	morphological	Supp 10	docx_table_12	LN	10.67	0.00	b
10	BAM 4521	N stress	30 DAT	morphological	Supp 10	docx_table_12	TLL	40.77	0.00	abcd
10	BAM 4521	N stress	30 DAT	morphological	Supp 10	docx_table_12	TLW	0.83	0.00	abcd
10	BAM 4521	N stress	30 DAT	morphological	Supp 10	docx_table_12	BLL	35.20	0.00	ab
10	BAM 4521	N stress	30 DAT	morphological	Supp 10	docx_table_12	BLW	0.47	0.00	bc
10	BAM 4521	N stress	30 DAT	morphological	Supp 10	docx_table_12	rLL	0.86	0.00	abc
10	BAM 4521	N stress	30 DAT	morphological	Supp 10	docx_table_12	rLW	0.56	0.00	c
10	BAM 4521	N stress	30 DAT	morphological	Supp 10	docx_table_12	SFW	10.47	0.00	a
10	BAM 4521	N stress	30 DAT	morphological	Supp 10	docx_table_12	SDW	3.16	0.00	a
10	BAM 4521	N stress	30 DAT	morphological	Supp 10	docx_table_12	RFW	8.44	0.00	b
10	BAM 4521	N stress	30 DAT	morphological	Supp 10	docx_table_12	RDW	2.36	0.00	bc
10	BAM 4521	N stress	30 DAT	morphological	Supp 10	docx_table_12	RL	345.37	0.03	cde
10	BAM 4521	N stress	30 DAT	morphological	Supp 10	docx_table_12	PA	47.99	0.01	ab
10	BAM 4521	N stress	30 DAT	morphological	Supp 10	docx_table_12	SA	150.76	0.02	ab
10	BAM 4521	N stress	30 DAT	morphological	Supp 10	docx_table_12	AD	1.40	0.00	ab
10	BAM 4521	N stress	30 DAT	morphological	Supp 10	docx_table_12	LPV	345.37	0.03	cde
10	BAM 4521	N stress	30 DAT	morphological	Supp 10	docx_table_12	RV	5.38	0.00	b
10	BAM 4521	N stress	30 DAT	morphological	Supp 10	docx_table_12	TPS	1293.00	0.16	bcdefg
11	Black gora	N stress	30 DAT	morphological	Supp 10	docx_table_12	PH	70.60	0.01	a
11	Black gora	N stress	30 DAT	morphological	Supp 10	docx_table_12	TN	4.00	0.00	c
11	Black gora	N stress	30 DAT	morphological	Supp 10	docx_table_12	LN	12.00	0.00	b
11	Black gora	N stress	30 DAT	morphological	Supp 10	docx_table_12	TLL	48.77	0.01	a
11	Black gora	N stress	30 DAT	morphological	Supp 10	docx_table_12	TLW	0.88	0.00	ab
11	Black gora	N stress	30 DAT	morphological	Supp 10	docx_table_12	BLL	37.97	0.01	a
11	Black gora	N stress	30 DAT	morphological	Supp 10	docx_table_12	BLW	0.63	0.00	ab
11	Black gora	N stress	30 DAT	morphological	Supp 10	docx_table_12	rLL	0.80	0.00	abc
11	Black gora	N stress	30 DAT	morphological	Supp 10	docx_table_12	rLW	0.72	0.00	abc
11	Black gora	N stress	30 DAT	morphological	Supp 10	docx_table_12	SFW	3.83	0.00	d
11	Black gora	N stress	30 DAT	morphological	Supp 10	docx_table_12	SDW	1.41	0.00	de
11	Black gora	N stress	30 DAT	morphological	Supp 10	docx_table_12	RFW	3.05	0.00	f
11	Black gora	N stress	30 DAT	morphological	Supp 10	docx_table_12	RDW	0.74	0.00	d
11	Black gora	N stress	30 DAT	morphological	Supp 10	docx_table_12	RL	269.61	0.07	e
11	Black gora	N stress	30 DAT	morphological	Supp 10	docx_table_12	PA	31.78	0.01	b
11	Black gora	N stress	30 DAT	morphological	Supp 10	docx_table_12	SA	99.83	0.04	b
11	Black gora	N stress	30 DAT	morphological	Supp 10	docx_table_12	AD	1.18	0.00	ab
11	Black gora	N stress	30 DAT	morphological	Supp 10	docx_table_12	LPV	269.61	0.07	e
11	Black gora	N stress	30 DAT	morphological	Supp 10	docx_table_12	RV	3.18	0.00	b
11	Black gora	N stress	30 DAT	morphological	Supp 10	docx_table_12	TPS	904.33	0.30	defg
12	Suweon	N stress	30 DAT	morphological	Supp 10	docx_table_12	PH	65.40	0.01	ab
12	Suweon	N stress	30 DAT	morphological	Supp 10	docx_table_12	TN	3.67	0.00	c
12	Suweon	N stress	30 DAT	morphological	Supp 10	docx_table_12	LN	14.33	0.00	ab
12	Suweon	N stress	30 DAT	morphological	Supp 10	docx_table_12	TLL	44.40	0.01	ab
12	Suweon	N stress	30 DAT	morphological	Supp 10	docx_table_12	TLW	0.67	0.00	de
12	Suweon	N stress	30 DAT	morphological	Supp 10	docx_table_12	BLL	31.70	0.00	abc
12	Suweon	N stress	30 DAT	morphological	Supp 10	docx_table_12	BLW	0.50	0.00	bc
12	Suweon	N stress	30 DAT	morphological	Supp 10	docx_table_12	rLL	0.71	0.00	bc
12	Suweon	N stress	30 DAT	morphological	Supp 10	docx_table_12	rLW	0.75	0.00	abc
12	Suweon	N stress	30 DAT	morphological	Supp 10	docx_table_12	SFW	8.42	0.00	ab
12	Suweon	N stress	30 DAT	morphological	Supp 10	docx_table_12	SDW	2.76	0.00	ab
12	Suweon	N stress	30 DAT	morphological	Supp 10	docx_table_12	RFW	12.75	0.00	a
12	Suweon	N stress	30 DAT	morphological	Supp 10	docx_table_12	RDW	3.93	0.00	a
12	Suweon	N stress	30 DAT	morphological	Supp 10	docx_table_12	RL	463.91	0.06	bc
12	Suweon	N stress	30 DAT	morphological	Supp 10	docx_table_12	PA	71.28	0.01	a
12	Suweon	N stress	30 DAT	morphological	Supp 10	docx_table_12	SA	223.93	0.02	a
12	Suweon	N stress	30 DAT	morphological	Supp 10	docx_table_12	AD	1.52	0.00	ab
12	Suweon	N stress	30 DAT	morphological	Supp 10	docx_table_12	LPV	463.91	0.06	bc
12	Suweon	N stress	30 DAT	morphological	Supp 10	docx_table_12	RV	8.62	0.00	ab
12	Suweon	N stress	30 DAT	morphological	Supp 10	docx_table_12	TPS	1841.33	0.17	ab
13	Kunjukunju	N stress	30 DAT	morphological	Supp 10	docx_table_12	PH	40.97	0.01	fg
13	Kunjukunju	N stress	30 DAT	morphological	Supp 10	docx_table_12	TN	3.67	0.00	c
13	Kunjukunju	N stress	30 DAT	morphological	Supp 10	docx_table_12	LN	11.00	0.00	b
13	Kunjukunju	N stress	30 DAT	morphological	Supp 10	docx_table_12	TLL	26.60	0.00	fg
13	Kunjukunju	N stress	30 DAT	morphological	Supp 10	docx_table_12	TLW	0.80	0.00	abcd
13	Kunjukunju	N stress	30 DAT	morphological	Supp 10	docx_table_12	BLL	22.47	0.00	d
13	Kunjukunju	N stress	30 DAT	morphological	Supp 10	docx_table_12	BLW	0.63	0.00	ab
13	Kunjukunju	N stress	30 DAT	morphological	Supp 10	docx_table_12	rLL	0.84	0.00	abc
13	Kunjukunju	N stress	30 DAT	morphological	Supp 10	docx_table_12	rLW	0.79	0.00	abc
13	Kunjukunju	N stress	30 DAT	morphological	Supp 10	docx_table_12	SFW	6.02	0.00	bcd
13	Kunjukunju	N stress	30 DAT	morphological	Supp 10	docx_table_12	SDW	2.06	0.00	bcde
13	Kunjukunju	N stress	30 DAT	morphological	Supp 10	docx_table_12	RFW	5.57	0.00	bcdef
13	Kunjukunju	N stress	30 DAT	morphological	Supp 10	docx_table_12	RDW	1.76	0.00	bcd
13	Kunjukunju	N stress	30 DAT	morphological	Supp 10	docx_table_12	RL	321.03	0.02	cde
13	Kunjukunju	N stress	30 DAT	morphological	Supp 10	docx_table_12	PA	35.36	0.00	b
13	Kunjukunju	N stress	30 DAT	morphological	Supp 10	docx_table_12	SA	111.10	0.01	b
13	Kunjukunju	N stress	30 DAT	morphological	Supp 10	docx_table_12	AD	1.07	0.00	b
13	Kunjukunju	N stress	30 DAT	morphological	Supp 10	docx_table_12	LPV	321.03	0.02	cde
13	Kunjukunju	N stress	30 DAT	morphological	Supp 10	docx_table_12	RV	3.14	0.00	b
13	Kunjukunju	N stress	30 DAT	morphological	Supp 10	docx_table_12	TPS	1609.00	0.08	bc
14	Cauvery	N stress	30 DAT	morphological	Supp 10	docx_table_12	PH	41.17	0.00	fg
14	Cauvery	N stress	30 DAT	morphological	Supp 10	docx_table_12	TN	4.67	0.00	bc
14	Cauvery	N stress	30 DAT	morphological	Supp 10	docx_table_12	LN	12.33	0.00	ab
14	Cauvery	N stress	30 DAT	morphological	Supp 10	docx_table_12	TLL	25.93	0.00	fg
14	Cauvery	N stress	30 DAT	morphological	Supp 10	docx_table_12	TLW	0.60	0.00	ef
14	Cauvery	N stress	30 DAT	morphological	Supp 10	docx_table_12	BLL	23.43	0.00	cd
14	Cauvery	N stress	30 DAT	morphological	Supp 10	docx_table_12	BLW	0.63	0.00	ab
14	Cauvery	N stress	30 DAT	morphological	Supp 10	docx_table_12	rLL	0.91	0.00	ab
14	Cauvery	N stress	30 DAT	morphological	Supp 10	docx_table_12	rLW	1.06	0.00	ab
14	Cauvery	N stress	30 DAT	morphological	Supp 10	docx_table_12	SFW	6.30	0.00	bcd
14	Cauvery	N stress	30 DAT	morphological	Supp 10	docx_table_12	SDW	1.89	0.00	bcde
14	Cauvery	N stress	30 DAT	morphological	Supp 10	docx_table_12	RFW	5.50	0.00	bcdef
14	Cauvery	N stress	30 DAT	morphological	Supp 10	docx_table_12	RDW	1.38	0.00	cd
14	Cauvery	N stress	30 DAT	morphological	Supp 10	docx_table_12	RL	320.37	0.03	cde
14	Cauvery	N stress	30 DAT	morphological	Supp 10	docx_table_12	PA	50.47	0.00	ab
14	Cauvery	N stress	30 DAT	morphological	Supp 10	docx_table_12	SA	158.56	0.01	ab
14	Cauvery	N stress	30 DAT	morphological	Supp 10	docx_table_12	AD	1.59	0.00	ab
14	Cauvery	N stress	30 DAT	morphological	Supp 10	docx_table_12	LPV	320.37	0.03	cde
14	Cauvery	N stress	30 DAT	morphological	Supp 10	docx_table_12	RV	6.87	0.00	ab
14	Cauvery	N stress	30 DAT	morphological	Supp 10	docx_table_12	TPS	1323.33	0.11	bcdefg
15	RPW9-4(SS1)	N stress	30 DAT	morphological	Supp 10	docx_table_12	PH	34.30	0.00	g
15	RPW9-4(SS1)	N stress	30 DAT	morphological	Supp 10	docx_table_12	TN	4.33	0.00	c
15	RPW9-4(SS1)	N stress	30 DAT	morphological	Supp 10	docx_table_12	LN	13.00	0.00	ab
15	RPW9-4(SS1)	N stress	30 DAT	morphological	Supp 10	docx_table_12	TLL	21.17	0.00	g
15	RPW9-4(SS1)	N stress	30 DAT	morphological	Supp 10	docx_table_12	TLW	0.70	0.00	cde
15	RPW9-4(SS1)	N stress	30 DAT	morphological	Supp 10	docx_table_12	BLL	21.17	0.00	d
15	RPW9-4(SS1)	N stress	30 DAT	morphological	Supp 10	docx_table_12	BLW	0.60	0.00	abc
15	RPW9-4(SS1)	N stress	30 DAT	morphological	Supp 10	docx_table_12	rLL	1.00	0.00	a
15	RPW9-4(SS1)	N stress	30 DAT	morphological	Supp 10	docx_table_12	rLW	0.86	0.00	abc
15	RPW9-4(SS1)	N stress	30 DAT	morphological	Supp 10	docx_table_12	SFW	4.49	0.00	cd
15	RPW9-4(SS1)	N stress	30 DAT	morphological	Supp 10	docx_table_12	SDW	1.06	0.00	e
15	RPW9-4(SS1)	N stress	30 DAT	morphological	Supp 10	docx_table_12	RFW	3.47	0.00	ef
15	RPW9-4(SS1)	N stress	30 DAT	morphological	Supp 10	docx_table_12	RDW	0.71	0.00	d
15	RPW9-4(SS1)	N stress	30 DAT	morphological	Supp 10	docx_table_12	RL	264.33	0.02	e
15	RPW9-4(SS1)	N stress	30 DAT	morphological	Supp 10	docx_table_12	PA	34.96	0.00	b
15	RPW9-4(SS1)	N stress	30 DAT	morphological	Supp 10	docx_table_12	SA	109.85	0.01	b
15	RPW9-4(SS1)	N stress	30 DAT	morphological	Supp 10	docx_table_12	AD	1.32	0.00	ab
15	RPW9-4(SS1)	N stress	30 DAT	morphological	Supp 10	docx_table_12	LPV	264.33	0.02	e
15	RPW9-4(SS1)	N stress	30 DAT	morphological	Supp 10	docx_table_12	RV	3.75	0.00	b
15	RPW9-4(SS1)	N stress	30 DAT	morphological	Supp 10	docx_table_12	TPS	875.00	0.05	efg
1	Moroberakan	N stress	30 DAT	physiological	Supp 11	docx_table_13	Photo_TL	17.32	0.17	g
1	Moroberakan	N stress	30 DAT	physiological	Supp 11	docx_table_13	Cond_TL	0.03	0.00	ab
1	Moroberakan	N stress	30 DAT	physiological	Supp 11	docx_table_13	Ci_TL	284.88	0.28	a
1	Moroberakan	N stress	30 DAT	physiological	Supp 11	docx_table_13	Tr_TL	6.41	0.04	d
1	Moroberakan	N stress	30 DAT	physiological	Supp 11	docx_table_13	Photo_BL	8.94	0.10	bcd
1	Moroberakan	N stress	30 DAT	physiological	Supp 11	docx_table_13	Cond_BL	0.01	0.00	a
1	Moroberakan	N stress	30 DAT	physiological	Supp 11	docx_table_13	Ci_BL	284.59	0.66	a
1	Moroberakan	N stress	30 DAT	physiological	Supp 11	docx_table_13	Tr_BL	3.56	0.03	a
1	Moroberakan	N stress	30 DAT	physiological	Supp 11	docx_table_13	CCI_TL	179.77	0.80	g
1	Moroberakan	N stress	30 DAT	physiological	Supp 11	docx_table_13	CCI_BL	125.80	0.32	g
1	Moroberakan	N stress	30 DAT	physiological	Supp 11	docx_table_13	QY_TL	0.70	0.00	def
1	Moroberakan	N stress	30 DAT	physiological	Supp 11	docx_table_13	QY_BL	0.62	0.00	fg
1	Moroberakan	N stress	30 DAT	physiological	Supp 11	docx_table_13	rCCI	0.70	0.00	ab
1	Moroberakan	N stress	30 DAT	physiological	Supp 11	docx_table_13	rQY	0.89	0.00	bcde
1	Moroberakan	N stress	30 DAT	physiological	Supp 11	docx_table_13	dCCI	53.97	0.64	e
1	Moroberakan	N stress	30 DAT	physiological	Supp 11	docx_table_13	dQY	0.08	0.00	cdef
1	Moroberakan	N stress	30 DAT	physiological	Supp 11	docx_table_13	rPhoto	0.51	0.00	ab
1	Moroberakan	N stress	30 DAT	physiological	Supp 11	docx_table_13	rCond	0.53	0.01	ab
1	Moroberakan	N stress	30 DAT	physiological	Supp 11	docx_table_13	rCi	1.00	0.01	bc
1	Moroberakan	N stress	30 DAT	physiological	Supp 11	docx_table_13	rTr	0.59	0.00	abc
2	IR83388-B-B108-3	N stress	30 DAT	physiological	Supp 11	docx_table_13	Photo_TL	19.45	0.12	fg
2	IR83388-B-B108-3	N stress	30 DAT	physiological	Supp 11	docx_table_13	Cond_TL	0.02	0.00	b
2	IR83388-B-B108-3	N stress	30 DAT	physiological	Supp 11	docx_table_13	Ci_TL	254.00	0.44	ab
2	IR83388-B-B108-3	N stress	30 DAT	physiological	Supp 11	docx_table_13	Tr_TL	6.36	0.09	d
2	IR83388-B-B108-3	N stress	30 DAT	physiological	Supp 11	docx_table_13	Photo_BL	11.56	0.09	bcd
2	IR83388-B-B108-3	N stress	30 DAT	physiological	Supp 11	docx_table_13	Cond_BL	0.02	0.00	a
2	IR83388-B-B108-3	N stress	30 DAT	physiological	Supp 11	docx_table_13	Ci_BL	265.25	0.78	a
2	IR83388-B-B108-3	N stress	30 DAT	physiological	Supp 11	docx_table_13	Tr_BL	5.05	0.03	a
2	IR83388-B-B108-3	N stress	30 DAT	physiological	Supp 11	docx_table_13	CCI_TL	342.47	1.28	bc
2	IR83388-B-B108-3	N stress	30 DAT	physiological	Supp 11	docx_table_13	CCI_BL	214.53	0.82	bc
2	IR83388-B-B108-3	N stress	30 DAT	physiological	Supp 11	docx_table_13	QY_TL	0.75	0.00	bc
2	IR83388-B-B108-3	N stress	30 DAT	physiological	Supp 11	docx_table_13	QY_BL	0.69	0.00	bc
2	IR83388-B-B108-3	N stress	30 DAT	physiological	Supp 11	docx_table_13	rCCI	0.62	0.00	bcd
2	IR83388-B-B108-3	N stress	30 DAT	physiological	Supp 11	docx_table_13	rQY	0.92	0.00	ab
2	IR83388-B-B108-3	N stress	30 DAT	physiological	Supp 11	docx_table_13	dCCI	127.93	0.53	c
2	IR83388-B-B108-3	N stress	30 DAT	physiological	Supp 11	docx_table_13	dQY	0.06	0.00	ef
2	IR83388-B-B108-3	N stress	30 DAT	physiological	Supp 11	docx_table_13	rPhoto	0.59	0.00	ab
2	IR83388-B-B108-3	N stress	30 DAT	physiological	Supp 11	docx_table_13	rCond	0.94	0.00	a
2	IR83388-B-B108-3	N stress	30 DAT	physiological	Supp 11	docx_table_13	rCi	1.05	0.01	bc
2	IR83388-B-B108-3	N stress	30 DAT	physiological	Supp 11	docx_table_13	rTr	0.79	0.00	a
3	IR77298-14-1-2-10	N stress	30 DAT	physiological	Supp 11	docx_table_13	Photo_TL	23.97	0.16	defg
3	IR77298-14-1-2-10	N stress	30 DAT	physiological	Supp 11	docx_table_13	Cond_TL	0.04	0.00	ab
3	IR77298-14-1-2-10	N stress	30 DAT	physiological	Supp 11	docx_table_13	Ci_TL	250.37	0.46	ab
3	IR77298-14-1-2-10	N stress	30 DAT	physiological	Supp 11	docx_table_13	Tr_TL	10.56	0.08	cd
3	IR77298-14-1-2-10	N stress	30 DAT	physiological	Supp 11	docx_table_13	Photo_BL	11.78	0.02	bcd
3	IR77298-14-1-2-10	N stress	30 DAT	physiological	Supp 11	docx_table_13	Cond_BL	0.01	0.00	a
3	IR77298-14-1-2-10	N stress	30 DAT	physiological	Supp 11	docx_table_13	Ci_BL	242.17	0.37	ab
3	IR77298-14-1-2-10	N stress	30 DAT	physiological	Supp 11	docx_table_13	Tr_BL	4.69	0.01	a
3	IR77298-14-1-2-10	N stress	30 DAT	physiological	Supp 11	docx_table_13	CCI_TL	330.70	1.24	cd
3	IR77298-14-1-2-10	N stress	30 DAT	physiological	Supp 11	docx_table_13	CCI_BL	203.27	0.66	b
3	IR77298-14-1-2-10	N stress	30 DAT	physiological	Supp 11	docx_table_13	QY_TL	0.75	0.00	bc
3	IR77298-14-1-2-10	N stress	30 DAT	physiological	Supp 11	docx_table_13	QY_BL	0.70	0.00	b
3	IR77298-14-1-2-10	N stress	30 DAT	physiological	Supp 11	docx_table_13	rCCI	0.62	0.00	bcde
3	IR77298-14-1-2-10	N stress	30 DAT	physiological	Supp 11	docx_table_13	rQY	0.93	0.00	ab
3	IR77298-14-1-2-10	N stress	30 DAT	physiological	Supp 11	docx_table_13	dCCI	127.43	0.52	c
3	IR77298-14-1-2-10	N stress	30 DAT	physiological	Supp 11	docx_table_13	dQY	0.05	0.00	ef
3	IR77298-14-1-2-10	N stress	30 DAT	physiological	Supp 11	docx_table_13	rPhoto	0.49	0.00	ab
3	IR77298-14-1-2-10	N stress	30 DAT	physiological	Supp 11	docx_table_13	rCond	0.37	0.00	ab
3	IR77298-14-1-2-10	N stress	30 DAT	physiological	Supp 11	docx_table_13	rCi	0.97	0.01	abc
3	IR77298-14-1-2-10	N stress	30 DAT	physiological	Supp 11	docx_table_13	rTr	0.46	0.00	abcd
4	PUSA1121	N stress	30 DAT	physiological	Supp 11	docx_table_13	Photo_TL	28.69	0.02	cd
4	PUSA1121	N stress	30 DAT	physiological	Supp 11	docx_table_13	Cond_TL	0.04	0.00	ab
4	PUSA1121	N stress	30 DAT	physiological	Supp 11	docx_table_13	Ci_TL	223.35	0.10	abc
4	PUSA1121	N stress	30 DAT	physiological	Supp 11	docx_table_13	Tr_TL	12.79	0.03	cd
4	PUSA1121	N stress	30 DAT	physiological	Supp 11	docx_table_13	Photo_BL	7.48	0.05	cd
4	PUSA1121	N stress	30 DAT	physiological	Supp 11	docx_table_13	Cond_BL	0.01	0.00	a
4	PUSA1121	N stress	30 DAT	physiological	Supp 11	docx_table_13	Ci_BL	252.04	0.21	ab
4	PUSA1121	N stress	30 DAT	physiological	Supp 11	docx_table_13	Tr_BL	2.94	0.01	a
4	PUSA1121	N stress	30 DAT	physiological	Supp 11	docx_table_13	CCI_TL	381.73	0.27	ab
4	PUSA1121	N stress	30 DAT	physiological	Supp 11	docx_table_13	CCI_BL	194.50	0.25	bc
4	PUSA1121	N stress	30 DAT	physiological	Supp 11	docx_table_13	QY_TL	0.76	0.00	bc
4	PUSA1121	N stress	30 DAT	physiological	Supp 11	docx_table_13	QY_BL	0.68	0.00	bcd
4	PUSA1121	N stress	30 DAT	physiological	Supp 11	docx_table_13	rCCI	0.51	0.00	ef
4	PUSA1121	N stress	30 DAT	physiological	Supp 11	docx_table_13	rQY	0.89	0.00	abc
4	PUSA1121	N stress	30 DAT	physiological	Supp 11	docx_table_13	dCCI	187.23	0.06	b
4	PUSA1121	N stress	30 DAT	physiological	Supp 11	docx_table_13	dQY	0.08	0.00	cdef
4	PUSA1121	N stress	30 DAT	physiological	Supp 11	docx_table_13	rPhoto	0.25	0.00	b
4	PUSA1121	N stress	30 DAT	physiological	Supp 11	docx_table_13	rCond	0.33	0.00	b
4	PUSA1121	N stress	30 DAT	physiological	Supp 11	docx_table_13	rCi	1.13	0.00	abc
4	PUSA1121	N stress	30 DAT	physiological	Supp 11	docx_table_13	rTr	0.22	0.00	d
5	BAM8315	N stress	30 DAT	physiological	Supp 11	docx_table_13	Photo_TL	27.86	0.07	cde
5	BAM8315	N stress	30 DAT	physiological	Supp 11	docx_table_13	Cond_TL	0.04	0.00	ab
5	BAM8315	N stress	30 DAT	physiological	Supp 11	docx_table_13	Ci_TL	212.66	0.20	bc
5	BAM8315	N stress	30 DAT	physiological	Supp 11	docx_table_13	Tr_TL	14.50	0.04	bc
5	BAM8315	N stress	30 DAT	physiological	Supp 11	docx_table_13	Photo_BL	8.42	0.04	cd
5	BAM8315	N stress	30 DAT	physiological	Supp 11	docx_table_13	Cond_BL	0.02	0.00	a
5	BAM8315	N stress	30 DAT	physiological	Supp 11	docx_table_13	Ci_BL	250.11	0.29	ab
5	BAM8315	N stress	30 DAT	physiological	Supp 11	docx_table_13	Tr_BL	6.09	0.01	a
5	BAM8315	N stress	30 DAT	physiological	Supp 11	docx_table_13	CCI_TL	286.00	0.57	de
5	BAM8315	N stress	30 DAT	physiological	Supp 11	docx_table_13	CCI_BL	152.47	0.29	efg
5	BAM8315	N stress	30 DAT	physiological	Supp 11	docx_table_13	QY_TL	0.69	0.00	ef
5	BAM8315	N stress	30 DAT	physiological	Supp 11	docx_table_13	QY_BL	0.62	0.00	efg
5	BAM8315	N stress	30 DAT	physiological	Supp 11	docx_table_13	rCCI	0.54	0.00	def
5	BAM8315	N stress	30 DAT	physiological	Supp 11	docx_table_13	rQY	0.90	0.00	abc
5	BAM8315	N stress	30 DAT	physiological	Supp 11	docx_table_13	dCCI	133.53	0.27	c
5	BAM8315	N stress	30 DAT	physiological	Supp 11	docx_table_13	dQY	0.07	0.00	ef
5	BAM8315	N stress	30 DAT	physiological	Supp 11	docx_table_13	rPhoto	0.32	0.00	ab
5	BAM8315	N stress	30 DAT	physiological	Supp 11	docx_table_13	rCond	0.48	0.00	ab
5	BAM8315	N stress	30 DAT	physiological	Supp 11	docx_table_13	rCi	1.17	0.00	abc
5	BAM8315	N stress	30 DAT	physiological	Supp 11	docx_table_13	rTr	0.43	0.00	bcd
6	BAM812	N stress	30 DAT	physiological	Supp 11	docx_table_13	Photo_TL	23.96	0.07	defg
6	BAM812	N stress	30 DAT	physiological	Supp 11	docx_table_13	Cond_TL	0.03	0.00	ab
6	BAM812	N stress	30 DAT	physiological	Supp 11	docx_table_13	Ci_TL	223.75	0.19	abc
6	BAM812	N stress	30 DAT	physiological	Supp 11	docx_table_13	Tr_TL	9.92	0.03	cd
6	BAM812	N stress	30 DAT	physiological	Supp 11	docx_table_13	Photo_BL	12.13	0.01	bcd
6	BAM812	N stress	30 DAT	physiological	Supp 11	docx_table_13	Cond_BL	0.02	0.00	a
6	BAM812	N stress	30 DAT	physiological	Supp 11	docx_table_13	Ci_BL	235.61	0.08	abc
6	BAM812	N stress	30 DAT	physiological	Supp 11	docx_table_13	Tr_BL	5.37	0.00	a
6	BAM812	N stress	30 DAT	physiological	Supp 11	docx_table_13	CCI_TL	250.17	0.50	ef
6	BAM812	N stress	30 DAT	physiological	Supp 11	docx_table_13	CCI_BL	188.00	0.22	bcd
6	BAM812	N stress	30 DAT	physiological	Supp 11	docx_table_13	QY_TL	0.75	0.00	bc
6	BAM812	N stress	30 DAT	physiological	Supp 11	docx_table_13	QY_BL	0.71	0.00	ab
6	BAM812	N stress	30 DAT	physiological	Supp 11	docx_table_13	rCCI	0.75	0.00	a
6	BAM812	N stress	30 DAT	physiological	Supp 11	docx_table_13	rQY	0.94	0.00	a
6	BAM812	N stress	30 DAT	physiological	Supp 11	docx_table_13	dCCI	62.17	0.23	e
6	BAM812	N stress	30 DAT	physiological	Supp 11	docx_table_13	dQY	0.04	0.00	f
6	BAM812	N stress	30 DAT	physiological	Supp 11	docx_table_13	rPhoto	0.50	0.00	ab
6	BAM812	N stress	30 DAT	physiological	Supp 11	docx_table_13	rCond	0.50	0.00	ab
6	BAM812	N stress	30 DAT	physiological	Supp 11	docx_table_13	rCi	1.06	0.00	abc
6	BAM812	N stress	30 DAT	physiological	Supp 11	docx_table_13	rTr	0.53	0.00	abcd
7	Malchi	N stress	30 DAT	physiological	Supp 11	docx_table_13	Photo_TL	22.66	0.03	defg
7	Malchi	N stress	30 DAT	physiological	Supp 11	docx_table_13	Cond_TL	0.04	0.00	ab
7	Malchi	N stress	30 DAT	physiological	Supp 11	docx_table_13	Ci_TL	211.50	0.06	bc
7	Malchi	N stress	30 DAT	physiological	Supp 11	docx_table_13	Tr_TL	11.30	0.00	cd
7	Malchi	N stress	30 DAT	physiological	Supp 11	docx_table_13	Photo_BL	10.13	0.02	bcd
7	Malchi	N stress	30 DAT	physiological	Supp 11	docx_table_13	Cond_BL	0.01	0.00	a
7	Malchi	N stress	30 DAT	physiological	Supp 11	docx_table_13	Ci_BL	203.98	0.11	abc
7	Malchi	N stress	30 DAT	physiological	Supp 11	docx_table_13	Tr_BL	4.20	0.01	a
7	Malchi	N stress	30 DAT	physiological	Supp 11	docx_table_13	CCI_TL	237.40	0.16	f
7	Malchi	N stress	30 DAT	physiological	Supp 11	docx_table_13	CCI_BL	125.73	0.03	g
7	Malchi	N stress	30 DAT	physiological	Supp 11	docx_table_13	QY_TL	0.77	0.00	abc
7	Malchi	N stress	30 DAT	physiological	Supp 11	docx_table_13	QY_BL	0.64	0.00	defg
7	Malchi	N stress	30 DAT	physiological	Supp 11	docx_table_13	rCCI	0.53	0.00	def
7	Malchi	N stress	30 DAT	physiological	Supp 11	docx_table_13	rQY	0.84	0.00	de
7	Malchi	N stress	30 DAT	physiological	Supp 11	docx_table_13	dCCI	111.67	0.11	cd
7	Malchi	N stress	30 DAT	physiological	Supp 11	docx_table_13	dQY	0.12	0.00	ab
7	Malchi	N stress	30 DAT	physiological	Supp 11	docx_table_13	rPhoto	0.44	0.00	ab
7	Malchi	N stress	30 DAT	physiological	Supp 11	docx_table_13	rCond	0.23	0.00	b
7	Malchi	N stress	30 DAT	physiological	Supp 11	docx_table_13	rCi	1.01	0.00	bc
7	Malchi	N stress	30 DAT	physiological	Supp 11	docx_table_13	rTr	0.36	0.00	bcd
8	BAM 3690	N stress	30 DAT	physiological	Supp 11	docx_table_13	Photo_TL	22.50	0.02	defg
8	BAM 3690	N stress	30 DAT	physiological	Supp 11	docx_table_13	Cond_TL	0.03	0.00	ab
8	BAM 3690	N stress	30 DAT	physiological	Supp 11	docx_table_13	Ci_TL	187.61	0.08	bcd
8	BAM 3690	N stress	30 DAT	physiological	Supp 11	docx_table_13	Tr_TL	10.70	0.02	cd
8	BAM 3690	N stress	30 DAT	physiological	Supp 11	docx_table_13	Photo_BL	5.80	0.01	d
8	BAM 3690	N stress	30 DAT	physiological	Supp 11	docx_table_13	Cond_BL	0.01	0.00	a
8	BAM 3690	N stress	30 DAT	physiological	Supp 11	docx_table_13	Ci_BL	244.11	0.12	ab
8	BAM 3690	N stress	30 DAT	physiological	Supp 11	docx_table_13	Tr_BL	3.16	0.01	a
8	BAM 3690	N stress	30 DAT	physiological	Supp 11	docx_table_13	CCI_TL	134.43	0.22	h
8	BAM 3690	N stress	30 DAT	physiological	Supp 11	docx_table_13	CCI_BL	70.73	0.13	h
8	BAM 3690	N stress	30 DAT	physiological	Supp 11	docx_table_13	QY_TL	0.68	0.00	f
8	BAM 3690	N stress	30 DAT	physiological	Supp 11	docx_table_13	QY_BL	0.61	0.00	fg
8	BAM 3690	N stress	30 DAT	physiological	Supp 11	docx_table_13	rCCI	0.52	0.00	def
8	BAM 3690	N stress	30 DAT	physiological	Supp 11	docx_table_13	rQY	0.90	0.00	abc
8	BAM 3690	N stress	30 DAT	physiological	Supp 11	docx_table_13	dCCI	63.70	0.08	e
8	BAM 3690	N stress	30 DAT	physiological	Supp 11	docx_table_13	dQY	0.07	0.00	ef
8	BAM 3690	N stress	30 DAT	physiological	Supp 11	docx_table_13	rPhoto	0.31	0.00	ab
8	BAM 3690	N stress	30 DAT	physiological	Supp 11	docx_table_13	rCond	0.50	0.00	ab
8	BAM 3690	N stress	30 DAT	physiological	Supp 11	docx_table_13	rCi	1.36	0.00	abc
8	BAM 3690	N stress	30 DAT	physiological	Supp 11	docx_table_13	rTr	0.38	0.00	bcd
9	BAM 4138	N stress	30 DAT	physiological	Supp 11	docx_table_13	Photo_TL	24.78	0.02	cdef
9	BAM 4138	N stress	30 DAT	physiological	Supp 11	docx_table_13	Cond_TL	0.04	0.00	ab
9	BAM 4138	N stress	30 DAT	physiological	Supp 11	docx_table_13	Ci_TL	155.93	0.07	cde
9	BAM 4138	N stress	30 DAT	physiological	Supp 11	docx_table_13	Tr_TL	14.66	0.01	bc
9	BAM 4138	N stress	30 DAT	physiological	Supp 11	docx_table_13	Photo_BL	8.48	0.00	cd
9	BAM 4138	N stress	30 DAT	physiological	Supp 11	docx_table_13	Cond_BL	0.01	0.00	a
9	BAM 4138	N stress	30 DAT	physiological	Supp 11	docx_table_13	Ci_BL	208.90	0.02	abc
9	BAM 4138	N stress	30 DAT	physiological	Supp 11	docx_table_13	Tr_BL	4.80	0.00	a
9	BAM 4138	N stress	30 DAT	physiological	Supp 11	docx_table_13	CCI_TL	241.57	0.18	f
9	BAM 4138	N stress	30 DAT	physiological	Supp 11	docx_table_13	CCI_BL	158.63	0.09	def
9	BAM 4138	N stress	30 DAT	physiological	Supp 11	docx_table_13	QY_TL	0.73	0.00	bcde
9	BAM 4138	N stress	30 DAT	physiological	Supp 11	docx_table_13	QY_BL	0.66	0.00	cde
9	BAM 4138	N stress	30 DAT	physiological	Supp 11	docx_table_13	rCCI	0.66	0.00	abc
9	BAM 4138	N stress	30 DAT	physiological	Supp 11	docx_table_13	rQY	0.90	0.00	abc
9	BAM 4138	N stress	30 DAT	physiological	Supp 11	docx_table_13	dCCI	82.93	0.08	de
9	BAM 4138	N stress	30 DAT	physiological	Supp 11	docx_table_13	dQY	0.07	0.00	derf
9	BAM 4138	N stress	30 DAT	physiological	Supp 11	docx_table_13	rPhoto	0.33	0.00	ab
9	BAM 4138	N stress	30 DAT	physiological	Supp 11	docx_table_13	rCond	0.33	0.00	ab
9	BAM 4138	N stress	30 DAT	physiological	Supp 11	docx_table_13	rCi	1.48	0.00	abc
9	BAM 4138	N stress	30 DAT	physiological	Supp 11	docx_table_13	rTr	0.30	0.00	bcd
10	BAM 4521	N stress	30 DAT	physiological	Supp 11	docx_table_13	Photo_TL	21.44	0.00	efg
10	BAM 4521	N stress	30 DAT	physiological	Supp 11	docx_table_13	Cond_TL	0.03	0.00	ab
10	BAM 4521	N stress	30 DAT	physiological	Supp 11	docx_table_13	Ci_TL	171.65	0.01	cd
10	BAM 4521	N stress	30 DAT	physiological	Supp 11	docx_table_13	Tr_TL	11.97	0.01	cd
10	BAM 4521	N stress	30 DAT	physiological	Supp 11	docx_table_13	Photo_BL	6.21	0.01	d
10	BAM 4521	N stress	30 DAT	physiological	Supp 11	docx_table_13	Cond_BL	0.01	0.00	a
10	BAM 4521	N stress	30 DAT	physiological	Supp 11	docx_table_13	Ci_BL	219.15	0.05	abc
10	BAM 4521	N stress	30 DAT	physiological	Supp 11	docx_table_13	Tr_BL	3.21	0.00	a
10	BAM 4521	N stress	30 DAT	physiological	Supp 11	docx_table_13	CCI_TL	244.13	0.03	ef
10	BAM 4521	N stress	30 DAT	physiological	Supp 11	docx_table_13	CCI_BL	139.10	0.05	fg
10	BAM 4521	N stress	30 DAT	physiological	Supp 11	docx_table_13	QY_TL	0.77	0.00	abc
10	BAM 4521	N stress	30 DAT	physiological	Supp 11	docx_table_13	QY_BL	0.64	0.00	efg
10	BAM 4521	N stress	30 DAT	physiological	Supp 11	docx_table_13	rCCI	0.57	0.00	cde
10	BAM 4521	N stress	30 DAT	physiological	Supp 11	docx_table_13	rQY	0.83	0.00	a
10	BAM 4521	N stress	30 DAT	physiological	Supp 11	docx_table_13	dCCI	105.03	0.02	cd
10	BAM 4521	N stress	30 DAT	physiological	Supp 11	docx_table_13	dQY	0.13	0.00	b
10	BAM 4521	N stress	30 DAT	physiological	Supp 11	docx_table_13	rPhoto	0.28	0.00	b
10	BAM 4521	N stress	30 DAT	physiological	Supp 11	docx_table_13	rCond	0.13	0.00	b
10	BAM 4521	N stress	30 DAT	physiological	Supp 11	docx_table_13	rCi	2.03	0.00	ab
10	BAM 4521	N stress	30 DAT	physiological	Supp 11	docx_table_13	rTr	0.24	0.00	cd
11	Black gora	N stress	30 DAT	physiological	Supp 11	docx_table_13	Photo_TL	19.04	0.01	fg
11	Black gora	N stress	30 DAT	physiological	Supp 11	docx_table_13	Cond_TL	0.03	0.00	ab
11	Black gora	N stress	30 DAT	physiological	Supp 11	docx_table_13	Ci_TL	214.32	0.04	abc
11	Black gora	N stress	30 DAT	physiological	Supp 11	docx_table_13	Tr_TL	11.38	0.01	cd
11	Black gora	N stress	30 DAT	physiological	Supp 11	docx_table_13	Photo_BL	11.74	0.00	bcd
11	Black gora	N stress	30 DAT	physiological	Supp 11	docx_table_13	Cond_BL	0.01	0.00	a
11	Black gora	N stress	30 DAT	physiological	Supp 11	docx_table_13	Ci_BL	173.15	0.05	bcd
11	Black gora	N stress	30 DAT	physiological	Supp 11	docx_table_13	Tr_BL	6.61	0.00	a
11	Black gora	N stress	30 DAT	physiological	Supp 11	docx_table_13	CCI_TL	278.63	0.10	ef
11	Black gora	N stress	30 DAT	physiological	Supp 11	docx_table_13	CCI_BL	146.43	0.04	fg
11	Black gora	N stress	30 DAT	physiological	Supp 11	docx_table_13	QY_TL	0.74	0.00	cde
11	Black gora	N stress	30 DAT	physiological	Supp 11	docx_table_13	QY_BL	0.65	0.00	def
11	Black gora	N stress	30 DAT	physiological	Supp 11	docx_table_13	rCCI	0.53	0.00	def
11	Black gora	N stress	30 DAT	physiological	Supp 11	docx_table_13	rQY	0.88	0.00	bcde
11	Black gora	N stress	30 DAT	physiological	Supp 11	docx_table_13	dCCI	132.20	0.04	c
11	Black gora	N stress	30 DAT	physiological	Supp 11	docx_table_13	dQY	0.09	0.00	abcde
11	Black gora	N stress	30 DAT	physiological	Supp 11	docx_table_13	rPhoto	0.63	0.00	a
11	Black gora	N stress	30 DAT	physiological	Supp 11	docx_table_13	rCond	0.50	0.00	ab
11	Black gora	N stress	30 DAT	physiological	Supp 11	docx_table_13	rCi	0.79	0.00	bc
11	Black gora	N stress	30 DAT	physiological	Supp 11	docx_table_13	rTr	0.60	0.00	ab
12	Suweon	N stress	30 DAT	physiological	Supp 11	docx_table_13	Photo_TL	28.66	0.01	cd
12	Suweon	N stress	30 DAT	physiological	Supp 11	docx_table_13	Cond_TL	0.04	0.00	ab
12	Suweon	N stress	30 DAT	physiological	Supp 11	docx_table_13	Ci_TL	131.85	0.03	de
12	Suweon	N stress	30 DAT	physiological	Supp 11	docx_table_13	Tr_TL	18.61	0.00	ab
12	Suweon	N stress	30 DAT	physiological	Supp 11	docx_table_13	Photo_BL	11.29	0.00	bcd
12	Suweon	N stress	30 DAT	physiological	Supp 11	docx_table_13	Cond_BL	0.01	0.00	a
12	Suweon	N stress	30 DAT	physiological	Supp 11	docx_table_13	Ci_BL	174.95	0.02	bcd
12	Suweon	N stress	30 DAT	physiological	Supp 11	docx_table_13	Tr_BL	4.56	0.00	a
12	Suweon	N stress	30 DAT	physiological	Supp 11	docx_table_13	CCI_TL	423.60	0.07	a
12	Suweon	N stress	30 DAT	physiological	Supp 11	docx_table_13	CCI_BL	181.67	0.03	cde
12	Suweon	N stress	30 DAT	physiological	Supp 11	docx_table_13	QY_TL	0.75	0.00	bcde
12	Suweon	N stress	30 DAT	physiological	Supp 11	docx_table_13	QY_BL	0.64	0.00	defg
12	Suweon	N stress	30 DAT	physiological	Supp 11	docx_table_13	rCCI	0.43	0.00	f
12	Suweon	N stress	30 DAT	physiological	Supp 11	docx_table_13	rQY	0.85	0.00	cde
12	Suweon	N stress	30 DAT	physiological	Supp 11	docx_table_13	dCCI	241.93	0.03	a
12	Suweon	N stress	30 DAT	physiological	Supp 11	docx_table_13	dQY	0.11	0.00	abcd
12	Suweon	N stress	30 DAT	physiological	Supp 11	docx_table_13	rPhoto	0.40	0.00	ab
12	Suweon	N stress	30 DAT	physiological	Supp 11	docx_table_13	rCond	0.37	0.00	ab
12	Suweon	N stress	30 DAT	physiological	Supp 11	docx_table_13	rCi	1.57	0.00	abc
12	Suweon	N stress	30 DAT	physiological	Supp 11	docx_table_13	rTr	0.24	0.00	d
13	Kunjukunju	N stress	30 DAT	physiological	Supp 11	docx_table_13	Photo_TL	31.31	0.01	bc
13	Kunjukunju	N stress	30 DAT	physiological	Supp 11	docx_table_13	Cond_TL	0.05	0.00	a
13	Kunjukunju	N stress	30 DAT	physiological	Supp 11	docx_table_13	Ci_TL	156.01	0.01	cde
13	Kunjukunju	N stress	30 DAT	physiological	Supp 11	docx_table_13	Tr_TL	18.81	0.00	ab
13	Kunjukunju	N stress	30 DAT	physiological	Supp 11	docx_table_13	Photo_BL	15.22	0.00	abc
13	Kunjukunju	N stress	30 DAT	physiological	Supp 11	docx_table_13	Cond_BL	0.01	0.00	a
13	Kunjukunju	N stress	30 DAT	physiological	Supp 11	docx_table_13	Ci_BL	100.00	0.02	d
13	Kunjukunju	N stress	30 DAT	physiological	Supp 11	docx_table_13	Tr_BL	4.88	0.00	a
13	Kunjukunju	N stress	30 DAT	physiological	Supp 11	docx_table_13	CCI_TL	385.37	0.03	ab
13	Kunjukunju	N stress	30 DAT	physiological	Supp 11	docx_table_13	CCI_BL	254.67	0.01	a
13	Kunjukunju	N stress	30 DAT	physiological	Supp 11	docx_table_13	QY_TL	0.73	0.00	bc
13	Kunjukunju	N stress	30 DAT	physiological	Supp 11	docx_table_13	QY_BL	0.61	0.00	g
13	Kunjukunju	N stress	30 DAT	physiological	Supp 11	docx_table_13	rCCI	0.66	0.00	abc
13	Kunjukunju	N stress	30 DAT	physiological	Supp 11	docx_table_13	rQY	0.83	0.00	e
13	Kunjukunju	N stress	30 DAT	physiological	Supp 11	docx_table_13	dCCI	130.70	0.01	c
13	Kunjukunju	N stress	30 DAT	physiological	Supp 11	docx_table_13	dQY	0.12	0.00	abc
13	Kunjukunju	N stress	30 DAT	physiological	Supp 11	docx_table_13	rPhoto	0.48	0.00	ab
13	Kunjukunju	N stress	30 DAT	physiological	Supp 11	docx_table_13	rCond	0.19	0.00	b
13	Kunjukunju	N stress	30 DAT	physiological	Supp 11	docx_table_13	rCi	0.68	0.00	c
13	Kunjukunju	N stress	30 DAT	physiological	Supp 11	docx_table_13	rTr	0.27	0.00	bcd
14	Cauvery	N stress	30 DAT	physiological	Supp 11	docx_table_13	Photo_TL	36.75	0.00	ab
14	Cauvery	N stress	30 DAT	physiological	Supp 11	docx_table_13	Cond_TL	0.04	0.00	ab
14	Cauvery	N stress	30 DAT	physiological	Supp 11	docx_table_13	Ci_TL	86.54	0.01	e
14	Cauvery	N stress	30 DAT	physiological	Supp 11	docx_table_13	Tr_TL	21.77	0.00	a
14	Cauvery	N stress	30 DAT	physiological	Supp 11	docx_table_13	Photo_BL	17.37	0.00	ab
14	Cauvery	N stress	30 DAT	physiological	Supp 11	docx_table_13	Cond_BL	0.02	0.00	a
14	Cauvery	N stress	30 DAT	physiological	Supp 11	docx_table_13	Ci_BL	154.50	0.02	cd
14	Cauvery	N stress	30 DAT	physiological	Supp 11	docx_table_13	Tr_BL	5.62	0.00	a
14	Cauvery	N stress	30 DAT	physiological	Supp 11	docx_table_13	CCI_TL	263.30	0.03	ef
14	Cauvery	N stress	30 DAT	physiological	Supp 11	docx_table_13	CCI_BL	140.43	0.02	fg
14	Cauvery	N stress	30 DAT	physiological	Supp 11	docx_table_13	QY_TL	0.80	0.00	a
14	Cauvery	N stress	30 DAT	physiological	Supp 11	docx_table_13	QY_BL	0.74	0.00	a
14	Cauvery	N stress	30 DAT	physiological	Supp 11	docx_table_13	rCCI	0.54	0.00	def
14	Cauvery	N stress	30 DAT	physiological	Supp 11	docx_table_13	rQY	0.93	0.00	ab
14	Cauvery	N stress	30 DAT	physiological	Supp 11	docx_table_13	dCCI	122.87	0.01	cd
14	Cauvery	N stress	30 DAT	physiological	Supp 11	docx_table_13	dQY	0.06	0.00	ef
14	Cauvery	N stress	30 DAT	physiological	Supp 11	docx_table_13	rPhoto	0.47	0.00	ab
14	Cauvery	N stress	30 DAT	physiological	Supp 11	docx_table_13	rCond	0.42	0.00	ab
14	Cauvery	N stress	30 DAT	physiological	Supp 11	docx_table_13	rCi	1.84	0.00	abc
14	Cauvery	N stress	30 DAT	physiological	Supp 11	docx_table_13	rTr	0.24	0.00	cd
15	RPW9-4(SS1)	N stress	30 DAT	physiological	Supp 11	docx_table_13	Photo_TL	40.92	0.00	a
15	RPW9-4(SS1)	N stress	30 DAT	physiological	Supp 11	docx_table_13	Cond_TL	0.03	0.00	ab
15	RPW9-4(SS1)	N stress	30 DAT	physiological	Supp 11	docx_table_13	Ci_TL	95.66	0.01	e
15	RPW9-4(SS1)	N stress	30 DAT	physiological	Supp 11	docx_table_13	Tr_TL	19.30	0.00	ab
15	RPW9-4(SS1)	N stress	30 DAT	physiological	Supp 11	docx_table_13	Photo_BL	20.75	0.00	a
15	RPW9-4(SS1)	N stress	30 DAT	physiological	Supp 11	docx_table_13	Cond_BL	0.02	0.00	a
15	RPW9-4(SS1)	N stress	30 DAT	physiological	Supp 11	docx_table_13	Ci_BL	213.26	0.00	abc
15	RPW9-4(SS1)	N stress	30 DAT	physiological	Supp 11	docx_table_13	Tr_BL	5.99	0.00	a
15	RPW9-4(SS1)	N stress	30 DAT	physiological	Supp 11	docx_table_13	CCI_TL	322.80	0.02	cd
15	RPW9-4(SS1)	N stress	30 DAT	physiological	Supp 11	docx_table_13	CCI_BL	203.73	0.01	bc
15	RPW9-4(SS1)	N stress	30 DAT	physiological	Supp 11	docx_table_13	QY_TL	0.77	0.00	ab
15	RPW9-4(SS1)	N stress	30 DAT	physiological	Supp 11	docx_table_13	QY_BL	0.69	0.00	bc
15	RPW9-4(SS1)	N stress	30 DAT	physiological	Supp 11	docx_table_13	rCCI	0.63	0.00	bcd
15	RPW9-4(SS1)	N stress	30 DAT	physiological	Supp 11	docx_table_13	rQY	0.89	0.00	abcd
15	RPW9-4(SS1)	N stress	30 DAT	physiological	Supp 11	docx_table_13	dCCI	119.07	0.01	cd
15	RPW9-4(SS1)	N stress	30 DAT	physiological	Supp 11	docx_table_13	dQY	0.08	0.00	bcdef
15	RPW9-4(SS1)	N stress	30 DAT	physiological	Supp 11	docx_table_13	rPhoto	0.51	0.00	ab
15	RPW9-4(SS1)	N stress	30 DAT	physiological	Supp 11	docx_table_13	rCond	0.69	0.00	ab
15	RPW9-4(SS1)	N stress	30 DAT	physiological	Supp 11	docx_table_13	rCi	2.29	0.00	a
15	RPW9-4(SS1)	N stress	30 DAT	physiological	Supp 11	docx_table_13	rTr	0.31	0.00	bcd
1	Moroberakan	Control	60 DAT	morphological	Supp 12	docx_table_14	PH	80.80	2.34	ef
1	Moroberakan	Control	60 DAT	morphological	Supp 12	docx_table_14	TN	14.67	0.56	f
1	Moroberakan	Control	60 DAT	morphological	Supp 12	docx_table_14	LN	49.67	2.00	gh
1	Moroberakan	Control	60 DAT	morphological	Supp 12	docx_table_14	TLL	38.10	2.65	b
1	Moroberakan	Control	60 DAT	morphological	Supp 12	docx_table_14	TLW	1.00	0.06	d
1	Moroberakan	Control	60 DAT	morphological	Supp 12	docx_table_14	BLL	34.93	1.74	defg
1	Moroberakan	Control	60 DAT	morphological	Supp 12	docx_table_14	BLW	1.00	0.04	b
1	Moroberakan	Control	60 DAT	morphological	Supp 12	docx_table_14	rLL	0.92	0.18	ef
1	Moroberakan	Control	60 DAT	morphological	Supp 12	docx_table_14	rLW	1.00	0.06	a
1	Moroberakan	Control	60 DAT	morphological	Supp 12	docx_table_14	SFW	42.76	1.06	fg
1	Moroberakan	Control	60 DAT	morphological	Supp 12	docx_table_14	SDW	33.59	1.67	bc
1	Moroberakan	Control	60 DAT	morphological	Supp 12	docx_table_14	RFW	19.31	0.98	bcde
1	Moroberakan	Control	60 DAT	morphological	Supp 12	docx_table_14	RDW	14.35	0.40	a
1	Moroberakan	Control	60 DAT	morphological	Supp 12	docx_table_14	RL	549.56	361.81	ab
1	Moroberakan	Control	60 DAT	morphological	Supp 12	docx_table_14	PA	175.67	69.70	bcdef
1	Moroberakan	Control	60 DAT	morphological	Supp 12	docx_table_14	SA	551.88	218.95	bcdef
1	Moroberakan	Control	60 DAT	morphological	Supp 12	docx_table_14	AD	3.41	0.32	b
1	Moroberakan	Control	60 DAT	morphological	Supp 12	docx_table_14	LPV	549.56	361.81	ab
1	Moroberakan	Control	60 DAT	morphological	Supp 12	docx_table_14	RV	47.96	10.15	bcd
1	Moroberakan	Control	60 DAT	morphological	Supp 12	docx_table_14	TPS	3321.00	1435.85	bcd
2	IR83388-B-B108-3	Control	60 DAT	morphological	Supp 12	docx_table_14	PH	87.53	35.84	e
2	IR83388-B-B108-3	Control	60 DAT	morphological	Supp 12	docx_table_14	TN	26.67	4.85	d
2	IR83388-B-B108-3	Control	60 DAT	morphological	Supp 12	docx_table_14	LN	86.67	18.71	def
2	IR83388-B-B108-3	Control	60 DAT	morphological	Supp 12	docx_table_14	TLL	38.47	11.03	b
2	IR83388-B-B108-3	Control	60 DAT	morphological	Supp 12	docx_table_14	TLW	1.20	0.41	a
2	IR83388-B-B108-3	Control	60 DAT	morphological	Supp 12	docx_table_14	BLL	36.60	11.88	def
2	IR83388-B-B108-3	Control	60 DAT	morphological	Supp 12	docx_table_14	BLW	0.80	0.35	e
2	IR83388-B-B108-3	Control	60 DAT	morphological	Supp 12	docx_table_14	rLL	0.95	0.55	cdef
2	IR83388-B-B108-3	Control	60 DAT	morphological	Supp 12	docx_table_14	rLW	0.67	0.45	e
2	IR83388-B-B108-3	Control	60 DAT	morphological	Supp 12	docx_table_14	SFW	27.89	18.67	h
2	IR83388-B-B108-3	Control	60 DAT	morphological	Supp 12	docx_table_14	SDW	17.68	15.12	gh
2	IR83388-B-B108-3	Control	60 DAT	morphological	Supp 12	docx_table_14	RFW	11.88	8.01	jk
2	IR83388-B-B108-3	Control	60 DAT	morphological	Supp 12	docx_table_14	RDW	6.38	5.86	ef
2	IR83388-B-B108-3	Control	60 DAT	morphological	Supp 12	docx_table_14	RL	483.00	316.83	ab
2	IR83388-B-B108-3	Control	60 DAT	morphological	Supp 12	docx_table_14	PA	136.82	53.38	ef
2	IR83388-B-B108-3	Control	60 DAT	morphological	Supp 12	docx_table_14	SA	429.82	167.70	ef
2	IR83388-B-B108-3	Control	60 DAT	morphological	Supp 12	docx_table_14	AD	2.83	0.70	b
2	IR83388-B-B108-3	Control	60 DAT	morphological	Supp 12	docx_table_14	LPV	483.00	316.83	ab
2	IR83388-B-B108-3	Control	60 DAT	morphological	Supp 12	docx_table_14	RV	31.29	7.52	d
2	IR83388-B-B108-3	Control	60 DAT	morphological	Supp 12	docx_table_14	TPS	2911.33	1139.00	cd
3	IR77298-14-1-2-10	Control	60 DAT	morphological	Supp 12	docx_table_14	PH	66.43	31.22	g
3	IR77298-14-1-2-10	Control	60 DAT	morphological	Supp 12	docx_table_14	TN	30.33	4.19	cd
3	IR77298-14-1-2-10	Control	60 DAT	morphological	Supp 12	docx_table_14	LN	101.33	16.40	bcd
3	IR77298-14-1-2-10	Control	60 DAT	morphological	Supp 12	docx_table_14	TLL	37.67	10.66	bc
3	IR77298-14-1-2-10	Control	60 DAT	morphological	Supp 12	docx_table_14	TLW	0.80	0.38	f
3	IR77298-14-1-2-10	Control	60 DAT	morphological	Supp 12	docx_table_14	BLL	33.33	9.90	efg
3	IR77298-14-1-2-10	Control	60 DAT	morphological	Supp 12	docx_table_14	BLW	0.80	0.31	e
3	IR77298-14-1-2-10	Control	60 DAT	morphological	Supp 12	docx_table_14	rLL	0.89	0.37	f
3	IR77298-14-1-2-10	Control	60 DAT	morphological	Supp 12	docx_table_14	rLW	1.00	0.38	a
3	IR77298-14-1-2-10	Control	60 DAT	morphological	Supp 12	docx_table_14	SFW	47.78	16.30	ef
3	IR77298-14-1-2-10	Control	60 DAT	morphological	Supp 12	docx_table_14	SDW	27.91	12.41	de
3	IR77298-14-1-2-10	Control	60 DAT	morphological	Supp 12	docx_table_14	RFW	17.96	6.50	def
3	IR77298-14-1-2-10	Control	60 DAT	morphological	Supp 12	docx_table_14	RDW	9.30	5.09	d
3	IR77298-14-1-2-10	Control	60 DAT	morphological	Supp 12	docx_table_14	RL	491.28	202.08	ab
3	IR77298-14-1-2-10	Control	60 DAT	morphological	Supp 12	docx_table_14	PA	160.40	16.13	cdef
3	IR77298-14-1-2-10	Control	60 DAT	morphological	Supp 12	docx_table_14	SA	503.90	50.67	cdef
3	IR77298-14-1-2-10	Control	60 DAT	morphological	Supp 12	docx_table_14	AD	3.63	0.44	b
3	IR77298-14-1-2-10	Control	60 DAT	morphological	Supp 12	docx_table_14	LPV	491.28	202.08	ab
3	IR77298-14-1-2-10	Control	60 DAT	morphological	Supp 12	docx_table_14	RV	45.90	1.32	bcd
3	IR77298-14-1-2-10	Control	60 DAT	morphological	Supp 12	docx_table_14	TPS	3852.67	631.61	abcd
4	PUSA1121	Control	60 DAT	morphological	Supp 12	docx_table_14	PH	76.20	18.16	f
4	PUSA1121	Control	60 DAT	morphological	Supp 12	docx_table_14	TN	21.00	2.31	e
4	PUSA1121	Control	60 DAT	morphological	Supp 12	docx_table_14	LN	71.00	9.05	efg
4	PUSA1121	Control	60 DAT	morphological	Supp 12	docx_table_14	TLL	37.60	4.74	bc
4	PUSA1121	Control	60 DAT	morphological	Supp 12	docx_table_14	TLW	1.13	0.19	b
4	PUSA1121	Control	60 DAT	morphological	Supp 12	docx_table_14	BLL	38.00	5.38	cde
4	PUSA1121	Control	60 DAT	morphological	Supp 12	docx_table_14	BLW	0.97	0.17	c
4	PUSA1121	Control	60 DAT	morphological	Supp 12	docx_table_14	rLL	1.02	0.18	bcdef
4	PUSA1121	Control	60 DAT	morphological	Supp 12	docx_table_14	rLW	0.85	0.21	c
4	PUSA1121	Control	60 DAT	morphological	Supp 12	docx_table_14	SFW	39.53	9.56	g
4	PUSA1121	Control	60 DAT	morphological	Supp 12	docx_table_14	SDW	26.35	7.12	ef
4	PUSA1121	Control	60 DAT	morphological	Supp 12	docx_table_14	RFW	13.79	3.70	hij
4	PUSA1121	Control	60 DAT	morphological	Supp 12	docx_table_14	RDW	7.02	2.96	e
4	PUSA1121	Control	60 DAT	morphological	Supp 12	docx_table_14	RL	578.87	82.36	ab
4	PUSA1121	Control	60 DAT	morphological	Supp 12	docx_table_14	PA	189.01	27.46	abcde
4	PUSA1121	Control	60 DAT	morphological	Supp 12	docx_table_14	SA	593.80	86.25	abcde
4	PUSA1121	Control	60 DAT	morphological	Supp 12	docx_table_14	AD	4.21	0.20	b
4	PUSA1121	Control	60 DAT	morphological	Supp 12	docx_table_14	LPV	578.87	82.36	ab
4	PUSA1121	Control	60 DAT	morphological	Supp 12	docx_table_14	RV	69.68	4.54	bcd
4	PUSA1121	Control	60 DAT	morphological	Supp 12	docx_table_14	TPS	3778.33	406.69	bcd
5	BAM8315	Control	60 DAT	morphological	Supp 12	docx_table_14	PH	97.93	9.17	c
5	BAM8315	Control	60 DAT	morphological	Supp 12	docx_table_14	TN	27.33	1.32	d
5	BAM8315	Control	60 DAT	morphological	Supp 12	docx_table_14	LN	90.67	5.04	de
5	BAM8315	Control	60 DAT	morphological	Supp 12	docx_table_14	TLL	31.73	3.53	cde
5	BAM8315	Control	60 DAT	morphological	Supp 12	docx_table_14	TLW	1.10	0.12	c
5	BAM8315	Control	60 DAT	morphological	Supp 12	docx_table_14	BLL	34.43	3.33	defg
5	BAM8315	Control	60 DAT	morphological	Supp 12	docx_table_14	BLW	1.00	0.09	b
5	BAM8315	Control	60 DAT	morphological	Supp 12	docx_table_14	rLL	1.09	0.18	abcde
5	BAM8315	Control	60 DAT	morphological	Supp 12	docx_table_14	rLW	0.91	0.12	b
5	BAM8315	Control	60 DAT	morphological	Supp 12	docx_table_14	SFW	61.17	4.73	d
5	BAM8315	Control	60 DAT	morphological	Supp 12	docx_table_14	SDW	34.44	4.07	bc
5	BAM8315	Control	60 DAT	morphological	Supp 12	docx_table_14	RFW	21.70	2.19	b
5	BAM8315	Control	60 DAT	morphological	Supp 12	docx_table_14	RDW	11.74	1.50	bc
5	BAM8315	Control	60 DAT	morphological	Supp 12	docx_table_14	RL	350.30	117.24	b
5	BAM8315	Control	60 DAT	morphological	Supp 12	docx_table_14	PA	239.59	19.10	abc
5	BAM8315	Control	60 DAT	morphological	Supp 12	docx_table_14	SA	752.70	59.99	abc
5	BAM8315	Control	60 DAT	morphological	Supp 12	docx_table_14	AD	6.85	0.25	ab
5	BAM8315	Control	60 DAT	morphological	Supp 12	docx_table_14	LPV	350.30	117.24	b
5	BAM8315	Control	60 DAT	morphological	Supp 12	docx_table_14	RV	133.89	3.10	abc
5	BAM8315	Control	60 DAT	morphological	Supp 12	docx_table_14	TPS	2981.33	375.12	cd
6	BAM812	Control	60 DAT	morphological	Supp 12	docx_table_14	PH	120.93	11.09	a
6	BAM812	Control	60 DAT	morphological	Supp 12	docx_table_14	TN	25.33	1.46	de
6	BAM812	Control	60 DAT	morphological	Supp 12	docx_table_14	LN	85.00	5.76	def
6	BAM812	Control	60 DAT	morphological	Supp 12	docx_table_14	TLL	47.00	3.82	a
6	BAM812	Control	60 DAT	morphological	Supp 12	docx_table_14	TLW	1.10	0.13	c
6	BAM812	Control	60 DAT	morphological	Supp 12	docx_table_14	BLL	46.23	3.36	a
6	BAM812	Control	60 DAT	morphological	Supp 12	docx_table_14	BLW	1.00	0.11	b
6	BAM812	Control	60 DAT	morphological	Supp 12	docx_table_14	rLL	0.99	0.11	cdef
6	BAM812	Control	60 DAT	morphological	Supp 12	docx_table_14	rLW	0.91	0.13	b
6	BAM812	Control	60 DAT	morphological	Supp 12	docx_table_14	SFW	83.23	5.81	a
6	BAM812	Control	60 DAT	morphological	Supp 12	docx_table_14	SDW	47.59	4.22	a
6	BAM812	Control	60 DAT	morphological	Supp 12	docx_table_14	RFW	24.67	2.19	a
6	BAM812	Control	60 DAT	morphological	Supp 12	docx_table_14	RDW	14.25	1.81	a
6	BAM812	Control	60 DAT	morphological	Supp 12	docx_table_14	RL	862.86	61.57	a
6	BAM812	Control	60 DAT	morphological	Supp 12	docx_table_14	PA	260.07	5.87	ab
6	BAM812	Control	60 DAT	morphological	Supp 12	docx_table_14	SA	817.01	18.45	ab
6	BAM812	Control	60 DAT	morphological	Supp 12	docx_table_14	AD	3.53	0.13	b
6	BAM812	Control	60 DAT	morphological	Supp 12	docx_table_14	LPV	862.86	61.57	a
6	BAM812	Control	60 DAT	morphological	Supp 12	docx_table_14	RV	71.04	1.61	bcd
6	BAM812	Control	60 DAT	morphological	Supp 12	docx_table_14	TPS	4269.00	139.86	abc
7	Malchi	Control	60 DAT	morphological	Supp 12	docx_table_14	PH	96.67	4.73	cd
7	Malchi	Control	60 DAT	morphological	Supp 12	docx_table_14	TN	28.00	0.54	cd
7	Malchi	Control	60 DAT	morphological	Supp 12	docx_table_14	LN	93.33	2.14	cde
7	Malchi	Control	60 DAT	morphological	Supp 12	docx_table_14	TLL	38.50	0.63	b
7	Malchi	Control	60 DAT	morphological	Supp 12	docx_table_14	TLW	1.10	0.04	c
7	Malchi	Control	60 DAT	morphological	Supp 12	docx_table_14	BLL	39.90	1.17	bcd
7	Malchi	Control	60 DAT	morphological	Supp 12	docx_table_14	BLW	1.00	0.04	b
7	Malchi	Control	60 DAT	morphological	Supp 12	docx_table_14	rLL	1.04	0.04	bcdef
7	Malchi	Control	60 DAT	morphological	Supp 12	docx_table_14	rLW	0.91	0.05	b
7	Malchi	Control	60 DAT	morphological	Supp 12	docx_table_14	SFW	43.09	2.53	fg
7	Malchi	Control	60 DAT	morphological	Supp 12	docx_table_14	SDW	21.65	1.72	fg
7	Malchi	Control	60 DAT	morphological	Supp 12	docx_table_14	RFW	13.10	0.87	ij
7	Malchi	Control	60 DAT	morphological	Supp 12	docx_table_14	RDW	9.36	0.77	d
7	Malchi	Control	60 DAT	morphological	Supp 12	docx_table_14	RL	568.65	28.13	ab
7	Malchi	Control	60 DAT	morphological	Supp 12	docx_table_14	PA	258.34	10.88	ab
7	Malchi	Control	60 DAT	morphological	Supp 12	docx_table_14	SA	811.59	34.19	ab
7	Malchi	Control	60 DAT	morphological	Supp 12	docx_table_14	AD	5.15	0.06	ab
7	Malchi	Control	60 DAT	morphological	Supp 12	docx_table_14	LPV	568.65	28.13	ab
7	Malchi	Control	60 DAT	morphological	Supp 12	docx_table_14	RV	106.97	1.46	abcd
7	Malchi	Control	60 DAT	morphological	Supp 12	docx_table_14	TPS	4080.00	145.80	abc
8	BAM 3690	Control	60 DAT	morphological	Supp 12	docx_table_14	PH	120.50	3.26	a
8	BAM 3690	Control	60 DAT	morphological	Supp 12	docx_table_14	TN	21.00	0.50	e
8	BAM 3690	Control	60 DAT	morphological	Supp 12	docx_table_14	LN	67.33	1.92	fg
8	BAM 3690	Control	60 DAT	morphological	Supp 12	docx_table_14	TLL	26.87	1.76	ef
8	BAM 3690	Control	60 DAT	morphological	Supp 12	docx_table_14	TLW	0.90	0.05	e
8	BAM 3690	Control	60 DAT	morphological	Supp 12	docx_table_14	BLL	33.57	1.26	efg
8	BAM 3690	Control	60 DAT	morphological	Supp 12	docx_table_14	BLW	0.90	0.04	d
8	BAM 3690	Control	60 DAT	morphological	Supp 12	docx_table_14	rLL	1.25	0.07	a
8	BAM 3690	Control	60 DAT	morphological	Supp 12	docx_table_14	rLW	1.00	0.04	a
8	BAM 3690	Control	60 DAT	morphological	Supp 12	docx_table_14	SFW	37.75	1.67	g
8	BAM 3690	Control	60 DAT	morphological	Supp 12	docx_table_14	SDW	16.22	1.40	h
8	BAM 3690	Control	60 DAT	morphological	Supp 12	docx_table_14	RFW	10.43	0.76	k
8	BAM 3690	Control	60 DAT	morphological	Supp 12	docx_table_14	RDW	4.59	0.53	f
8	BAM 3690	Control	60 DAT	morphological	Supp 12	docx_table_14	RL	361.68	45.02	b
8	BAM 3690	Control	60 DAT	morphological	Supp 12	docx_table_14	PA	210.10	6.68	abcde
8	BAM 3690	Control	60 DAT	morphological	Supp 12	docx_table_14	SA	660.05	20.97	abcde
8	BAM 3690	Control	60 DAT	morphological	Supp 12	docx_table_14	AD	10.19	0.10	a
8	BAM 3690	Control	60 DAT	morphological	Supp 12	docx_table_14	LPV	361.68	45.02	b
8	BAM 3690	Control	60 DAT	morphological	Supp 12	docx_table_14	RV	170.22	0.91	a
8	BAM 3690	Control	60 DAT	morphological	Supp 12	docx_table_14	TPS	2948.00	134.15	cd
9	BAM 4138	Control	60 DAT	morphological	Supp 12	docx_table_14	PH	107.57	4.16	b
9	BAM 4138	Control	60 DAT	morphological	Supp 12	docx_table_14	TN	45.00	0.54	a
9	BAM 4138	Control	60 DAT	morphological	Supp 12	docx_table_14	LN	145.33	2.16	a
9	BAM 4138	Control	60 DAT	morphological	Supp 12	docx_table_14	TLL	36.47	1.61	bc
9	BAM 4138	Control	60 DAT	morphological	Supp 12	docx_table_14	TLW	0.80	0.05	f
9	BAM 4138	Control	60 DAT	morphological	Supp 12	docx_table_14	BLL	39.97	1.24	bcd
9	BAM 4138	Control	60 DAT	morphological	Supp 12	docx_table_14	BLW	0.80	0.04	e
9	BAM 4138	Control	60 DAT	morphological	Supp 12	docx_table_14	rLL	1.11	0.03	abcd
9	BAM 4138	Control	60 DAT	morphological	Supp 12	docx_table_14	rLW	1.00	0.05	a
9	BAM 4138	Control	60 DAT	morphological	Supp 12	docx_table_14	SFW	68.61	2.18	c
9	BAM 4138	Control	60 DAT	morphological	Supp 12	docx_table_14	SDW	31.11	1.54	cd
9	BAM 4138	Control	60 DAT	morphological	Supp 12	docx_table_14	RFW	21.15	0.79	bc
9	BAM 4138	Control	60 DAT	morphological	Supp 12	docx_table_14	RDW	11.69	0.68	bc
9	BAM 4138	Control	60 DAT	morphological	Supp 12	docx_table_14	RL	362.42	16.72	b
9	BAM 4138	Control	60 DAT	morphological	Supp 12	docx_table_14	PA	248.72	2.69	ab
9	BAM 4138	Control	60 DAT	morphological	Supp 12	docx_table_14	SA	781.37	8.45	ab
9	BAM 4138	Control	60 DAT	morphological	Supp 12	docx_table_14	AD	6.10	0.03	ab
9	BAM 4138	Control	60 DAT	morphological	Supp 12	docx_table_14	LPV	366.49	16.72	b
9	BAM 4138	Control	60 DAT	morphological	Supp 12	docx_table_14	RV	107.07	0.37	abcd
9	BAM 4138	Control	60 DAT	morphological	Supp 12	docx_table_14	TPS	2651.33	5.83	cd
10	BAM 4521	Control	60 DAT	morphological	Supp 12	docx_table_14	PH	127.47	0.74	a
10	BAM 4521	Control	60 DAT	morphological	Supp 12	docx_table_14	TN	11.33	0.03	f
10	BAM 4521	Control	60 DAT	morphological	Supp 12	docx_table_14	LN	42.67	0.13	h
10	BAM 4521	Control	60 DAT	morphological	Supp 12	docx_table_14	TLL	39.53	0.62	b
10	BAM 4521	Control	60 DAT	morphological	Supp 12	docx_table_14	TLW	0.90	0.01	e
10	BAM 4521	Control	60 DAT	morphological	Supp 12	docx_table_14	BLL	44.23	0.05	ab
10	BAM 4521	Control	60 DAT	morphological	Supp 12	docx_table_14	BLW	0.90	0.00	d
10	BAM 4521	Control	60 DAT	morphological	Supp 12	docx_table_14	rLL	1.13	0.02	abc
10	BAM 4521	Control	60 DAT	morphological	Supp 12	docx_table_14	rLW	1.00	0.00	a
10	BAM 4521	Control	60 DAT	morphological	Supp 12	docx_table_14	SFW	60.33	0.43	d
10	BAM 4521	Control	60 DAT	morphological	Supp 12	docx_table_14	SDW	33.60	0.16	bc
10	BAM 4521	Control	60 DAT	morphological	Supp 12	docx_table_14	RFW	17.25	0.06	efg
10	BAM 4521	Control	60 DAT	morphological	Supp 12	docx_table_14	RDW	10.45	0.12	cd
10	BAM 4521	Control	60 DAT	morphological	Supp 12	docx_table_14	RL	431.92	14.24	ab
10	BAM 4521	Control	60 DAT	morphological	Supp 12	docx_table_14	PA	147.83	4.10	def
10	BAM 4521	Control	60 DAT	morphological	Supp 12	docx_table_14	SA	464.42	12.87	def
10	BAM 4521	Control	60 DAT	morphological	Supp 12	docx_table_14	AD	3.72	0.03	b
10	BAM 4521	Control	60 DAT	morphological	Supp 12	docx_table_14	LPV	431.92	14.24	b
10	BAM 4521	Control	60 DAT	morphological	Supp 12	docx_table_14	RV	48.29	0.55	bcd
10	BAM 4521	Control	60 DAT	morphological	Supp 12	docx_table_14	TPS	2946.33	77.67	cd
11	Black gora	Control	60 DAT	morphological	Supp 12	docx_table_14	PH	88.63	1.77	de
11	Black gora	Control	60 DAT	morphological	Supp 12	docx_table_14	TN	14.33	0.29	f
11	Black gora	Control	60 DAT	morphological	Supp 12	docx_table_14	LN	53.33	1.10	gh
11	Black gora	Control	60 DAT	morphological	Supp 12	docx_table_14	TLL	35.93	0.62	bcd
11	Black gora	Control	60 DAT	morphological	Supp 12	docx_table_14	TLW	1.10	0.03	c
11	Black gora	Control	60 DAT	morphological	Supp 12	docx_table_14	BLL	43.67	0.69	abc
11	Black gora	Control	60 DAT	morphological	Supp 12	docx_table_14	BLW	1.10	0.02	a
11	Black gora	Control	60 DAT	morphological	Supp 12	docx_table_14	rLL	1.22	0.03	a
11	Black gora	Control	60 DAT	morphological	Supp 12	docx_table_14	rLW	1.00	0.03	a
11	Black gora	Control	60 DAT	morphological	Supp 12	docx_table_14	SFW	25.37	0.90	h
11	Black gora	Control	60 DAT	morphological	Supp 12	docx_table_14	SDW	17.36	0.76	gh
11	Black gora	Control	60 DAT	morphological	Supp 12	docx_table_14	RFW	9.75	0.41	k
11	Black gora	Control	60 DAT	morphological	Supp 12	docx_table_14	RDW	5.99	0.29	ef
11	Black gora	Control	60 DAT	morphological	Supp 12	docx_table_14	RL	337.24	17.10	b
11	Black gora	Control	60 DAT	morphological	Supp 12	docx_table_14	PA	99.74	2.02	f
11	Black gora	Control	60 DAT	morphological	Supp 12	docx_table_14	SA	313.34	6.35	f
11	Black gora	Control	60 DAT	morphological	Supp 12	docx_table_14	AD	3.36	0.04	b
11	Black gora	Control	60 DAT	morphological	Supp 12	docx_table_14	LPV	337.24	17.10	b
11	Black gora	Control	60 DAT	morphological	Supp 12	docx_table_14	RV	29.95	0.27	d
11	Black gora	Control	60 DAT	morphological	Supp 12	docx_table_14	TPS	2148.11	64.31	d
12	Suweon	Control	60 DAT	morphological	Supp 12	docx_table_14	PH	109.17	1.75	b
12	Suweon	Control	60 DAT	morphological	Supp 12	docx_table_14	TN	26.33	0.26	d
12	Suweon	Control	60 DAT	morphological	Supp 12	docx_table_14	LN	95.00	1.01	cd
12	Suweon	Control	60 DAT	morphological	Supp 12	docx_table_14	TLL	36.50	0.57	bc
12	Suweon	Control	60 DAT	morphological	Supp 12	docx_table_14	TLW	0.90	0.02	e
12	Suweon	Control	60 DAT	morphological	Supp 12	docx_table_14	BLL	43.10	0.60	abc
12	Suweon	Control	60 DAT	morphological	Supp 12	docx_table_14	BLW	0.90	0.02	d
12	Suweon	Control	60 DAT	morphological	Supp 12	docx_table_14	rLL	1.19	0.01	ab
12	Suweon	Control	60 DAT	morphological	Supp 12	docx_table_14	rLW	1.00	0.02	a
12	Suweon	Control	60 DAT	morphological	Supp 12	docx_table_14	SFW	49.40	0.91	e
12	Suweon	Control	60 DAT	morphological	Supp 12	docx_table_14	SDW	27.05	0.69	de
12	Suweon	Control	60 DAT	morphological	Supp 12	docx_table_14	RFW	15.23	0.37	ghi
12	Suweon	Control	60 DAT	morphological	Supp 12	docx_table_14	RDW	9.35	0.29	d
12	Suweon	Control	60 DAT	morphological	Supp 12	docx_table_14	RL	397.76	1.56	b
12	Suweon	Control	60 DAT	morphological	Supp 12	docx_table_14	PA	227.55	1.06	abcd
12	Suweon	Control	60 DAT	morphological	Supp 12	docx_table_14	SA	714.86	3.33	abcd
12	Suweon	Control	60 DAT	morphological	Supp 12	docx_table_14	AD	5.30	0.00	ab
12	Suweon	Control	60 DAT	morphological	Supp 12	docx_table_14	LPV	596.52	1.56	ab
12	Suweon	Control	60 DAT	morphological	Supp 12	docx_table_14	RV	116.13	0.14	abcd
12	Suweon	Control	60 DAT	morphological	Supp 12	docx_table_14	TPS	2729.00	38.21	cd
13	Kunjukunju	Control	60 DAT	morphological	Supp 12	docx_table_14	PH	81.70	0.59	ef
13	Kunjukunju	Control	60 DAT	morphological	Supp 12	docx_table_14	TN	12.00	0.14	f
13	Kunjukunju	Control	60 DAT	morphological	Supp 12	docx_table_14	LN	49.00	0.54	gh
13	Kunjukunju	Control	60 DAT	morphological	Supp 12	docx_table_14	TLL	23.13	0.03	f
13	Kunjukunju	Control	60 DAT	morphological	Supp 12	docx_table_14	TLW	0.90	0.01	e
13	Kunjukunju	Control	60 DAT	morphological	Supp 12	docx_table_14	BLL	26.70	0.35	h
13	Kunjukunju	Control	60 DAT	morphological	Supp 12	docx_table_14	BLW	0.90	0.01	d
13	Kunjukunju	Control	60 DAT	morphological	Supp 12	docx_table_14	rLL	1.17	0.01	ab
13	Kunjukunju	Control	60 DAT	morphological	Supp 12	docx_table_14	rLW	1.00	0.01	a
13	Kunjukunju	Control	60 DAT	morphological	Supp 12	docx_table_14	SFW	51.88	0.27	e
13	Kunjukunju	Control	60 DAT	morphological	Supp 12	docx_table_14	SDW	31.08	0.33	cde
13	Kunjukunju	Control	60 DAT	morphological	Supp 12	docx_table_14	RFW	16.20	0.19	fgh
13	Kunjukunju	Control	60 DAT	morphological	Supp 12	docx_table_14	RDW	10.94	0.10	cd
13	Kunjukunju	Control	60 DAT	morphological	Supp 12	docx_table_14	RL	875.83	8.27	a
13	Kunjukunju	Control	60 DAT	morphological	Supp 12	docx_table_14	PA	186.34	1.55	abcde
13	Kunjukunju	Control	60 DAT	morphological	Supp 12	docx_table_14	SA	585.40	4.88	abcde
13	Kunjukunju	Control	60 DAT	morphological	Supp 12	docx_table_14	AD	2.59	0.02	b
13	Kunjukunju	Control	60 DAT	morphological	Supp 12	docx_table_14	LPV	875.83	8.27	a
13	Kunjukunju	Control	60 DAT	morphological	Supp 12	docx_table_14	RV	40.08	0.21	cd
13	Kunjukunju	Control	60 DAT	morphological	Supp 12	docx_table_14	TPS	5753.00	20.07	a
14	Cauvery	Control	60 DAT	morphological	Supp 12	docx_table_14	PH	80.73	0.68	ef
14	Cauvery	Control	60 DAT	morphological	Supp 12	docx_table_14	TN	33.00	0.08	bc
14	Cauvery	Control	60 DAT	morphological	Supp 12	docx_table_14	LN	115.67	0.31	bc
14	Cauvery	Control	60 DAT	morphological	Supp 12	docx_table_14	TLL	30.03	0.33	de
14	Cauvery	Control	60 DAT	morphological	Supp 12	docx_table_14	TLW	1.00	0.01	d
14	Cauvery	Control	60 DAT	morphological	Supp 12	docx_table_14	BLL	30.93	0.18	fgh
14	Cauvery	Control	60 DAT	morphological	Supp 12	docx_table_14	BLW	0.80	0.01	e
14	Cauvery	Control	60 DAT	morphological	Supp 12	docx_table_14	rLL	1.03	0.01	bcdef
14	Cauvery	Control	60 DAT	morphological	Supp 12	docx_table_14	rLW	0.80	0.01	d
14	Cauvery	Control	60 DAT	morphological	Supp 12	docx_table_14	SFW	77.50	0.37	b
14	Cauvery	Control	60 DAT	morphological	Supp 12	docx_table_14	SDW	48.49	0.23	a
14	Cauvery	Control	60 DAT	morphological	Supp 12	docx_table_14	RFW	19.15	0.12	cde
14	Cauvery	Control	60 DAT	morphological	Supp 12	docx_table_14	RDW	14.47	0.11	a
14	Cauvery	Control	60 DAT	morphological	Supp 12	docx_table_14	RL	268.98	7.80	b
14	Cauvery	Control	60 DAT	morphological	Supp 12	docx_table_14	PA	239.19	0.48	abc
14	Cauvery	Control	60 DAT	morphological	Supp 12	docx_table_14	SA	751.45	1.51	abc
14	Cauvery	Control	60 DAT	morphological	Supp 12	docx_table_14	AD	7.67	0.02	ab
14	Cauvery	Control	60 DAT	morphological	Supp 12	docx_table_14	LPV	303.42	7.80	b
14	Cauvery	Control	60 DAT	morphological	Supp 12	docx_table_14	RV	139.05	0.07	ab
14	Cauvery	Control	60 DAT	morphological	Supp 12	docx_table_14	TPS	3281.33	22.24	bcd
15	RPW9-4(SS1)	Control	60 DAT	morphological	Supp 12	docx_table_14	PH	85.30	0.65	e
15	RPW9-4(SS1)	Control	60 DAT	morphological	Supp 12	docx_table_14	TN	37.00	0.09	b
15	RPW9-4(SS1)	Control	60 DAT	morphological	Supp 12	docx_table_14	LN	118.67	0.36	b
15	RPW9-4(SS1)	Control	60 DAT	morphological	Supp 12	docx_table_14	TLL	31.97	0.27	cde
15	RPW9-4(SS1)	Control	60 DAT	morphological	Supp 12	docx_table_14	TLW	1.00	0.01	d
15	RPW9-4(SS1)	Control	60 DAT	morphological	Supp 12	docx_table_14	BLL	29.83	0.21	gh
15	RPW9-4(SS1)	Control	60 DAT	morphological	Supp 12	docx_table_14	BLW	0.80	0.01	e
15	RPW9-4(SS1)	Control	60 DAT	morphological	Supp 12	docx_table_14	rLL	0.94	0.00	def
15	RPW9-4(SS1)	Control	60 DAT	morphological	Supp 12	docx_table_14	rLW	0.80	0.01	d
15	RPW9-4(SS1)	Control	60 DAT	morphological	Supp 12	docx_table_14	SFW	67.92	0.34	c
15	RPW9-4(SS1)	Control	60 DAT	morphological	Supp 12	docx_table_14	SDW	37.82	0.24	b
15	RPW9-4(SS1)	Control	60 DAT	morphological	Supp 12	docx_table_14	RFW	19.80	0.13	bcd
15	RPW9-4(SS1)	Control	60 DAT	morphological	Supp 12	docx_table_14	RDW	13.02	0.11	ab
15	RPW9-4(SS1)	Control	60 DAT	morphological	Supp 12	docx_table_14	RL	441.59	3.75	ab
15	RPW9-4(SS1)	Control	60 DAT	morphological	Supp 12	docx_table_14	PA	262.42	0.54	a
15	RPW9-4(SS1)	Control	60 DAT	morphological	Supp 12	docx_table_14	SA	824.42	1.68	a
15	RPW9-4(SS1)	Control	60 DAT	morphological	Supp 12	docx_table_14	AD	3.91	0.01	b
15	RPW9-4(SS1)	Control	60 DAT	morphological	Supp 12	docx_table_14	LPV	599.92	3.75	ab
15	RPW9-4(SS1)	Control	60 DAT	morphological	Supp 12	docx_table_14	RV	72.19	0.07	bcd
15	RPW9-4(SS1)	Control	60 DAT	morphological	Supp 12	docx_table_14	TPS	5052.00	9.91	ab
1	Moroberakan	Control	60 DAT	physiological	Supp 13	docx_table_15	Photo_TL	20.84	2.22	d
1	Moroberakan	Control	60 DAT	physiological	Supp 13	docx_table_15	Cond_TL	0.04	0.01	bc
1	Moroberakan	Control	60 DAT	physiological	Supp 13	docx_table_15	Ci_TL	308.45	6.77	a
1	Moroberakan	Control	60 DAT	physiological	Supp 13	docx_table_15	Tr_TL	7.18	0.77	g
1	Moroberakan	Control	60 DAT	physiological	Supp 13	docx_table_15	Photo_BL	18.00	2.06	bc
1	Moroberakan	Control	60 DAT	physiological	Supp 13	docx_table_15	Cond_BL	0.04	0.01	ab
1	Moroberakan	Control	60 DAT	physiological	Supp 13	docx_table_15	Ci_BL	306.79	7.62	a
1	Moroberakan	Control	60 DAT	physiological	Supp 13	docx_table_15	Tr_BL	7.05	1.12	e
1	Moroberakan	Control	60 DAT	physiological	Supp 13	docx_table_15	CCI_TL	362.12	7.27	fg
1	Moroberakan	Control	60 DAT	physiological	Supp 13	docx_table_15	CCI_BL	349.51	4.63	bc
1	Moroberakan	Control	60 DAT	physiological	Supp 13	docx_table_15	QY_TL	0.84	0.01	bcd
1	Moroberakan	Control	60 DAT	physiological	Supp 13	docx_table_15	QY_BL	0.83	0.01	abcd
1	Moroberakan	Control	60 DAT	physiological	Supp 13	docx_table_15	rCCI	0.96	0.03	c
1	Moroberakan	Control	60 DAT	physiological	Supp 13	docx_table_15	rQY	0.99	0.01	a
1	Moroberakan	Control	60 DAT	physiological	Supp 13	docx_table_15	dCCI	12.62	8.34	h
1	Moroberakan	Control	60 DAT	physiological	Supp 13	docx_table_15	dQY	0.01	0.01	ab
1	Moroberakan	Control	60 DAT	physiological	Supp 13	docx_table_15	rPhoto	0.87	0.07	a
1	Moroberakan	Control	60 DAT	physiological	Supp 13	docx_table_15	rCond	0.92	0.09	abcd
1	Moroberakan	Control	60 DAT	physiological	Supp 13	docx_table_15	rCi	0.99	0.01	b
1	Moroberakan	Control	60 DAT	physiological	Supp 13	docx_table_15	rTr	0.98	0.06	ab
2	IR83388-B-B108-3	Control	60 DAT	physiological	Supp 13	docx_table_15	Photo_TL	26.62	12.73	ab
2	IR83388-B-B108-3	Control	60 DAT	physiological	Supp 13	docx_table_15	Cond_TL	0.05	0.03	abc
2	IR83388-B-B108-3	Control	60 DAT	physiological	Supp 13	docx_table_15	Ci_TL	259.76	180.73	abcd
2	IR83388-B-B108-3	Control	60 DAT	physiological	Supp 13	docx_table_15	Tr_TL	12.13	34.53	ef
2	IR83388-B-B108-3	Control	60 DAT	physiological	Supp 13	docx_table_15	Photo_BL	24.59	8.16	a
2	IR83388-B-B108-3	Control	60 DAT	physiological	Supp 13	docx_table_15	Cond_BL	0.06	0.02	a
2	IR83388-B-B108-3	Control	60 DAT	physiological	Supp 13	docx_table_15	Ci_BL	281.58	182.03	abc
2	IR83388-B-B108-3	Control	60 DAT	physiological	Supp 13	docx_table_15	Tr_BL	11.63	4.76	bcd
2	IR83388-B-B108-3	Control	60 DAT	physiological	Supp 13	docx_table_15	CCI_TL	382.95	142.18	cde
2	IR83388-B-B108-3	Control	60 DAT	physiological	Supp 13	docx_table_15	CCI_BL	315.80	126.53	e
2	IR83388-B-B108-3	Control	60 DAT	physiological	Supp 13	docx_table_15	QY_TL	0.84	0.44	abc
2	IR83388-B-B108-3	Control	60 DAT	physiological	Supp 13	docx_table_15	QY_BL	0.83	0.39	abcd
2	IR83388-B-B108-3	Control	60 DAT	physiological	Supp 13	docx_table_15	rCCI	0.82	0.49	h
2	IR83388-B-B108-3	Control	60 DAT	physiological	Supp 13	docx_table_15	rQY	0.99	0.51	a
2	IR83388-B-B108-3	Control	60 DAT	physiological	Supp 13	docx_table_15	dCCI	67.15	14.72	c
2	IR83388-B-B108-3	Control	60 DAT	physiological	Supp 13	docx_table_15	dQY	0.01	0.04	ab
2	IR83388-B-B108-3	Control	60 DAT	physiological	Supp 13	docx_table_15	rPhoto	0.93	0.34	a
2	IR83388-B-B108-3	Control	60 DAT	physiological	Supp 13	docx_table_15	rCond	1.17	0.45	abcd
2	IR83388-B-B108-3	Control	60 DAT	physiological	Supp 13	docx_table_15	rCi	1.10	0.58	b
2	IR83388-B-B108-3	Control	60 DAT	physiological	Supp 13	docx_table_15	rTr	0.97	0.50	ab
3	IR77298-14-1-2-10	Control	60 DAT	physiological	Supp 13	docx_table_15	Photo_TL	24.29	10.05	abcd
3	IR77298-14-1-2-10	Control	60 DAT	physiological	Supp 13	docx_table_15	Cond_TL	0.05	0.02	abc
3	IR77298-14-1-2-10	Control	60 DAT	physiological	Supp 13	docx_table_15	Ci_TL	254.85	158.09	abcd
3	IR77298-14-1-2-10	Control	60 DAT	physiological	Supp 13	docx_table_15	Tr_TL	12.90	29.90	de
3	IR77298-14-1-2-10	Control	60 DAT	physiological	Supp 13	docx_table_15	Photo_BL	17.19	5.83	bc
3	IR77298-14-1-2-10	Control	60 DAT	physiological	Supp 13	docx_table_15	Cond_BL	0.05	0.02	ab
3	IR77298-14-1-2-10	Control	60 DAT	physiological	Supp 13	docx_table_15	Ci_BL	269.76	160.26	abcd
3	IR77298-14-1-2-10	Control	60 DAT	physiological	Supp 13	docx_table_15	Tr_BL	12.28	3.48	bcd
3	IR77298-14-1-2-10	Control	60 DAT	physiological	Supp 13	docx_table_15	CCI_TL	285.51	126.44	i
3	IR77298-14-1-2-10	Control	60 DAT	physiological	Supp 13	docx_table_15	CCI_BL	319.49	109.07	e
3	IR77298-14-1-2-10	Control	60 DAT	physiological	Supp 13	docx_table_15	QY_TL	0.84	0.39	bcd
3	IR77298-14-1-2-10	Control	60 DAT	physiological	Supp 13	docx_table_15	QY_BL	0.82	0.34	cd
3	IR77298-14-1-2-10	Control	60 DAT	physiological	Supp 13	docx_table_15	rCCI	1.12	0.41	a
3	IR77298-14-1-2-10	Control	60 DAT	physiological	Supp 13	docx_table_15	rQY	0.99	0.44	a
3	IR77298-14-1-2-10	Control	60 DAT	physiological	Supp 13	docx_table_15	dCCI	-33.97	15.45	j
3	IR77298-14-1-2-10	Control	60 DAT	physiological	Supp 13	docx_table_15	dQY	0.01	0.04	ab
3	IR77298-14-1-2-10	Control	60 DAT	physiological	Supp 13	docx_table_15	rPhoto	0.72	0.27	a
3	IR77298-14-1-2-10	Control	60 DAT	physiological	Supp 13	docx_table_15	rCond	1.00	0.41	abcd
3	IR77298-14-1-2-10	Control	60 DAT	physiological	Supp 13	docx_table_15	rCi	1.06	0.51	b
3	IR77298-14-1-2-10	Control	60 DAT	physiological	Supp 13	docx_table_15	rTr	0.95	0.44	ab
4	PUSA1121	Control	60 DAT	physiological	Supp 13	docx_table_15	Photo_TL	23.06	5.46	bcd
4	PUSA1121	Control	60 DAT	physiological	Supp 13	docx_table_15	Cond_TL	0.06	0.01	ab
4	PUSA1121	Control	60 DAT	physiological	Supp 13	docx_table_15	Ci_TL	289.13	94.58	ab
4	PUSA1121	Control	60 DAT	physiological	Supp 13	docx_table_15	Tr_TL	11.61	18.30	ef
4	PUSA1121	Control	60 DAT	physiological	Supp 13	docx_table_15	Photo_BL	17.40	3.08	bc
4	PUSA1121	Control	60 DAT	physiological	Supp 13	docx_table_15	Cond_BL	0.05	0.01	ab
4	PUSA1121	Control	60 DAT	physiological	Supp 13	docx_table_15	Ci_BL	294.09	95.03	ab
4	PUSA1121	Control	60 DAT	physiological	Supp 13	docx_table_15	Tr_BL	10.25	1.85	cde
4	PUSA1121	Control	60 DAT	physiological	Supp 13	docx_table_15	CCI_TL	222.22	73.77	k
4	PUSA1121	Control	60 DAT	physiological	Supp 13	docx_table_15	CCI_BL	180.89	65.92	i
4	PUSA1121	Control	60 DAT	physiological	Supp 13	docx_table_15	QY_TL	0.84	0.24	abc
4	PUSA1121	Control	60 DAT	physiological	Supp 13	docx_table_15	QY_BL	0.83	0.21	abc
4	PUSA1121	Control	60 DAT	physiological	Supp 13	docx_table_15	rCCI	0.81	0.25	h
4	PUSA1121	Control	60 DAT	physiological	Supp 13	docx_table_15	rQY	0.99	0.27	a
4	PUSA1121	Control	60 DAT	physiological	Supp 13	docx_table_15	dCCI	41.34	3.91	ef
4	PUSA1121	Control	60 DAT	physiological	Supp 13	docx_table_15	dQY	0.01	0.02	ab
4	PUSA1121	Control	60 DAT	physiological	Supp 13	docx_table_15	rPhoto	0.76	0.14	a
4	PUSA1121	Control	60 DAT	physiological	Supp 13	docx_table_15	rCond	0.84	0.20	bcd
4	PUSA1121	Control	60 DAT	physiological	Supp 13	docx_table_15	rCi	1.02	0.31	b
4	PUSA1121	Control	60 DAT	physiological	Supp 13	docx_table_15	rTr	0.88	0.24	ab
5	BAM8315	Control	60 DAT	physiological	Supp 13	docx_table_15	Photo_TL	27.18	3.67	a
5	BAM8315	Control	60 DAT	physiological	Supp 13	docx_table_15	Cond_TL	0.07	0.01	a
5	BAM8315	Control	60 DAT	physiological	Supp 13	docx_table_15	Ci_TL	278.49	44.66	abc
5	BAM8315	Control	60 DAT	physiological	Supp 13	docx_table_15	Tr_TL	13.37	8.36	de
5	BAM8315	Control	60 DAT	physiological	Supp 13	docx_table_15	Photo_BL	22.36	2.54	ab
5	BAM8315	Control	60 DAT	physiological	Supp 13	docx_table_15	Cond_BL	0.05	0.01	ab
5	BAM8315	Control	60 DAT	physiological	Supp 13	docx_table_15	Ci_BL	250.03	45.27	abcde
5	BAM8315	Control	60 DAT	physiological	Supp 13	docx_table_15	Tr_BL	12.64	1.46	bcd
5	BAM8315	Control	60 DAT	physiological	Supp 13	docx_table_15	CCI_TL	403.30	35.83	b
5	BAM8315	Control	60 DAT	physiological	Supp 13	docx_table_15	CCI_BL	262.10	31.20	h
5	BAM8315	Control	60 DAT	physiological	Supp 13	docx_table_15	QY_TL	0.83	0.11	ab
5	BAM8315	Control	60 DAT	physiological	Supp 13	docx_table_15	QY_BL	0.83	0.10	abc
5	BAM8315	Control	60 DAT	physiological	Supp 13	docx_table_15	rCCI	0.65	0.12	i
5	BAM8315	Control	60 DAT	physiological	Supp 13	docx_table_15	rQY	1.00	0.12	a
5	BAM8315	Control	60 DAT	physiological	Supp 13	docx_table_15	dCCI	141.20	6.46	a
5	BAM8315	Control	60 DAT	physiological	Supp 13	docx_table_15	dQY	0.00	0.01	b
5	BAM8315	Control	60 DAT	physiological	Supp 13	docx_table_15	rPhoto	0.82	0.10	a
5	BAM8315	Control	60 DAT	physiological	Supp 13	docx_table_15	rCond	0.71	0.14	bcd
5	BAM8315	Control	60 DAT	physiological	Supp 13	docx_table_15	rCi	0.90	0.14	b
5	BAM8315	Control	60 DAT	physiological	Supp 13	docx_table_15	rTr	0.94	0.14	ab
6	BAM812	Control	60 DAT	physiological	Supp 13	docx_table_15	Photo_TL	24.28	3.29	abcd
6	BAM812	Control	60 DAT	physiological	Supp 13	docx_table_15	Cond_TL	0.06	0.01	ab
6	BAM812	Control	60 DAT	physiological	Supp 13	docx_table_15	Ci_TL	266.66	56.85	abc
6	BAM812	Control	60 DAT	physiological	Supp 13	docx_table_15	Tr_TL	13.05	10.78	de
6	BAM812	Control	60 DAT	physiological	Supp 13	docx_table_15	Photo_BL	18.29	1.76	bc
6	BAM812	Control	60 DAT	physiological	Supp 13	docx_table_15	Cond_BL	0.04	0.01	ab
6	BAM812	Control	60 DAT	physiological	Supp 13	docx_table_15	Ci_BL	261.08	57.67	abcde
6	BAM812	Control	60 DAT	physiological	Supp 13	docx_table_15	Tr_BL	10.92	1.07	cde
6	BAM812	Control	60 DAT	physiological	Supp 13	docx_table_15	CCI_TL	261.50	45.50	j
6	BAM812	Control	60 DAT	physiological	Supp 13	docx_table_15	CCI_BL	267.20	39.01	h
6	BAM812	Control	60 DAT	physiological	Supp 13	docx_table_15	QY_TL	0.83	0.14	cd
6	BAM812	Control	60 DAT	physiological	Supp 13	docx_table_15	QY_BL	0.82	0.12	d
6	BAM812	Control	60 DAT	physiological	Supp 13	docx_table_15	rCCI	1.02	0.15	b
6	BAM812	Control	60 DAT	physiological	Supp 13	docx_table_15	rQY	0.98	0.16	a
6	BAM812	Control	60 DAT	physiological	Supp 13	docx_table_15	dCCI	-5.70	6.06	i
6	BAM812	Control	60 DAT	physiological	Supp 13	docx_table_15	dQY	0.02	0.01	a
6	BAM812	Control	60 DAT	physiological	Supp 13	docx_table_15	rPhoto	0.75	0.09	a
6	BAM812	Control	60 DAT	physiological	Supp 13	docx_table_15	rCond	0.72	0.14	bcd
6	BAM812	Control	60 DAT	physiological	Supp 13	docx_table_15	rCi	0.98	0.18	b
6	BAM812	Control	60 DAT	physiological	Supp 13	docx_table_15	rTr	0.84	0.15	b
7	Malchi	Control	60 DAT	physiological	Supp 13	docx_table_15	Photo_TL	20.73	1.16	d
7	Malchi	Control	60 DAT	physiological	Supp 13	docx_table_15	Cond_TL	0.03	0.00	c
7	Malchi	Control	60 DAT	physiological	Supp 13	docx_table_15	Ci_TL	235.15	26.02	abcde
7	Malchi	Control	60 DAT	physiological	Supp 13	docx_table_15	Tr_TL	9.30	5.18	fg
7	Malchi	Control	60 DAT	physiological	Supp 13	docx_table_15	Photo_BL	15.97	0.66	c
7	Malchi	Control	60 DAT	physiological	Supp 13	docx_table_15	Cond_BL	0.04	0.00	ab
7	Malchi	Control	60 DAT	physiological	Supp 13	docx_table_15	Ci_BL	259.14	25.91	abcde
7	Malchi	Control	60 DAT	physiological	Supp 13	docx_table_15	Tr_BL	10.00	0.39	de
7	Malchi	Control	60 DAT	physiological	Supp 13	docx_table_15	CCI_TL	360.62	19.71	fg
7	Malchi	Control	60 DAT	physiological	Supp 13	docx_table_15	CCI_BL	335.67	18.21	d
7	Malchi	Control	60 DAT	physiological	Supp 13	docx_table_15	QY_TL	0.84	0.07	cd
7	Malchi	Control	60 DAT	physiological	Supp 13	docx_table_15	QY_BL	0.83	0.06	abcd
7	Malchi	Control	60 DAT	physiological	Supp 13	docx_table_15	rCCI	0.93	0.07	cd
7	Malchi	Control	60 DAT	physiological	Supp 13	docx_table_15	rQY	0.99	0.08	a
7	Malchi	Control	60 DAT	physiological	Supp 13	docx_table_15	dCCI	24.95	1.37	gh
7	Malchi	Control	60 DAT	physiological	Supp 13	docx_table_15	dQY	0.01	0.00	ab
7	Malchi	Control	60 DAT	physiological	Supp 13	docx_table_15	rPhoto	0.77	0.03	a
7	Malchi	Control	60 DAT	physiological	Supp 13	docx_table_15	rCond	1.47	0.04	a
7	Malchi	Control	60 DAT	physiological	Supp 13	docx_table_15	rCi	1.10	0.09	b
7	Malchi	Control	60 DAT	physiological	Supp 13	docx_table_15	rTr	1.10	0.06	a
8	BAM 3690	Control	60 DAT	physiological	Supp 13	docx_table_15	Photo_TL	24.05	1.35	abcd
8	BAM 3690	Control	60 DAT	physiological	Supp 13	docx_table_15	Cond_TL	0.05	0.00	abc
8	BAM 3690	Control	60 DAT	physiological	Supp 13	docx_table_15	Ci_TL	237.09	15.52	abcde
8	BAM 3690	Control	60 DAT	physiological	Supp 13	docx_table_15	Tr_TL	12.03	2.81	ef
8	BAM 3690	Control	60 DAT	physiological	Supp 13	docx_table_15	Photo_BL	19.76	0.95	abc
8	BAM 3690	Control	60 DAT	physiological	Supp 13	docx_table_15	Cond_BL	0.04	0.00	ab
8	BAM 3690	Control	60 DAT	physiological	Supp 13	docx_table_15	Ci_BL	245.08	16.01	abcde
8	BAM 3690	Control	60 DAT	physiological	Supp 13	docx_table_15	Tr_BL	11.89	0.54	bcd
8	BAM 3690	Control	60 DAT	physiological	Supp 13	docx_table_15	CCI_TL	440.49	13.03	a
8	BAM 3690	Control	60 DAT	physiological	Supp 13	docx_table_15	CCI_BL	356.57	10.51	b
8	BAM 3690	Control	60 DAT	physiological	Supp 13	docx_table_15	QY_TL	0.84	0.04	bcd
8	BAM 3690	Control	60 DAT	physiological	Supp 13	docx_table_15	QY_BL	0.84	0.03	abc
8	BAM 3690	Control	60 DAT	physiological	Supp 13	docx_table_15	rCCI	0.81	0.04	h
8	BAM 3690	Control	60 DAT	physiological	Supp 13	docx_table_15	rQY	1.00	0.04	a
8	BAM 3690	Control	60 DAT	physiological	Supp 13	docx_table_15	dCCI	83.91	2.83	b
8	BAM 3690	Control	60 DAT	physiological	Supp 13	docx_table_15	dQY	0.00	0.00	ab
8	BAM 3690	Control	60 DAT	physiological	Supp 13	docx_table_15	rPhoto	0.82	0.04	a
8	BAM 3690	Control	60 DAT	physiological	Supp 13	docx_table_15	rCond	0.95	0.06	abcd
8	BAM 3690	Control	60 DAT	physiological	Supp 13	docx_table_15	rCi	1.03	0.05	b
8	BAM 3690	Control	60 DAT	physiological	Supp 13	docx_table_15	rTr	0.99	0.05	ab
9	BAM 4138	Control	60 DAT	physiological	Supp 13	docx_table_15	Photo_TL	24.20	1.18	abcd
9	BAM 4138	Control	60 DAT	physiological	Supp 13	docx_table_15	Cond_TL	0.05	0.00	abc
9	BAM 4138	Control	60 DAT	physiological	Supp 13	docx_table_15	Ci_TL	222.81	21.48	bcde
9	BAM 4138	Control	60 DAT	physiological	Supp 13	docx_table_15	Tr_TL	15.40	4.09	cd
9	BAM 4138	Control	60 DAT	physiological	Supp 13	docx_table_15	Photo_BL	18.47	0.57	bc
9	BAM 4138	Control	60 DAT	physiological	Supp 13	docx_table_15	Cond_BL	0.04	0.00	ab
9	BAM 4138	Control	60 DAT	physiological	Supp 13	docx_table_15	Ci_BL	213.08	21.77	def
9	BAM 4138	Control	60 DAT	physiological	Supp 13	docx_table_15	Tr_BL	12.94	0.36	bcd
9	BAM 4138	Control	60 DAT	physiological	Supp 13	docx_table_15	CCI_TL	350.51	17.15	gh
9	BAM 4138	Control	60 DAT	physiological	Supp 13	docx_table_15	CCI_BL	320.02	14.75	e
9	BAM 4138	Control	60 DAT	physiological	Supp 13	docx_table_15	QY_TL	0.85	0.05	d
9	BAM 4138	Control	60 DAT	physiological	Supp 13	docx_table_15	QY_BL	0.84	0.05	a
9	BAM 4138	Control	60 DAT	physiological	Supp 13	docx_table_15	rCCI	0.91	0.05	de
9	BAM 4138	Control	60 DAT	physiological	Supp 13	docx_table_15	rQY	1.00	0.06	a
9	BAM 4138	Control	60 DAT	physiological	Supp 13	docx_table_15	dCCI	30.50	2.40	efg
9	BAM 4138	Control	60 DAT	physiological	Supp 13	docx_table_15	dQY	0.00	0.00	ab
9	BAM 4138	Control	60 DAT	physiological	Supp 13	docx_table_15	rPhoto	0.77	0.03	a
9	BAM 4138	Control	60 DAT	physiological	Supp 13	docx_table_15	rCond	0.88	0.06	bcd
9	BAM 4138	Control	60 DAT	physiological	Supp 13	docx_table_15	rCi	0.96	0.07	b
9	BAM 4138	Control	60 DAT	physiological	Supp 13	docx_table_15	rTr	0.90	0.06	ab
10	BAM 4521	Control	60 DAT	physiological	Supp 13	docx_table_15	Photo_TL	21.90	0.11	cd
10	BAM 4521	Control	60 DAT	physiological	Supp 13	docx_table_15	Cond_TL	0.04	0.00	bc
10	BAM 4521	Control	60 DAT	physiological	Supp 13	docx_table_15	Ci_TL	181.70	5.27	de
10	BAM 4521	Control	60 DAT	physiological	Supp 13	docx_table_15	Tr_TL	15.91	1.19	cd
10	BAM 4521	Control	60 DAT	physiological	Supp 13	docx_table_15	Photo_BL	19.50	0.20	abc
10	BAM 4521	Control	60 DAT	physiological	Supp 13	docx_table_15	Cond_BL	0.05	0.00	ab
10	BAM 4521	Control	60 DAT	physiological	Supp 13	docx_table_15	Ci_BL	219.41	4.97	cdef
10	BAM 4521	Control	60 DAT	physiological	Supp 13	docx_table_15	Tr_BL	14.95	0.10	ab
10	BAM 4521	Control	60 DAT	physiological	Supp 13	docx_table_15	CCI_TL	376.06	3.37	de
10	BAM 4521	Control	60 DAT	physiological	Supp 13	docx_table_15	CCI_BL	318.44	3.86	e
10	BAM 4521	Control	60 DAT	physiological	Supp 13	docx_table_15	QY_TL	0.83	0.02	abc
10	BAM 4521	Control	60 DAT	physiological	Supp 13	docx_table_15	QY_BL	0.83	0.01	bcd
10	BAM 4521	Control	60 DAT	physiological	Supp 13	docx_table_15	rCCI	0.85	0.01	gh
10	BAM 4521	Control	60 DAT	physiological	Supp 13	docx_table_15	rQY	1.00	0.02	a
10	BAM 4521	Control	60 DAT	physiological	Supp 13	docx_table_15	dCCI	57.62	0.75	cd
10	BAM 4521	Control	60 DAT	physiological	Supp 13	docx_table_15	dQY	0.00	0.00	ab
10	BAM 4521	Control	60 DAT	physiological	Supp 13	docx_table_15	rPhoto	0.89	0.01	a
10	BAM 4521	Control	60 DAT	physiological	Supp 13	docx_table_15	rCond	1.25	0.01	ab
10	BAM 4521	Control	60 DAT	physiological	Supp 13	docx_table_15	rCi	1.20	0.02	b
10	BAM 4521	Control	60 DAT	physiological	Supp 13	docx_table_15	rTr	0.95	0.00	ab
11	Black gora	Control	60 DAT	physiological	Supp 13	docx_table_15	Photo_TL	24.45	0.67	abc
11	Black gora	Control	60 DAT	physiological	Supp 13	docx_table_15	Cond_TL	0.06	0.00	ab
11	Black gora	Control	60 DAT	physiological	Supp 13	docx_table_15	Ci_TL	199.86	8.20	cde
11	Black gora	Control	60 DAT	physiological	Supp 13	docx_table_15	Tr_TL	19.08	1.46	ab
11	Black gora	Control	60 DAT	physiological	Supp 13	docx_table_15	Photo_BL	19.29	0.38	abc
11	Black gora	Control	60 DAT	physiological	Supp 13	docx_table_15	Cond_BL	0.04	0.00	ab
11	Black gora	Control	60 DAT	physiological	Supp 13	docx_table_15	Ci_BL	199.70	8.53	ef
11	Black gora	Control	60 DAT	physiological	Supp 13	docx_table_15	Tr_BL	15.24	0.22	ab
11	Black gora	Control	60 DAT	physiological	Supp 13	docx_table_15	CCI_TL	346.96	7.07	h
11	Black gora	Control	60 DAT	physiological	Supp 13	docx_table_15	CCI_BL	305.14	5.49	f
11	Black gora	Control	60 DAT	physiological	Supp 13	docx_table_15	QY_TL	0.84	0.02	ab
11	Black gora	Control	60 DAT	physiological	Supp 13	docx_table_15	QY_BL	0.83	0.02	abc
11	Black gora	Control	60 DAT	physiological	Supp 13	docx_table_15	rCCI	0.88	0.02	efg
11	Black gora	Control	60 DAT	physiological	Supp 13	docx_table_15	rQY	1.00	0.02	a
11	Black gora	Control	60 DAT	physiological	Supp 13	docx_table_15	dCCI	41.82	1.10	ef
11	Black gora	Control	60 DAT	physiological	Supp 13	docx_table_15	dQY	0.00	0.00	ab
11	Black gora	Control	60 DAT	physiological	Supp 13	docx_table_15	rPhoto	0.79	0.02	a
11	Black gora	Control	60 DAT	physiological	Supp 13	docx_table_15	rCond	0.68	0.03	bcd
11	Black gora	Control	60 DAT	physiological	Supp 13	docx_table_15	rCi	0.99	0.02	b
11	Black gora	Control	60 DAT	physiological	Supp 13	docx_table_15	rTr	0.79	0.03	b
12	Suweon	Control	60 DAT	physiological	Supp 13	docx_table_15	Photo_TL	21.66	0.54	cd
12	Suweon	Control	60 DAT	physiological	Supp 13	docx_table_15	Cond_TL	0.05	0.00	abc
12	Suweon	Control	60 DAT	physiological	Supp 13	docx_table_15	Ci_TL	166.92	8.64	e
12	Suweon	Control	60 DAT	physiological	Supp 13	docx_table_15	Tr_TL	17.66	1.61	bc
12	Suweon	Control	60 DAT	physiological	Supp 13	docx_table_15	Photo_BL	15.83	0.19	c
12	Suweon	Control	60 DAT	physiological	Supp 13	docx_table_15	Cond_BL	0.05	0.00	ab
12	Suweon	Control	60 DAT	physiological	Supp 13	docx_table_15	Ci_BL	236.63	8.85	bcde
12	Suweon	Control	60 DAT	physiological	Supp 13	docx_table_15	Tr_BL	13.71	0.13	bcd
12	Suweon	Control	60 DAT	physiological	Supp 13	docx_table_15	CCI_TL	371.58	7.13	ef
12	Suweon	Control	60 DAT	physiological	Supp 13	docx_table_15	CCI_BL	347.97	5.87	c
12	Suweon	Control	60 DAT	physiological	Supp 13	docx_table_15	QY_TL	0.85	0.02	bcd
12	Suweon	Control	60 DAT	physiological	Supp 13	docx_table_15	QY_BL	0.84	0.02	ab
12	Suweon	Control	60 DAT	physiological	Supp 13	docx_table_15	rCCI	0.94	0.02	cd
12	Suweon	Control	60 DAT	physiological	Supp 13	docx_table_15	rQY	0.99	0.02	a
12	Suweon	Control	60 DAT	physiological	Supp 13	docx_table_15	dCCI	23.61	0.87	gh
12	Suweon	Control	60 DAT	physiological	Supp 13	docx_table_15	dQY	0.01	0.00	ab
12	Suweon	Control	60 DAT	physiological	Supp 13	docx_table_15	rPhoto	0.73	0.01	a
12	Suweon	Control	60 DAT	physiological	Supp 13	docx_table_15	rCond	1.22	0.02	abc
12	Suweon	Control	60 DAT	physiological	Supp 13	docx_table_15	rCi	2.23	0.03	a
12	Suweon	Control	60 DAT	physiological	Supp 13	docx_table_15	rTr	0.78	0.03	b
13	Kunjukunju	Control	60 DAT	physiological	Supp 13	docx_table_15	Photo_TL	24.61	0.30	abc
13	Kunjukunju	Control	60 DAT	physiological	Supp 13	docx_table_15	Cond_TL	0.05	0.00	abc
13	Kunjukunju	Control	60 DAT	physiological	Supp 13	docx_table_15	Ci_TL	167.54	1.83	e
13	Kunjukunju	Control	60 DAT	physiological	Supp 13	docx_table_15	Tr_TL	21.22	0.21	a
13	Kunjukunju	Control	60 DAT	physiological	Supp 13	docx_table_15	Photo_BL	20.75	0.11	abc
13	Kunjukunju	Control	60 DAT	physiological	Supp 13	docx_table_15	Cond_BL	0.04	0.00	ab
13	Kunjukunju	Control	60 DAT	physiological	Supp 13	docx_table_15	Ci_BL	157.46	2.15	fg
13	Kunjukunju	Control	60 DAT	physiological	Supp 13	docx_table_15	Tr_BL	18.10	0.06	a
13	Kunjukunju	Control	60 DAT	physiological	Supp 13	docx_table_15	CCI_TL	341.33	2.15	h
13	Kunjukunju	Control	60 DAT	physiological	Supp 13	docx_table_15	CCI_BL	296.50	1.07	g
13	Kunjukunju	Control	60 DAT	physiological	Supp 13	docx_table_15	QY_TL	0.84	0.00	a
13	Kunjukunju	Control	60 DAT	physiological	Supp 13	docx_table_15	QY_BL	0.82	0.00	cd
13	Kunjukunju	Control	60 DAT	physiological	Supp 13	docx_table_15	rCCI	0.87	0.01	fg
13	Kunjukunju	Control	60 DAT	physiological	Supp 13	docx_table_15	rQY	0.99	0.00	a
13	Kunjukunju	Control	60 DAT	physiological	Supp 13	docx_table_15	dCCI	44.82	0.18	de
13	Kunjukunju	Control	60 DAT	physiological	Supp 13	docx_table_15	dQY	0.01	0.00	ab
13	Kunjukunju	Control	60 DAT	physiological	Supp 13	docx_table_15	rPhoto	0.84	0.01	a
13	Kunjukunju	Control	60 DAT	physiological	Supp 13	docx_table_15	rCond	0.83	0.01	bcd
13	Kunjukunju	Control	60 DAT	physiological	Supp 13	docx_table_15	rCi	1.01	0.00	b
13	Kunjukunju	Control	60 DAT	physiological	Supp 13	docx_table_15	rTr	0.85	0.01	ab
14	Cauvery	Control	60 DAT	physiological	Supp 13	docx_table_15	Photo_TL	22.79	0.19	cd
14	Cauvery	Control	60 DAT	physiological	Supp 13	docx_table_15	Cond_TL	0.06	0.00	ab
14	Cauvery	Control	60 DAT	physiological	Supp 13	docx_table_15	Ci_TL	211.67	3.81	bcde
14	Cauvery	Control	60 DAT	physiological	Supp 13	docx_table_15	Tr_TL	19.57	0.77	ab
14	Cauvery	Control	60 DAT	physiological	Supp 13	docx_table_15	Photo_BL	20.93	0.14	abc
14	Cauvery	Control	60 DAT	physiological	Supp 13	docx_table_15	Cond_BL	0.03	0.00	b
14	Cauvery	Control	60 DAT	physiological	Supp 13	docx_table_15	Ci_BL	116.32	3.78	g
14	Cauvery	Control	60 DAT	physiological	Supp 13	docx_table_15	Tr_BL	18.10	0.08	a
14	Cauvery	Control	60 DAT	physiological	Supp 13	docx_table_15	CCI_TL	393.66	2.86	bc
14	Cauvery	Control	60 DAT	physiological	Supp 13	docx_table_15	CCI_BL	366.13	2.67	a
14	Cauvery	Control	60 DAT	physiological	Supp 13	docx_table_15	QY_TL	0.85	0.01	bcd
14	Cauvery	Control	60 DAT	physiological	Supp 13	docx_table_15	QY_BL	0.84	0.01	abc
14	Cauvery	Control	60 DAT	physiological	Supp 13	docx_table_15	rCCI	0.93	0.01	cd
14	Cauvery	Control	60 DAT	physiological	Supp 13	docx_table_15	rQY	0.99	0.01	a
14	Cauvery	Control	60 DAT	physiological	Supp 13	docx_table_15	dCCI	27.53	0.48	fgh
14	Cauvery	Control	60 DAT	physiological	Supp 13	docx_table_15	dQY	0.01	0.00	ab
14	Cauvery	Control	60 DAT	physiological	Supp 13	docx_table_15	rPhoto	0.92	0.01	a
14	Cauvery	Control	60 DAT	physiological	Supp 13	docx_table_15	rCond	0.64	0.01	d
14	Cauvery	Control	60 DAT	physiological	Supp 13	docx_table_15	rCi	0.65	0.01	b
14	Cauvery	Control	60 DAT	physiological	Supp 13	docx_table_15	rTr	0.93	0.01	ab
15	RPW9-4(SS1)	Control	60 DAT	physiological	Supp 13	docx_table_15	Photo_TL	22.50	0.18	cd
15	RPW9-4(SS1)	Control	60 DAT	physiological	Supp 13	docx_table_15	Cond_TL	0.05	0.00	abc
15	RPW9-4(SS1)	Control	60 DAT	physiological	Supp 13	docx_table_15	Ci_TL	200.48	3.50	cde
15	RPW9-4(SS1)	Control	60 DAT	physiological	Supp 13	docx_table_15	Tr_TL	17.92	0.70	bc
15	RPW9-4(SS1)	Control	60 DAT	physiological	Supp 13	docx_table_15	Photo_BL	17.45	0.04	bc
15	RPW9-4(SS1)	Control	60 DAT	physiological	Supp 13	docx_table_15	Cond_BL	0.03	0.00	b
15	RPW9-4(SS1)	Control	60 DAT	physiological	Supp 13	docx_table_15	Ci_BL	173.09	3.49	fg
15	RPW9-4(SS1)	Control	60 DAT	physiological	Supp 13	docx_table_15	Tr_BL	14.06	0.03	bc
15	RPW9-4(SS1)	Control	60 DAT	physiological	Supp 13	docx_table_15	CCI_TL	385.39	2.69	cd
15	RPW9-4(SS1)	Control	60 DAT	physiological	Supp 13	docx_table_15	CCI_BL	348.49	2.45	c
15	RPW9-4(SS1)	Control	60 DAT	physiological	Supp 13	docx_table_15	QY_TL	0.84	0.01	abc
15	RPW9-4(SS1)	Control	60 DAT	physiological	Supp 13	docx_table_15	QY_BL	0.82	0.01	cd
15	RPW9-4(SS1)	Control	60 DAT	physiological	Supp 13	docx_table_15	rCCI	0.90	0.01	def
15	RPW9-4(SS1)	Control	60 DAT	physiological	Supp 13	docx_table_15	rQY	0.98	0.01	a
15	RPW9-4(SS1)	Control	60 DAT	physiological	Supp 13	docx_table_15	dCCI	36.90	0.35	efg
15	RPW9-4(SS1)	Control	60 DAT	physiological	Supp 13	docx_table_15	dQY	0.02	0.00	a
15	RPW9-4(SS1)	Control	60 DAT	physiological	Supp 13	docx_table_15	rPhoto	0.77	0.00	a
15	RPW9-4(SS1)	Control	60 DAT	physiological	Supp 13	docx_table_15	rCond	0.67	0.01	
15	RPW9-4(SS1)	Control	60 DAT	physiological	Supp 13	docx_table_15	rCi	0.84	0.01	b
15	RPW9-4(SS1)	Control	60 DAT	physiological	Supp 13	docx_table_15	rTr	0.78	0.01	b
1	Moroberakan	N stress	60 DAT	morphological	Supp 14	docx_table_16	PH	75.37	0.04	cde
1	Moroberakan	N stress	60 DAT	morphological	Supp 14	docx_table_16	TN	8.33	0.03	de
1	Moroberakan	N stress	60 DAT	morphological	Supp 14	docx_table_16	LN	31.33	0.12	ef
1	Moroberakan	N stress	60 DAT	morphological	Supp 14	docx_table_16	TLL	25.17	0.16	abc
1	Moroberakan	N stress	60 DAT	morphological	Supp 14	docx_table_16	TLW	0.97	0.00	ab
1	Moroberakan	N stress	60 DAT	morphological	Supp 14	docx_table_16	BLL	24.27	0.09	cde
1	Moroberakan	N stress	60 DAT	morphological	Supp 14	docx_table_16	BLW	0.97	0.00	a
1	Moroberakan	N stress	60 DAT	morphological	Supp 14	docx_table_16	rLL	0.95	0.00	b
1	Moroberakan	N stress	60 DAT	morphological	Supp 14	docx_table_16	rLW	1.00	0.00	d
1	Moroberakan	N stress	60 DAT	morphological	Supp 14	docx_table_16	SFW	39.26	0.05	a
1	Moroberakan	N stress	60 DAT	morphological	Supp 14	docx_table_16	SDW	24.66	0.05	bc
1	Moroberakan	N stress	60 DAT	morphological	Supp 14	docx_table_16	RFW	11.48	0.04	ef
1	Moroberakan	N stress	60 DAT	morphological	Supp 14	docx_table_16	RDW	9.44	0.00	bc
1	Moroberakan	N stress	60 DAT	morphological	Supp 14	docx_table_16	RL	882.76	2.49	
1	Moroberakan	N stress	60 DAT	morphological	Supp 14	docx_table_16	PA	153.81	0.60	
1	Moroberakan	N stress	60 DAT	morphological	Supp 14	docx_table_16	SA	483.21	1.89	
1	Moroberakan	N stress	60 DAT	morphological	Supp 14	docx_table_16	AD	1.84	0.01	
1	Moroberakan	N stress	60 DAT	morphological	Supp 14	docx_table_16	LPV	882.76	2.49	
1	Moroberakan	N stress	60 DAT	morphological	Supp 14	docx_table_16	RV	25.16	0.08	
1	Moroberakan	N stress	60 DAT	morphological	Supp 14	docx_table_16	TPS	3865.00	6.58	
2	IR83388-B-B108-3	N stress	60 DAT	morphological	Supp 14	docx_table_16	PH	70.63	0.36	ef
2	IR83388-B-B108-3	N stress	60 DAT	morphological	Supp 14	docx_table_16	TN	8.00	0.03	def
2	IR83388-B-B108-3	N stress	60 DAT	morphological	Supp 14	docx_table_16	LN	31.00	0.13	ef
2	IR83388-B-B108-3	N stress	60 DAT	morphological	Supp 14	docx_table_16	TLL	22.73	0.09	abcd
2	IR83388-B-B108-3	N stress	60 DAT	morphological	Supp 14	docx_table_16	TLW	0.80	0.00	def
2	IR83388-B-B108-3	N stress	60 DAT	morphological	Supp 14	docx_table_16	BLL	20.90	0.06	de
2	IR83388-B-B108-3	N stress	60 DAT	morphological	Supp 14	docx_table_16	BLW	1.00	0.00	a
2	IR83388-B-B108-3	N stress	60 DAT	morphological	Supp 14	docx_table_16	rLL	0.91	0.00	b
2	IR83388-B-B108-3	N stress	60 DAT	morphological	Supp 14	docx_table_16	rLW	1.25	0.00	b
2	IR83388-B-B108-3	N stress	60 DAT	morphological	Supp 14	docx_table_16	SFW	39.41	0.18	a
2	IR83388-B-B108-3	N stress	60 DAT	morphological	Supp 14	docx_table_16	SDW	23.55	0.11	c
2	IR83388-B-B108-3	N stress	60 DAT	morphological	Supp 14	docx_table_16	RFW	11.82	0.05	ef
2	IR83388-B-B108-3	N stress	60 DAT	morphological	Supp 14	docx_table_16	RDW	9.25	0.06	bcd
2	IR83388-B-B108-3	N stress	60 DAT	morphological	Supp 14	docx_table_16	RL	819.34	2.77	
2	IR83388-B-B108-3	N stress	60 DAT	morphological	Supp 14	docx_table_16	PA	103.20	0.06	
2	IR83388-B-B108-3	N stress	60 DAT	morphological	Supp 14	docx_table_16	SA	324.21	0.19	
2	IR83388-B-B108-3	N stress	60 DAT	morphological	Supp 14	docx_table_16	AD	1.28	0.01	
2	IR83388-B-B108-3	N stress	60 DAT	morphological	Supp 14	docx_table_16	LPV	819.34	2.77	
2	IR83388-B-B108-3	N stress	60 DAT	morphological	Supp 14	docx_table_16	RV	10.24	0.01	
2	IR83388-B-B108-3	N stress	60 DAT	morphological	Supp 14	docx_table_16	TPS	2939.50	8.25	
3	IR77298-14-1-2-10	N stress	60 DAT	morphological	Supp 14	docx_table_16	PH	71.37	0.30	def
3	IR77298-14-1-2-10	N stress	60 DAT	morphological	Supp 14	docx_table_16	TN	10.33	0.03	bc
3	IR77298-14-1-2-10	N stress	60 DAT	morphological	Supp 14	docx_table_16	LN	38.67	0.14	cd
3	IR77298-14-1-2-10	N stress	60 DAT	morphological	Supp 14	docx_table_16	TLL	25.27	0.09	abc
3	IR77298-14-1-2-10	N stress	60 DAT	morphological	Supp 14	docx_table_16	TLW	0.70	0.00	gh
3	IR77298-14-1-2-10	N stress	60 DAT	morphological	Supp 14	docx_table_16	BLL	25.83	0.08	bcd
3	IR77298-14-1-2-10	N stress	60 DAT	morphological	Supp 14	docx_table_16	BLW	0.80	0.00	c
3	IR77298-14-1-2-10	N stress	60 DAT	morphological	Supp 14	docx_table_16	rLL	1.03	0.00	b
3	IR77298-14-1-2-10	N stress	60 DAT	morphological	Supp 14	docx_table_16	rLW	1.14	0.00	c
3	IR77298-14-1-2-10	N stress	60 DAT	morphological	Supp 14	docx_table_16	SFW	30.49	0.15	bcd
3	IR77298-14-1-2-10	N stress	60 DAT	morphological	Supp 14	docx_table_16	SDW	25.43	0.10	bc
3	IR77298-14-1-2-10	N stress	60 DAT	morphological	Supp 14	docx_table_16	RFW	15.27	0.05	b
3	IR77298-14-1-2-10	N stress	60 DAT	morphological	Supp 14	docx_table_16	RDW	9.87	0.05	abc
3	IR77298-14-1-2-10	N stress	60 DAT	morphological	Supp 14	docx_table_16	RL	1175.28	0.66	
3	IR77298-14-1-2-10	N stress	60 DAT	morphological	Supp 14	docx_table_16	PA	143.06	0.30	
3	IR77298-14-1-2-10	N stress	60 DAT	morphological	Supp 14	docx_table_16	SA	449.42	0.93	
3	IR77298-14-1-2-10	N stress	60 DAT	morphological	Supp 14	docx_table_16	AD	1.23	0.00	
3	IR77298-14-1-2-10	N stress	60 DAT	morphological	Supp 14	docx_table_16	LPV	1175.28	0.66	
3	IR77298-14-1-2-10	N stress	60 DAT	morphological	Supp 14	docx_table_16	RV	14.43	0.04	
3	IR77298-14-1-2-10	N stress	60 DAT	morphological	Supp 14	docx_table_16	TPS	4529.00	1.66	
4	PUSA1121	N stress	60 DAT	morphological	Supp 14	docx_table_16	PH	69.23	0.17	efg
4	PUSA1121	N stress	60 DAT	morphological	Supp 14	docx_table_16	TN	12.00	0.00	ab
4	PUSA1121	N stress	60 DAT	morphological	Supp 14	docx_table_16	LN	39.33	0.01	bc
4	PUSA1121	N stress	60 DAT	morphological	Supp 14	docx_table_16	TLL	17.60	0.04	d
4	PUSA1121	N stress	60 DAT	morphological	Supp 14	docx_table_16	TLW	0.60	0.00	i
4	PUSA1121	N stress	60 DAT	morphological	Supp 14	docx_table_16	BLL	27.37	0.01	abcd
4	PUSA1121	N stress	60 DAT	morphological	Supp 14	docx_table_16	BLW	0.70	0.00	d
4	PUSA1121	N stress	60 DAT	morphological	Supp 14	docx_table_16	rLL	3.55	0.00	a
4	PUSA1121	N stress	60 DAT	morphological	Supp 14	docx_table_16	rLW	1.17	0.00	bc
4	PUSA1121	N stress	60 DAT	morphological	Supp 14	docx_table_16	SFW	31.66	0.07	bc
4	PUSA1121	N stress	60 DAT	morphological	Supp 14	docx_table_16	SDW	26.53	0.03	ab
4	PUSA1121	N stress	60 DAT	morphological	Supp 14	docx_table_16	RFW	14.65	0.00	bc
4	PUSA1121	N stress	60 DAT	morphological	Supp 14	docx_table_16	RDW	10.56	0.03	ab
4	PUSA1121	N stress	60 DAT	morphological	Supp 14	docx_table_16	RL	1318.43	1.15	
4	PUSA1121	N stress	60 DAT	morphological	Supp 14	docx_table_16	PA	143.50	0.27	
4	PUSA1121	N stress	60 DAT	morphological	Supp 14	docx_table_16	SA	450.81	0.85	
4	PUSA1121	N stress	60 DAT	morphological	Supp 14	docx_table_16	AD	1.21	0.00	
4	PUSA1121	N stress	60 DAT	morphological	Supp 14	docx_table_16	LPV	1318.43	1.15	
4	PUSA1121	N stress	60 DAT	morphological	Supp 14	docx_table_16	RV	13.98	0.04	
4	PUSA1121	N stress	60 DAT	morphological	Supp 14	docx_table_16	TPS	5518.67	3.43	
5	BAM8315	N stress	60 DAT	morphological	Supp 14	docx_table_16	PH	65.50	0.10	fg
5	BAM8315	N stress	60 DAT	morphological	Supp 14	docx_table_16	TN	8.33	0.02	de
5	BAM8315	N stress	60 DAT	morphological	Supp 14	docx_table_16	LN	32.67	0.07	cdef
5	BAM8315	N stress	60 DAT	morphological	Supp 14	docx_table_16	TLL	24.93	0.03	abc
5	BAM8315	N stress	60 DAT	morphological	Supp 14	docx_table_16	TLW	0.80	0.00	def
5	BAM8315	N stress	60 DAT	morphological	Supp 14	docx_table_16	BLL	27.80	0.03	abcd
5	BAM8315	N stress	60 DAT	morphological	Supp 14	docx_table_16	BLW	1.00	0.00	a
5	BAM8315	N stress	60 DAT	morphological	Supp 14	docx_table_16	rLL	1.12	0.00	b
5	BAM8315	N stress	60 DAT	morphological	Supp 14	docx_table_16	rLW	1.25	0.00	b
5	BAM8315	N stress	60 DAT	morphological	Supp 14	docx_table_16	SFW	33.01	0.06	bc
5	BAM8315	N stress	60 DAT	morphological	Supp 14	docx_table_16	SDW	23.83	0.04	c
5	BAM8315	N stress	60 DAT	morphological	Supp 14	docx_table_16	RFW	12.17	0.03	def
5	BAM8315	N stress	60 DAT	morphological	Supp 14	docx_table_16	RDW	8.71	0.02	cd
5	BAM8315	N stress	60 DAT	morphological	Supp 14	docx_table_16	RL	1040.25	1.11	
5	BAM8315	N stress	60 DAT	morphological	Supp 14	docx_table_16	PA	165.87	0.13	
5	BAM8315	N stress	60 DAT	morphological	Supp 14	docx_table_16	SA	521.10	0.41	
5	BAM8315	N stress	60 DAT	morphological	Supp 14	docx_table_16	AD	1.63	0.00	
5	BAM8315	N stress	60 DAT	morphological	Supp 14	docx_table_16	LPV	1040.25	1.11	
5	BAM8315	N stress	60 DAT	morphological	Supp 14	docx_table_16	RV	21.19	0.02	
5	BAM8315	N stress	60 DAT	morphological	Supp 14	docx_table_16	TPS	2967.67	3.41	
6	BAM812	N stress	60 DAT	morphological	Supp 14	docx_table_16	PH	89.70	0.10	a
6	BAM812	N stress	60 DAT	morphological	Supp 14	docx_table_16	TN	7.00	0.02	ef
6	BAM812	N stress	60 DAT	morphological	Supp 14	docx_table_16	LN	27.00	0.06	fg
6	BAM812	N stress	60 DAT	morphological	Supp 14	docx_table_16	TLL	26.20	0.04	abc
6	BAM812	N stress	60 DAT	morphological	Supp 14	docx_table_16	TLW	1.00	0.00	a
6	BAM812	N stress	60 DAT	morphological	Supp 14	docx_table_16	BLL	36.07	0.03	ab
6	BAM812	N stress	60 DAT	morphological	Supp 14	docx_table_16	BLW	0.90	0.00	b
6	BAM812	N stress	60 DAT	morphological	Supp 14	docx_table_16	rLL	1.39	0.00	b
6	BAM812	N stress	60 DAT	morphological	Supp 14	docx_table_16	rLW	0.90	0.00	de
6	BAM812	N stress	60 DAT	morphological	Supp 14	docx_table_16	SFW	26.52	0.05	de
6	BAM812	N stress	60 DAT	morphological	Supp 14	docx_table_16	SDW	19.70	0.04	d
6	BAM812	N stress	60 DAT	morphological	Supp 14	docx_table_16	RFW	12.01	0.02	def
6	BAM812	N stress	60 DAT	morphological	Supp 14	docx_table_16	RDW	8.01	0.02	de
6	BAM812	N stress	60 DAT	morphological	Supp 14	docx_table_16	RL	1127.51	0.27	
6	BAM812	N stress	60 DAT	morphological	Supp 14	docx_table_16	PA	157.87	0.09	
6	BAM812	N stress	60 DAT	morphological	Supp 14	docx_table_16	SA	495.98	0.28	
6	BAM812	N stress	60 DAT	morphological	Supp 14	docx_table_16	AD	1.30	0.00	
6	BAM812	N stress	60 DAT	morphological	Supp 14	docx_table_16	LPV	1127.51	0.27	
6	BAM812	N stress	60 DAT	morphological	Supp 14	docx_table_16	RV	18.17	0.01	
6	BAM812	N stress	60 DAT	morphological	Supp 14	docx_table_16	TPS	4934.67	1.01	
7	Malchi	N stress	60 DAT	morphological	Supp 14	docx_table_16	PH	92.80	0.04	a
7	Malchi	N stress	60 DAT	morphological	Supp 14	docx_table_16	TN	6.33	0.01	f
7	Malchi	N stress	60 DAT	morphological	Supp 14	docx_table_16	LN	22.33	0.03	gh
7	Malchi	N stress	60 DAT	morphological	Supp 14	docx_table_16	TLL	28.33	0.01	ab
7	Malchi	N stress	60 DAT	morphological	Supp 14	docx_table_16	TLW	0.70	0.00	gh
7	Malchi	N stress	60 DAT	morphological	Supp 14	docx_table_16	BLL	33.90	0.01	abc
7	Malchi	N stress	60 DAT	morphological	Supp 14	docx_table_16	BLW	0.97	0.00	a
7	Malchi	N stress	60 DAT	morphological	Supp 14	docx_table_16	rLL	1.20	0.00	b
7	Malchi	N stress	60 DAT	morphological	Supp 14	docx_table_16	rLW	1.38	0.00	a
7	Malchi	N stress	60 DAT	morphological	Supp 14	docx_table_16	SFW	21.20	0.01	fg
7	Malchi	N stress	60 DAT	morphological	Supp 14	docx_table_16	SDW	16.47	0.01	e
7	Malchi	N stress	60 DAT	morphological	Supp 14	docx_table_16	RFW	8.48	0.01	g
7	Malchi	N stress	60 DAT	morphological	Supp 14	docx_table_16	RDW	9.51	0.01	gh
7	Malchi	N stress	60 DAT	morphological	Supp 14	docx_table_16	RL	718.25	0.50	
7	Malchi	N stress	60 DAT	morphological	Supp 14	docx_table_16	PA	280.70	0.10	
7	Malchi	N stress	60 DAT	morphological	Supp 14	docx_table_16	SA	343.61	0.30	
7	Malchi	N stress	60 DAT	morphological	Supp 14	docx_table_16	AD	333.01	0.00	
7	Malchi	N stress	60 DAT	morphological	Supp 14	docx_table_16	LPV	671.05	0.50	
7	Malchi	N stress	60 DAT	morphological	Supp 14	docx_table_16	RV	1503.27	0.01	
7	Malchi	N stress	60 DAT	morphological	Supp 14	docx_table_16	TPS	2984.73	1.39	
8	BAM 3690	N stress	60 DAT	morphological	Supp 14	docx_table_16	PH	74.77	0.04	cde
8	BAM 3690	N stress	60 DAT	morphological	Supp 14	docx_table_16	TN	9.00	0.01	cd
8	BAM 3690	N stress	60 DAT	morphological	Supp 14	docx_table_16	LN	31.67	0.02	def
8	BAM 3690	N stress	60 DAT	morphological	Supp 14	docx_table_16	TLL	25.10	0.01	abc
8	BAM 3690	N stress	60 DAT	morphological	Supp 14	docx_table_16	TLW	0.67	0.00	hi
8	BAM 3690	N stress	60 DAT	morphological	Supp 14	docx_table_16	BLL	27.70	0.01	abcd
8	BAM 3690	N stress	60 DAT	morphological	Supp 14	docx_table_16	BLW	0.90	0.00	b
8	BAM 3690	N stress	60 DAT	morphological	Supp 14	docx_table_16	rLL	1.11	0.00	b
8	BAM 3690	N stress	60 DAT	morphological	Supp 14	docx_table_16	rLW	1.36	0.00	a
8	BAM 3690	N stress	60 DAT	morphological	Supp 14	docx_table_16	SFW	22.70	0.03	ef
8	BAM 3690	N stress	60 DAT	morphological	Supp 14	docx_table_16	SDW	16.53	0.02	e
8	BAM 3690	N stress	60 DAT	morphological	Supp 14	docx_table_16	RFW	8.09	0.01	gh
8	BAM 3690	N stress	60 DAT	morphological	Supp 14	docx_table_16	RDW	5.81	0.01	fg
8	BAM 3690	N stress	60 DAT	morphological	Supp 14	docx_table_16	RL	1113.16	0.43	
8	BAM 3690	N stress	60 DAT	morphological	Supp 14	docx_table_16	PA	142.01	0.02	
8	BAM 3690	N stress	60 DAT	morphological	Supp 14	docx_table_16	SA	446.14	0.07	
8	BAM 3690	N stress	60 DAT	morphological	Supp 14	docx_table_16	AD	1.28	0.00	
8	BAM 3690	N stress	60 DAT	morphological	Supp 14	docx_table_16	LPV	1113.16	0.43	
8	BAM 3690	N stress	60 DAT	morphological	Supp 14	docx_table_16	RV	14.51	0.00	
8	BAM 3690	N stress	60 DAT	morphological	Supp 14	docx_table_16	TPS	3806.00	1.29	
9	BAM 4138	N stress	60 DAT	morphological	Supp 14	docx_table_16	PH	80.50	0.04	bc
9	BAM 4138	N stress	60 DAT	morphological	Supp 14	docx_table_16	TN	13.67	0.01	a
9	BAM 4138	N stress	60 DAT	morphological	Supp 14	docx_table_16	LN	50.00	0.02	a
9	BAM 4138	N stress	60 DAT	morphological	Supp 14	docx_table_16	TLL	23.70	0.01	abcd
9	BAM 4138	N stress	60 DAT	morphological	Supp 14	docx_table_16	TLW	0.60	0.00	i
9	BAM 4138	N stress	60 DAT	morphological	Supp 14	docx_table_16	BLL	29.90	0.01	abcd
9	BAM 4138	N stress	60 DAT	morphological	Supp 14	docx_table_16	BLW	0.70	0.00	d
9	BAM 4138	N stress	60 DAT	morphological	Supp 14	docx_table_16	rLL	1.29	0.00	b
9	BAM 4138	N stress	60 DAT	morphological	Supp 14	docx_table_16	rLW	1.17	0.00	bc
9	BAM 4138	N stress	60 DAT	morphological	Supp 14	docx_table_16	SFW	33.34	0.02	b
9	BAM 4138	N stress	60 DAT	morphological	Supp 14	docx_table_16	SDW	16.53	0.01	e
9	BAM 4138	N stress	60 DAT	morphological	Supp 14	docx_table_16	RFW	13.06	0.01	cde
9	BAM 4138	N stress	60 DAT	morphological	Supp 14	docx_table_16	RDW	4.91	0.01	gh
9	BAM 4138	N stress	60 DAT	morphological	Supp 14	docx_table_16	RL	907.41	0.12	
9	BAM 4138	N stress	60 DAT	morphological	Supp 14	docx_table_16	PA	157.04	0.04	
9	BAM 4138	N stress	60 DAT	morphological	Supp 14	docx_table_16	SA	493.35	0.13	
9	BAM 4138	N stress	60 DAT	morphological	Supp 14	docx_table_16	AD	1.76	0.00	
9	BAM 4138	N stress	60 DAT	morphological	Supp 14	docx_table_16	LPV	907.41	0.12	
9	BAM 4138	N stress	60 DAT	morphological	Supp 14	docx_table_16	RV	21.78	0.01	
9	BAM 4138	N stress	60 DAT	morphological	Supp 14	docx_table_16	TPS	3946.33	0.19	
10	BAM 4521	N stress	60 DAT	morphological	Supp 14	docx_table_16	PH	86.70	0.00	ab
10	BAM 4521	N stress	60 DAT	morphological	Supp 14	docx_table_16	TN	4.00	0.00	g
10	BAM 4521	N stress	60 DAT	morphological	Supp 14	docx_table_16	LN	15.33	0.01	h
10	BAM 4521	N stress	60 DAT	morphological	Supp 14	docx_table_16	TLL	28.10	0.00	ab
10	BAM 4521	N stress	60 DAT	morphological	Supp 14	docx_table_16	TLW	0.87	0.00	cde
10	BAM 4521	N stress	60 DAT	morphological	Supp 14	docx_table_16	BLL	36.50	0.00	a
10	BAM 4521	N stress	60 DAT	morphological	Supp 14	docx_table_16	BLW	1.00	0.00	a
10	BAM 4521	N stress	60 DAT	morphological	Supp 14	docx_table_16	rLL	1.31	0.00	b
10	BAM 4521	N stress	60 DAT	morphological	Supp 14	docx_table_16	rLW	1.17	0.00	bc
10	BAM 4521	N stress	60 DAT	morphological	Supp 14	docx_table_16	SFW	17.11	0.01	g
10	BAM 4521	N stress	60 DAT	morphological	Supp 14	docx_table_16	SDW	12.54	0.01	f
10	BAM 4521	N stress	60 DAT	morphological	Supp 14	docx_table_16	RFW	6.90	0.00	gh
10	BAM 4521	N stress	60 DAT	morphological	Supp 14	docx_table_16	RDW	4.23	0.00	h
10	BAM 4521	N stress	60 DAT	morphological	Supp 14	docx_table_16	RL	1210.30	0.20	
10	BAM 4521	N stress	60 DAT	morphological	Supp 14	docx_table_16	PA	179.88	0.04	
10	BAM 4521	N stress	60 DAT	morphological	Supp 14	docx_table_16	SA	565.12	0.12	
10	BAM 4521	N stress	60 DAT	morphological	Supp 14	docx_table_16	AD	1.50	0.00	
10	BAM 4521	N stress	60 DAT	morphological	Supp 14	docx_table_16	LPV	1210.30	0.20	
10	BAM 4521	N stress	60 DAT	morphological	Supp 14	docx_table_16	RV	21.98	0.01	
10	BAM 4521	N stress	60 DAT	morphological	Supp 14	docx_table_16	TPS	5124.33	0.66	
11	Black gora	N stress	60 DAT	morphological	Supp 14	docx_table_16	PH	80.73	0.02	bc
11	Black gora	N stress	60 DAT	morphological	Supp 14	docx_table_16	TN	6.33	0.00	f
11	Black gora	N stress	60 DAT	morphological	Supp 14	docx_table_16	LN	21.67	0.01	gh
11	Black gora	N stress	60 DAT	morphological	Supp 14	docx_table_16	TLL	29.67	0.01	a
11	Black gora	N stress	60 DAT	morphological	Supp 14	docx_table_16	TLW	0.90	0.00	bc
11	Black gora	N stress	60 DAT	morphological	Supp 14	docx_table_16	BLL	33.03	0.01	abc
11	Black gora	N stress	60 DAT	morphological	Supp 14	docx_table_16	BLW	0.90	0.00	b
11	Black gora	N stress	60 DAT	morphological	Supp 14	docx_table_16	rLL	1.12	0.00	b
11	Black gora	N stress	60 DAT	morphological	Supp 14	docx_table_16	rLW	1.00	0.00	d
11	Black gora	N stress	60 DAT	morphological	Supp 14	docx_table_16	SFW	17.84	0.01	g
11	Black gora	N stress	60 DAT	morphological	Supp 14	docx_table_16	SDW	12.38	0.01	f
11	Black gora	N stress	60 DAT	morphological	Supp 14	docx_table_16	RFW	6.41	0.00	h
11	Black gora	N stress	60 DAT	morphological	Supp 14	docx_table_16	RDW	4.68	0.00	gh
11	Black gora	N stress	60 DAT	morphological	Supp 14	docx_table_16	RL	1159.22	0.16	
11	Black gora	N stress	60 DAT	morphological	Supp 14	docx_table_16	PA	161.79	0.01	
11	Black gora	N stress	60 DAT	morphological	Supp 14	docx_table_16	SA	508.27	0.03	
11	Black gora	N stress	60 DAT	morphological	Supp 14	docx_table_16	AD	1.40	0.00	
11	Black gora	N stress	60 DAT	morphological	Supp 14	docx_table_16	LPV	1159.22	0.16	
11	Black gora	N stress	60 DAT	morphological	Supp 14	docx_table_16	RV	18.28	0.00	
11	Black gora	N stress	60 DAT	morphological	Supp 14	docx_table_16	TPS	4343.11	0.55	
12	Suweon	N stress	60 DAT	morphological	Supp 14	docx_table_16	PH	78.20	0.02	cd
12	Suweon	N stress	60 DAT	morphological	Supp 14	docx_table_16	TN	4.33	0.00	g
12	Suweon	N stress	60 DAT	morphological	Supp 14	docx_table_16	LN	15.67	0.01	h
12	Suweon	N stress	60 DAT	morphological	Supp 14	docx_table_16	TLL	23.23	0.01	abcd
12	Suweon	N stress	60 DAT	morphological	Supp 14	docx_table_16	TLW	0.73	0.00	fgh
12	Suweon	N stress	60 DAT	morphological	Supp 14	docx_table_16	BLL	25.67	0.01	cd
12	Suweon	N stress	60 DAT	morphological	Supp 14	docx_table_16	BLW	0.87	0.00	b
12	Suweon	N stress	60 DAT	morphological	Supp 14	docx_table_16	rLL	1.11	0.00	b
12	Suweon	N stress	60 DAT	morphological	Supp 14	docx_table_16	rLW	1.19	0.00	bc
12	Suweon	N stress	60 DAT	morphological	Supp 14	docx_table_16	SFW	19.06	0.01	fg
12	Suweon	N stress	60 DAT	morphological	Supp 14	docx_table_16	SDW	13.46	0.00	f
12	Suweon	N stress	60 DAT	morphological	Supp 14	docx_table_16	RFW	7.74	0.00	gh
12	Suweon	N stress	60 DAT	morphological	Supp 14	docx_table_16	RDW	5.54	0.00	gh
12	Suweon	N stress	60 DAT	morphological	Supp 14	docx_table_16	RL	1356.38	0.04	
12	Suweon	N stress	60 DAT	morphological	Supp 14	docx_table_16	PA	141.37	0.02	
12	Suweon	N stress	60 DAT	morphological	Supp 14	docx_table_16	SA	444.13	0.05	
12	Suweon	N stress	60 DAT	morphological	Supp 14	docx_table_16	AD	1.11	0.00	
12	Suweon	N stress	60 DAT	morphological	Supp 14	docx_table_16	LPV	1356.38	0.04	
12	Suweon	N stress	60 DAT	morphological	Supp 14	docx_table_16	RV	12.22	0.00	
12	Suweon	N stress	60 DAT	morphological	Supp 14	docx_table_16	TPS	4901.50	0.24	
13	Kunjukunju	N stress	60 DAT	morphological	Supp 14	docx_table_16	PH	67.23	0.01	fg
13	Kunjukunju	N stress	60 DAT	morphological	Supp 14	docx_table_16	TN	9.33	0.00	cd
13	Kunjukunju	N stress	60 DAT	morphological	Supp 14	docx_table_16	LN	35.67	0.00	cde
13	Kunjukunju	N stress	60 DAT	morphological	Supp 14	docx_table_16	TLL	19.80	0.00	cd
13	Kunjukunju	N stress	60 DAT	morphological	Supp 14	docx_table_16	TLW	0.83	0.00	cde
13	Kunjukunju	N stress	60 DAT	morphological	Supp 14	docx_table_16	BLL	20.60	0.00	de
13	Kunjukunju	N stress	60 DAT	morphological	Supp 14	docx_table_16	BLW	0.70	0.00	d
13	Kunjukunju	N stress	60 DAT	morphological	Supp 14	docx_table_16	rLL	1.05	0.00	b
13	Kunjukunju	N stress	60 DAT	morphological	Supp 14	docx_table_16	rLW	0.85	0.00	ef
13	Kunjukunju	N stress	60 DAT	morphological	Supp 14	docx_table_16	SFW	29.15	0.00	cd
13	Kunjukunju	N stress	60 DAT	morphological	Supp 14	docx_table_16	SDW	19.18	0.00	d
13	Kunjukunju	N stress	60 DAT	morphological	Supp 14	docx_table_16	RFW	11.08	0.00	f
13	Kunjukunju	N stress	60 DAT	morphological	Supp 14	docx_table_16	RDW	7.10	0.00	ef
13	Kunjukunju	N stress	60 DAT	morphological	Supp 14	docx_table_16	RL	713.67	0.08	
13	Kunjukunju	N stress	60 DAT	morphological	Supp 14	docx_table_16	PA	138.66	0.01	
13	Kunjukunju	N stress	60 DAT	morphological	Supp 14	docx_table_16	SA	435.61	0.05	
13	Kunjukunju	N stress	60 DAT	morphological	Supp 14	docx_table_16	AD	1.83	0.00	
13	Kunjukunju	N stress	60 DAT	morphological	Supp 14	docx_table_16	LPV	713.67	0.08	
13	Kunjukunju	N stress	60 DAT	morphological	Supp 14	docx_table_16	RV	23.26	0.00	
13	Kunjukunju	N stress	60 DAT	morphological	Supp 14	docx_table_16	TPS	3212.00	0.22	
14	Cauvery	N stress	60 DAT	morphological	Supp 14	docx_table_16	PH	68.70	0.01	efg
14	Cauvery	N stress	60 DAT	morphological	Supp 14	docx_table_16	TN	12.00	0.00	ab
14	Cauvery	N stress	60 DAT	morphological	Supp 14	docx_table_16	LN	46.00	0.00	ab
14	Cauvery	N stress	60 DAT	morphological	Supp 14	docx_table_16	TLL	24.77	0.00	abc
14	Cauvery	N stress	60 DAT	morphological	Supp 14	docx_table_16	TLW	0.90	0.00	bc
14	Cauvery	N stress	60 DAT	morphological	Supp 14	docx_table_16	BLL	15.27	0.00	e
14	Cauvery	N stress	60 DAT	morphological	Supp 14	docx_table_16	BLW	0.80	0.00	c
14	Cauvery	N stress	60 DAT	morphological	Supp 14	docx_table_16	rLL	0.61	0.00	b
14	Cauvery	N stress	60 DAT	morphological	Supp 14	docx_table_16	rLW	0.89	0.00	ef
14	Cauvery	N stress	60 DAT	morphological	Supp 14	docx_table_16	SFW	40.94	0.00	a
14	Cauvery	N stress	60 DAT	morphological	Supp 14	docx_table_16	SDW	28.41	0.00	a
14	Cauvery	N stress	60 DAT	morphological	Supp 14	docx_table_16	RFW	17.68	0.00	a
14	Cauvery	N stress	60 DAT	morphological	Supp 14	docx_table_16	RDW	10.41	0.00	ab
14	Cauvery	N stress	60 DAT	morphological	Supp 14	docx_table_16	RL	1117.59	0.06	
14	Cauvery	N stress	60 DAT	morphological	Supp 14	docx_table_16	PA	179.96	0.00	
14	Cauvery	N stress	60 DAT	morphological	Supp 14	docx_table_16	SA	565.35	0.01	
14	Cauvery	N stress	60 DAT	morphological	Supp 14	docx_table_16	AD	1.61	0.00	
14	Cauvery	N stress	60 DAT	morphological	Supp 14	docx_table_16	LPV	1117.59	0.06	
14	Cauvery	N stress	60 DAT	morphological	Supp 14	docx_table_16	RV	23.53	0.00	
14	Cauvery	N stress	60 DAT	morphological	Supp 14	docx_table_16	TPS	4439.00	0.18	
15	RPW9-4(SS1)	N stress	60 DAT	morphological	Supp 14	docx_table_16	PH	62.67	0.01	g
15	RPW9-4(SS1)	N stress	60 DAT	morphological	Supp 14	docx_table_16	TN	8.33	0.00	de
15	RPW9-4(SS1)	N stress	60 DAT	morphological	Supp 14	docx_table_16	LN	32.33	0.00	cdef
15	RPW9-4(SS1)	N stress	60 DAT	morphological	Supp 14	docx_table_16	TLL	22.17	0.00	bcd
15	RPW9-4(SS1)	N stress	60 DAT	morphological	Supp 14	docx_table_16	TLW	0.77	0.00	efg
15	RPW9-4(SS1)	N stress	60 DAT	morphological	Supp 14	docx_table_16	BLL	24.20	0.00	cde
15	RPW9-4(SS1)	N stress	60 DAT	morphological	Supp 14	docx_table_16	BLW	0.60	0.00	e
15	RPW9-4(SS1)	N stress	60 DAT	morphological	Supp 14	docx_table_16	rLL	1.12	0.00	b
15	RPW9-4(SS1)	N stress	60 DAT	morphological	Supp 14	docx_table_16	rLW	0.79	0.00	f
15	RPW9-4(SS1)	N stress	60 DAT	morphological	Supp 14	docx_table_16	SFW	32.49	0.00	bc
15	RPW9-4(SS1)	N stress	60 DAT	morphological	Supp 14	docx_table_16	SDW	28.07	0.00	a
15	RPW9-4(SS1)	N stress	60 DAT	morphological	Supp 14	docx_table_16	RFW	13.93	0.00	bcd
15	RPW9-4(SS1)	N stress	60 DAT	morphological	Supp 14	docx_table_16	RDW	10.91	0.00	a
15	RPW9-4(SS1)	N stress	60 DAT	morphological	Supp 14	docx_table_16	RL	662.22	0.02	
15	RPW9-4(SS1)	N stress	60 DAT	morphological	Supp 14	docx_table_16	PA	89.95	0.01	
15	RPW9-4(SS1)	N stress	60 DAT	morphological	Supp 14	docx_table_16	SA	282.59	0.02	
15	RPW9-4(SS1)	N stress	60 DAT	morphological	Supp 14	docx_table_16	AD	1.27	0.00	
15	RPW9-4(SS1)	N stress	60 DAT	morphological	Supp 14	docx_table_16	LPV	662.22	0.02	
15	RPW9-4(SS1)	N stress	60 DAT	morphological	Supp 14	docx_table_16	RV	10.21	0.00	
15	RPW9-4(SS1)	N stress	60 DAT	morphological	Supp 14	docx_table_16	TPS	2265.00	0.03	
1	Moroberakan	N stress	60 DAT	physiological	Supp 15	docx_table_17	Photo_TL	24.18	0.06	
1	Moroberakan	N stress	60 DAT	physiological	Supp 15	docx_table_17	Cond_TL	0.31	0.00	
1	Moroberakan	N stress	60 DAT	physiological	Supp 15	docx_table_17	Ci_TL	379.61	1.06	
1	Moroberakan	N stress	60 DAT	physiological	Supp 15	docx_table_17	Tr_TL	11.63	0.30	
1	Moroberakan	N stress	60 DAT	physiological	Supp 15	docx_table_17	Photo_BL	14.84	0.05	
1	Moroberakan	N stress	60 DAT	physiological	Supp 15	docx_table_17	Cond_BL	0.15	0.00	
1	Moroberakan	N stress	60 DAT	physiological	Supp 15	docx_table_17	Ci_BL	390.79	0.87	
1	Moroberakan	N stress	60 DAT	physiological	Supp 15	docx_table_17	Tr_BL	6.19	0.02	
1	Moroberakan	N stress	60 DAT	physiological	Supp 15	docx_table_17	CCI_TL	274.45	0.37	cd
1	Moroberakan	N stress	60 DAT	physiological	Supp 15	docx_table_17	CCI_BL	67.68	0.87	f
1	Moroberakan	N stress	60 DAT	physiological	Supp 15	docx_table_17	QY_TL	0.74	0.00	fg
1	Moroberakan	N stress	60 DAT	physiological	Supp 15	docx_table_17	QY_BL	0.70	0.00	bcde
1	Moroberakan	N stress	60 DAT	physiological	Supp 15	docx_table_17	rCCI	0.25	0.00	f
1	Moroberakan	N stress	60 DAT	physiological	Supp 15	docx_table_17	rQY	0.94	0.00	ab
1	Moroberakan	N stress	60 DAT	physiological	Supp 15	docx_table_17	dCCI	206.77	0.15	a
1	Moroberakan	N stress	60 DAT	physiological	Supp 15	docx_table_17	dQY	0.05	0.00	fg
1	Moroberakan	N stress	60 DAT	physiological	Supp 15	docx_table_17	rPhoto	0.61	0.00	
1	Moroberakan	N stress	60 DAT	physiological	Supp 15	docx_table_17	rCond	0.48	0.00	
1	Moroberakan	N stress	60 DAT	physiological	Supp 15	docx_table_17	rCi	1.03	0.01	
1	Moroberakan	N stress	60 DAT	physiological	Supp 15	docx_table_17	rTr	0.53	0.00	
2	IR83388-B-B108-3	N stress	60 DAT	physiological	Supp 15	docx_table_17	Photo_TL	21.19	0.07	
2	IR83388-B-B108-3	N stress	60 DAT	physiological	Supp 15	docx_table_17	Cond_TL	0.22	0.00	
2	IR83388-B-B108-3	N stress	60 DAT	physiological	Supp 15	docx_table_17	Ci_TL	385.89	1.50	
2	IR83388-B-B108-3	N stress	60 DAT	physiological	Supp 15	docx_table_17	Tr_TL	8.81	0.25	
2	IR83388-B-B108-3	N stress	60 DAT	physiological	Supp 15	docx_table_17	Photo_BL	11.74	0.05	
2	IR83388-B-B108-3	N stress	60 DAT	physiological	Supp 15	docx_table_17	Cond_BL	0.11	0.00	
2	IR83388-B-B108-3	N stress	60 DAT	physiological	Supp 15	docx_table_17	Ci_BL	397.19	1.60	
2	IR83388-B-B108-3	N stress	60 DAT	physiological	Supp 15	docx_table_17	Tr_BL	4.84	0.03	
2	IR83388-B-B108-3	N stress	60 DAT	physiological	Supp 15	docx_table_17	CCI_TL	302.24	1.39	bc
2	IR83388-B-B108-3	N stress	60 DAT	physiological	Supp 15	docx_table_17	CCI_BL	182.20	0.98	d
2	IR83388-B-B108-3	N stress	60 DAT	physiological	Supp 15	docx_table_17	QY_TL	0.78	0.00	bcd
2	IR83388-B-B108-3	N stress	60 DAT	physiological	Supp 15	docx_table_17	QY_BL	0.70	0.00	bc
2	IR83388-B-B108-3	N stress	60 DAT	physiological	Supp 15	docx_table_17	rCCI	0.61	0.00	de
2	IR83388-B-B108-3	N stress	60 DAT	physiological	Supp 15	docx_table_17	rQY	0.90	0.00	abcde
2	IR83388-B-B108-3	N stress	60 DAT	physiological	Supp 15	docx_table_17	dCCI	120.05	0.17	bc
2	IR83388-B-B108-3	N stress	60 DAT	physiological	Supp 15	docx_table_17	dQY	0.08	0.00	def
2	IR83388-B-B108-3	N stress	60 DAT	physiological	Supp 15	docx_table_17	rPhoto	0.55	0.00	
2	IR83388-B-B108-3	N stress	60 DAT	physiological	Supp 15	docx_table_17	rCond	0.51	0.00	
2	IR83388-B-B108-3	N stress	60 DAT	physiological	Supp 15	docx_table_17	rCi	1.03	0.00	
2	IR83388-B-B108-3	N stress	60 DAT	physiological	Supp 15	docx_table_17	rTr	0.55	0.00	
3	IR77298-14-1-2-10	N stress	60 DAT	physiological	Supp 15	docx_table_17	Photo_TL	20.50	0.06	
3	IR77298-14-1-2-10	N stress	60 DAT	physiological	Supp 15	docx_table_17	Cond_TL	0.24	0.00	
3	IR77298-14-1-2-10	N stress	60 DAT	physiological	Supp 15	docx_table_17	Ci_TL	390.41	1.30	
3	IR77298-14-1-2-10	N stress	60 DAT	physiological	Supp 15	docx_table_17	Tr_TL	9.16	0.25	
3	IR77298-14-1-2-10	N stress	60 DAT	physiological	Supp 15	docx_table_17	Photo_BL	15.34	0.01	
3	IR77298-14-1-2-10	N stress	60 DAT	physiological	Supp 15	docx_table_17	Cond_BL	0.15	0.00	
3	IR77298-14-1-2-10	N stress	60 DAT	physiological	Supp 15	docx_table_17	Ci_BL	395.06	1.35	
3	IR77298-14-1-2-10	N stress	60 DAT	physiological	Supp 15	docx_table_17	Tr_BL	6.15	0.01	
3	IR77298-14-1-2-10	N stress	60 DAT	physiological	Supp 15	docx_table_17	CCI_TL	276.67	1.17	cd
3	IR77298-14-1-2-10	N stress	60 DAT	physiological	Supp 15	docx_table_17	CCI_BL	146.03	0.88	e
3	IR77298-14-1-2-10	N stress	60 DAT	physiological	Supp 15	docx_table_17	QY_TL	0.79	0.00	abc
3	IR77298-14-1-2-10	N stress	60 DAT	physiological	Supp 15	docx_table_17	QY_BL	0.70	0.00	bcd
3	IR77298-14-1-2-10	N stress	60 DAT	physiological	Supp 15	docx_table_17	rCCI	0.53	0.00	de
3	IR77298-14-1-2-10	N stress	60 DAT	physiological	Supp 15	docx_table_17	rQY	0.88	0.00	cdef
3	IR77298-14-1-2-10	N stress	60 DAT	physiological	Supp 15	docx_table_17	dCCI	130.64	0.11	b
3	IR77298-14-1-2-10	N stress	60 DAT	physiological	Supp 15	docx_table_17	dQY	0.09	0.00	cde
3	IR77298-14-1-2-10	N stress	60 DAT	physiological	Supp 15	docx_table_17	rPhoto	0.75	0.00	
3	IR77298-14-1-2-10	N stress	60 DAT	physiological	Supp 15	docx_table_17	rCond	0.62	0.00	
3	IR77298-14-1-2-10	N stress	60 DAT	physiological	Supp 15	docx_table_17	rCi	1.01	0.00	
3	IR77298-14-1-2-10	N stress	60 DAT	physiological	Supp 15	docx_table_17	rTr	0.67	0.00	
4	PUSA1121	N stress	60 DAT	physiological	Supp 15	docx_table_17	Photo_TL	19.48	0.00	
4	PUSA1121	N stress	60 DAT	physiological	Supp 15	docx_table_17	Cond_TL	0.22	0.00	
4	PUSA1121	N stress	60 DAT	physiological	Supp 15	docx_table_17	Ci_TL	394.42	0.22	
4	PUSA1121	N stress	60 DAT	physiological	Supp 15	docx_table_17	Tr_TL	8.68	0.03	
4	PUSA1121	N stress	60 DAT	physiological	Supp 15	docx_table_17	Photo_BL	10.47	0.03	
4	PUSA1121	N stress	60 DAT	physiological	Supp 15	docx_table_17	Cond_BL	0.12	0.00	
4	PUSA1121	N stress	60 DAT	physiological	Supp 15	docx_table_17	Ci_BL	404.99	0.38	
4	PUSA1121	N stress	60 DAT	physiological	Supp 15	docx_table_17	Tr_BL	5.01	0.01	
4	PUSA1121	N stress	60 DAT	physiological	Supp 15	docx_table_17	CCI_TL	265.95	0.54	de
4	PUSA1121	N stress	60 DAT	physiological	Supp 15	docx_table_17	CCI_BL	130.89	0.06	e
4	PUSA1121	N stress	60 DAT	physiological	Supp 15	docx_table_17	QY_TL	0.76	0.00	defg
4	PUSA1121	N stress	60 DAT	physiological	Supp 15	docx_table_17	QY_BL	0.66	0.00	defg
4	PUSA1121	N stress	60 DAT	physiological	Supp 15	docx_table_17	rCCI	0.49	0.00	e
4	PUSA1121	N stress	60 DAT	physiological	Supp 15	docx_table_17	rQY	0.87	0.00	defg
4	PUSA1121	N stress	60 DAT	physiological	Supp 15	docx_table_17	dCCI	135.06	0.03	b
4	PUSA1121	N stress	60 DAT	physiological	Supp 15	docx_table_17	dQY	0.10	0.00	cd
4	PUSA1121	N stress	60 DAT	physiological	Supp 15	docx_table_17	rPhoto	0.54	0.00	
4	PUSA1121	N stress	60 DAT	physiological	Supp 15	docx_table_17	rCond	0.56	0.00	
4	PUSA1121	N stress	60 DAT	physiological	Supp 15	docx_table_17	rCi	1.03	0.00	
4	PUSA1121	N stress	60 DAT	physiological	Supp 15	docx_table_17	rTr	0.59	0.00	
5	BAM8315	N stress	60 DAT	physiological	Supp 15	docx_table_17	Photo_TL	21.90	0.04	
5	BAM8315	N stress	60 DAT	physiological	Supp 15	docx_table_17	Cond_TL	0.30	0.00	
5	BAM8315	N stress	60 DAT	physiological	Supp 15	docx_table_17	Ci_TL	391.87	0.69	
5	BAM8315	N stress	60 DAT	physiological	Supp 15	docx_table_17	Tr_TL	10.40	0.13	
5	BAM8315	N stress	60 DAT	physiological	Supp 15	docx_table_17	Photo_BL	14.43	0.02	
5	BAM8315	N stress	60 DAT	physiological	Supp 15	docx_table_17	Cond_BL	0.15	0.00	
5	BAM8315	N stress	60 DAT	physiological	Supp 15	docx_table_17	Ci_BL	400.34	0.65	
5	BAM8315	N stress	60 DAT	physiological	Supp 15	docx_table_17	Tr_BL	6.06	0.01	
5	BAM8315	N stress	60 DAT	physiological	Supp 15	docx_table_17	CCI_TL	322.63	0.44	ab
5	BAM8315	N stress	60 DAT	physiological	Supp 15	docx_table_17	CCI_BL	244.78	0.50	ab
5	BAM8315	N stress	60 DAT	physiological	Supp 15	docx_table_17	QY_TL	0.71	0.00	h
5	BAM8315	N stress	60 DAT	physiological	Supp 15	docx_table_17	QY_BL	0.67	0.00	bcdef
5	BAM8315	N stress	60 DAT	physiological	Supp 15	docx_table_17	rCCI	0.76	0.00	c
5	BAM8315	N stress	60 DAT	physiological	Supp 15	docx_table_17	rQY	0.95	0.00	a
5	BAM8315	N stress	60 DAT	physiological	Supp 15	docx_table_17	dCCI	77.84	0.07	def
5	BAM8315	N stress	60 DAT	physiological	Supp 15	docx_table_17	dQY	0.04	0.00	g
5	BAM8315	N stress	60 DAT	physiological	Supp 15	docx_table_17	rPhoto	0.66	0.00	
5	BAM8315	N stress	60 DAT	physiological	Supp 15	docx_table_17	rCond	0.51	0.00	
5	BAM8315	N stress	60 DAT	physiological	Supp 15	docx_table_17	rCi	1.02	0.00	
5	BAM8315	N stress	60 DAT	physiological	Supp 15	docx_table_17	rTr	0.58	0.00	
6	BAM812	N stress	60 DAT	physiological	Supp 15	docx_table_17	Photo_TL	22.75	0.03	
6	BAM812	N stress	60 DAT	physiological	Supp 15	docx_table_17	Cond_TL	0.35	0.00	
6	BAM812	N stress	60 DAT	physiological	Supp 15	docx_table_17	Ci_TL	393.12	0.54	
6	BAM812	N stress	60 DAT	physiological	Supp 15	docx_table_17	Tr_TL	11.65	0.11	
6	BAM812	N stress	60 DAT	physiological	Supp 15	docx_table_17	Photo_BL	10.71	0.01	
6	BAM812	N stress	60 DAT	physiological	Supp 15	docx_table_17	Cond_BL	0.12	0.00	
6	BAM812	N stress	60 DAT	physiological	Supp 15	docx_table_17	Ci_BL	406.59	0.50	
6	BAM812	N stress	60 DAT	physiological	Supp 15	docx_table_17	Tr_BL	4.67	0.00	
6	BAM812	N stress	60 DAT	physiological	Supp 15	docx_table_17	CCI_TL	234.18	0.39	e
6	BAM812	N stress	60 DAT	physiological	Supp 15	docx_table_17	CCI_BL	182.79	0.41	d
6	BAM812	N stress	60 DAT	physiological	Supp 15	docx_table_17	QY_TL	0.78	0.00	bcd
6	BAM812	N stress	60 DAT	physiological	Supp 15	docx_table_17	QY_BL	0.71	0.00	ab
6	BAM812	N stress	60 DAT	physiological	Supp 15	docx_table_17	rCCI	0.78	0.00	bc
6	BAM812	N stress	60 DAT	physiological	Supp 15	docx_table_17	rQY	0.91	0.00	abcd
6	BAM812	N stress	60 DAT	physiological	Supp 15	docx_table_17	dCCI	51.38	0.04	fghi
6	BAM812	N stress	60 DAT	physiological	Supp 15	docx_table_17	dQY	0.07	0.00	defg
6	BAM812	N stress	60 DAT	physiological	Supp 15	docx_table_17	rPhoto	0.47	0.00	
6	BAM812	N stress	60 DAT	physiological	Supp 15	docx_table_17	rCond	0.35	0.00	
6	BAM812	N stress	60 DAT	physiological	Supp 15	docx_table_17	rCi	1.03	0.00	
6	BAM812	N stress	60 DAT	physiological	Supp 15	docx_table_17	rTr	0.40	0.00	
7	Malchi	N stress	60 DAT	physiological	Supp 15	docx_table_17	Photo_TL	13.37	0.02	
7	Malchi	N stress	60 DAT	physiological	Supp 15	docx_table_17	Cond_TL	132.06	0.00	
7	Malchi	N stress	60 DAT	physiological	Supp 15	docx_table_17	Ci_TL	262.83	0.24	
7	Malchi	N stress	60 DAT	physiological	Supp 15	docx_table_17	Tr_TL	6.73	0.05	
7	Malchi	N stress	60 DAT	physiological	Supp 15	docx_table_17	Photo_BL	4.91	0.01	
7	Malchi	N stress	60 DAT	physiological	Supp 15	docx_table_17	Cond_BL	137.65	0.00	
7	Malchi	N stress	60 DAT	physiological	Supp 15	docx_table_17	Ci_BL	272.89	0.14	
7	Malchi	N stress	60 DAT	physiological	Supp 15	docx_table_17	Tr_BL	2.44	0.00	
7	Malchi	N stress	60 DAT	physiological	Supp 15	docx_table_17	CCI_TL	247.69	0.07	de
7	Malchi	N stress	60 DAT	physiological	Supp 15	docx_table_17	CCI_BL	178.93	0.23	d
7	Malchi	N stress	60 DAT	physiological	Supp 15	docx_table_17	QY_TL	0.79	0.00	abc
7	Malchi	N stress	60 DAT	physiological	Supp 15	docx_table_17	QY_BL	0.64	0.00	fg
7	Malchi	N stress	60 DAT	physiological	Supp 15	docx_table_17	rCCI	0.72	0.00	c
7	Malchi	N stress	60 DAT	physiological	Supp 15	docx_table_17	rQY	0.82	0.00	hi
7	Malchi	N stress	60 DAT	physiological	Supp 15	docx_table_17	dCCI	68.77	0.02	efgh
7	Malchi	N stress	60 DAT	physiological	Supp 15	docx_table_17	dQY	0.14	0.00	ab
7	Malchi	N stress	60 DAT	physiological	Supp 15	docx_table_17	rPhoto	0.33	0.00	
7	Malchi	N stress	60 DAT	physiological	Supp 15	docx_table_17	rCond	0.60	0.00	
7	Malchi	N stress	60 DAT	physiological	Supp 15	docx_table_17	rCi	0.81	0.00	
7	Malchi	N stress	60 DAT	physiological	Supp 15	docx_table_17	rTr	1.58	0.00	
8	BAM 3690	N stress	60 DAT	physiological	Supp 15	docx_table_17	Photo_TL	22.80	0.01	
8	BAM 3690	N stress	60 DAT	physiological	Supp 15	docx_table_17	Cond_TL	0.30	0.00	
8	BAM 3690	N stress	60 DAT	physiological	Supp 15	docx_table_17	Ci_TL	384.35	0.23	
8	BAM 3690	N stress	60 DAT	physiological	Supp 15	docx_table_17	Tr_TL	10.85	0.04	
8	BAM 3690	N stress	60 DAT	physiological	Supp 15	docx_table_17	Photo_BL	13.79	0.01	
8	BAM 3690	N stress	60 DAT	physiological	Supp 15	docx_table_17	Cond_BL	0.13	0.00	
8	BAM 3690	N stress	60 DAT	physiological	Supp 15	docx_table_17	Ci_BL	391.66	0.26	
8	BAM 3690	N stress	60 DAT	physiological	Supp 15	docx_table_17	Tr_BL	5.69	0.00	
8	BAM 3690	N stress	60 DAT	physiological	Supp 15	docx_table_17	CCI_TL	268.88	0.20	d
8	BAM 3690	N stress	60 DAT	physiological	Supp 15	docx_table_17	CCI_BL	193.78	0.14	d
8	BAM 3690	N stress	60 DAT	physiological	Supp 15	docx_table_17	QY_TL	0.75	0.00	efg
8	BAM 3690	N stress	60 DAT	physiological	Supp 15	docx_table_17	QY_BL	0.63	0.00	g
8	BAM 3690	N stress	60 DAT	physiological	Supp 15	docx_table_17	rCCI	0.72	0.00	c
8	BAM 3690	N stress	60 DAT	physiological	Supp 15	docx_table_17	rQY	0.83	0.00	ghi
8	BAM 3690	N stress	60 DAT	physiological	Supp 15	docx_table_17	dCCI	75.11	0.02	def
8	BAM 3690	N stress	60 DAT	physiological	Supp 15	docx_table_17	dQY	0.12	0.00	bcd
8	BAM 3690	N stress	60 DAT	physiological	Supp 15	docx_table_17	rPhoto	0.61	0.00	
8	BAM 3690	N stress	60 DAT	physiological	Supp 15	docx_table_17	rCond	0.44	0.00	
8	BAM 3690	N stress	60 DAT	physiological	Supp 15	docx_table_17	rCi	1.02	0.00	
8	BAM 3690	N stress	60 DAT	physiological	Supp 15	docx_table_17	rTr	0.53	0.00	
9	BAM 4138	N stress	60 DAT	physiological	Supp 15	docx_table_17	Photo_TL	21.72	0.01	
9	BAM 4138	N stress	60 DAT	physiological	Supp 15	docx_table_17	Cond_TL	0.04	0.00	
9	BAM 4138	N stress	60 DAT	physiological	Supp 15	docx_table_17	Ci_TL	250.88	0.18	
9	BAM 4138	N stress	60 DAT	physiological	Supp 15	docx_table_17	Tr_TL	11.60	0.04	
9	BAM 4138	N stress	60 DAT	physiological	Supp 15	docx_table_17	Photo_BL	15.70	0.00	
9	BAM 4138	N stress	60 DAT	physiological	Supp 15	docx_table_17	Cond_BL	0.02	0.00	
9	BAM 4138	N stress	60 DAT	physiological	Supp 15	docx_table_17	Ci_BL	260.34	0.19	
9	BAM 4138	N stress	60 DAT	physiological	Supp 15	docx_table_17	Tr_BL	7.84	0.00	
9	BAM 4138	N stress	60 DAT	physiological	Supp 15	docx_table_17	CCI_TL	306.20	0.16	bc
9	BAM 4138	N stress	60 DAT	physiological	Supp 15	docx_table_17	CCI_BL	230.07	0.14	bc
9	BAM 4138	N stress	60 DAT	physiological	Supp 15	docx_table_17	QY_TL	0.77	0.00	cdef
9	BAM 4138	N stress	60 DAT	physiological	Supp 15	docx_table_17	QY_BL	0.66	0.00	efg
9	BAM 4138	N stress	60 DAT	physiological	Supp 15	docx_table_17	rCCI	0.75	0.00	c
9	BAM 4138	N stress	60 DAT	physiological	Supp 15	docx_table_17	rQY	0.86	0.00	efgh
9	BAM 4138	N stress	60 DAT	physiological	Supp 15	docx_table_17	dCCI	76.13	0.01	def
9	BAM 4138	N stress	60 DAT	physiological	Supp 15	docx_table_17	dQY	0.11	0.00	bcd
9	BAM 4138	N stress	60 DAT	physiological	Supp 15	docx_table_17	rPhoto	0.73	0.00	
9	BAM 4138	N stress	60 DAT	physiological	Supp 15	docx_table_17	rCond	0.67	0.00	
9	BAM 4138	N stress	60 DAT	physiological	Supp 15	docx_table_17	rCi	1.04	0.00	
9	BAM 4138	N stress	60 DAT	physiological	Supp 15	docx_table_17	rTr	0.73	0.00	
10	BAM 4521	N stress	60 DAT	physiological	Supp 15	docx_table_17	Photo_TL	23.82	0.00	
10	BAM 4521	N stress	60 DAT	physiological	Supp 15	docx_table_17	Cond_TL	0.03	0.00	
10	BAM 4521	N stress	60 DAT	physiological	Supp 15	docx_table_17	Ci_TL	244.43	0.03	
10	BAM 4521	N stress	60 DAT	physiological	Supp 15	docx_table_17	Tr_TL	9.89	0.01	
10	BAM 4521	N stress	60 DAT	physiological	Supp 15	docx_table_17	Photo_BL	15.76	0.00	
10	BAM 4521	N stress	60 DAT	physiological	Supp 15	docx_table_17	Cond_BL	0.03	0.00	
10	BAM 4521	N stress	60 DAT	physiological	Supp 15	docx_table_17	Ci_BL	266.44	0.06	
10	BAM 4521	N stress	60 DAT	physiological	Supp 15	docx_table_17	Tr_BL	8.35	0.00	
10	BAM 4521	N stress	60 DAT	physiological	Supp 15	docx_table_17	CCI_TL	326.26	0.06	ab
10	BAM 4521	N stress	60 DAT	physiological	Supp 15	docx_table_17	CCI_BL	237.19	0.05	ab
10	BAM 4521	N stress	60 DAT	physiological	Supp 15	docx_table_17	QY_TL	0.77	0.00	cdef
10	BAM 4521	N stress	60 DAT	physiological	Supp 15	docx_table_17	QY_BL	0.66	0.00	efg
10	BAM 4521	N stress	60 DAT	physiological	Supp 15	docx_table_17	rCCI	0.73	0.00	c
10	BAM 4521	N stress	60 DAT	physiological	Supp 15	docx_table_17	rQY	0.86	0.00	defgh
10	BAM 4521	N stress	60 DAT	physiological	Supp 15	docx_table_17	dCCI	89.07	0.01	cde
10	BAM 4521	N stress	60 DAT	physiological	Supp 15	docx_table_17	dQY	0.11	0.00	bcd
10	BAM 4521	N stress	60 DAT	physiological	Supp 15	docx_table_17	rPhoto	0.69	0.00	
10	BAM 4521	N stress	60 DAT	physiological	Supp 15	docx_table_17	rCond	0.89	0.00	
10	BAM 4521	N stress	60 DAT	physiological	Supp 15	docx_table_17	rCi	1.10	0.00	
10	BAM 4521	N stress	60 DAT	physiological	Supp 15	docx_table_17	rTr	0.87	0.00	
11	Black gora	N stress	60 DAT	physiological	Supp 15	docx_table_17	Photo_TL	27.61	0.00	
11	Black gora	N stress	60 DAT	physiological	Supp 15	docx_table_17	Cond_TL	0.03	0.00	
11	Black gora	N stress	60 DAT	physiological	Supp 15	docx_table_17	Ci_TL	208.13	0.10	
11	Black gora	N stress	60 DAT	physiological	Supp 15	docx_table_17	Tr_TL	11.87	0.02	
11	Black gora	N stress	60 DAT	physiological	Supp 15	docx_table_17	Photo_BL	16.32	0.00	
11	Black gora	N stress	60 DAT	physiological	Supp 15	docx_table_17	Cond_BL	0.02	0.00	
11	Black gora	N stress	60 DAT	physiological	Supp 15	docx_table_17	Ci_BL	232.70	0.10	
11	Black gora	N stress	60 DAT	physiological	Supp 15	docx_table_17	Tr_BL	9.47	0.00	
11	Black gora	N stress	60 DAT	physiological	Supp 15	docx_table_17	CCI_TL	350.01	0.07	a
11	Black gora	N stress	60 DAT	physiological	Supp 15	docx_table_17	CCI_BL	247.72	0.05	a
11	Black gora	N stress	60 DAT	physiological	Supp 15	docx_table_17	QY_TL	0.74	0.00	g
11	Black gora	N stress	60 DAT	physiological	Supp 15	docx_table_17	QY_BL	0.67	0.00	cdef
11	Black gora	N stress	60 DAT	physiological	Supp 15	docx_table_17	rCCI	0.71	0.00	c
11	Black gora	N stress	60 DAT	physiological	Supp 15	docx_table_17	rQY	0.90	0.00	abcde
11	Black gora	N stress	60 DAT	physiological	Supp 15	docx_table_17	dCCI	102.29	0.01	bcd
11	Black gora	N stress	60 DAT	physiological	Supp 15	docx_table_17	dQY	0.07	0.00	defg
11	Black gora	N stress	60 DAT	physiological	Supp 15	docx_table_17	rPhoto	0.59	0.00	
11	Black gora	N stress	60 DAT	physiological	Supp 15	docx_table_17	rCond	0.83	0.00	
11	Black gora	N stress	60 DAT	physiological	Supp 15	docx_table_17	rCi	1.30	0.00	
11	Black gora	N stress	60 DAT	physiological	Supp 15	docx_table_17	rTr	0.81	0.00	
12	Suweon	N stress	60 DAT	physiological	Supp 15	docx_table_17	Photo_TL	24.20	0.00	
12	Suweon	N stress	60 DAT	physiological	Supp 15	docx_table_17	Cond_TL	0.05	0.00	
12	Suweon	N stress	60 DAT	physiological	Supp 15	docx_table_17	Ci_TL	277.55	0.07	
12	Suweon	N stress	60 DAT	physiological	Supp 15	docx_table_17	Tr_TL	13.12	0.02	
12	Suweon	N stress	60 DAT	physiological	Supp 15	docx_table_17	Photo_BL	17.86	0.00	
12	Suweon	N stress	60 DAT	physiological	Supp 15	docx_table_17	Cond_BL	0.03	0.00	
12	Suweon	N stress	60 DAT	physiological	Supp 15	docx_table_17	Ci_BL	238.33	0.06	
12	Suweon	N stress	60 DAT	physiological	Supp 15	docx_table_17	Tr_BL	9.50	0.00	
12	Suweon	N stress	60 DAT	physiological	Supp 15	docx_table_17	CCI_TL	316.33	0.05	bc
12	Suweon	N stress	60 DAT	physiological	Supp 15	docx_table_17	CCI_BL	245.99	0.05	ab
12	Suweon	N stress	60 DAT	physiological	Supp 15	docx_table_17	QY_TL	0.81	0.00	a
12	Suweon	N stress	60 DAT	physiological	Supp 15	docx_table_17	QY_BL	0.65	0.00	fg
12	Suweon	N stress	60 DAT	physiological	Supp 15	docx_table_17	rCCI	0.78	0.00	bc
12	Suweon	N stress	60 DAT	physiological	Supp 15	docx_table_17	rQY	0.80	0.00	i
12	Suweon	N stress	60 DAT	physiological	Supp 15	docx_table_17	dCCI	70.34	0.00	defg
12	Suweon	N stress	60 DAT	physiological	Supp 15	docx_table_17	dQY	0.16	0.00	a
12	Suweon	N stress	60 DAT	physiological	Supp 15	docx_table_17	rPhoto	0.74	0.00	
12	Suweon	N stress	60 DAT	physiological	Supp 15	docx_table_17	rCond	0.61	0.00	
12	Suweon	N stress	60 DAT	physiological	Supp 15	docx_table_17	rCi	0.86	0.00	
12	Suweon	N stress	60 DAT	physiological	Supp 15	docx_table_17	rTr	0.75	0.00	
13	Kunjukunju	N stress	60 DAT	physiological	Supp 15	docx_table_17	Photo_TL	30.46	0.00	
13	Kunjukunju	N stress	60 DAT	physiological	Supp 15	docx_table_17	Cond_TL	0.07	0.00	
13	Kunjukunju	N stress	60 DAT	physiological	Supp 15	docx_table_17	Ci_TL	291.88	0.03	
13	Kunjukunju	N stress	60 DAT	physiological	Supp 15	docx_table_17	Tr_TL	15.58	0.01	
13	Kunjukunju	N stress	60 DAT	physiological	Supp 15	docx_table_17	Photo_BL	22.15	0.00	
13	Kunjukunju	N stress	60 DAT	physiological	Supp 15	docx_table_17	Cond_BL	0.06	0.00	
13	Kunjukunju	N stress	60 DAT	physiological	Supp 15	docx_table_17	Ci_BL	296.94	0.02	
13	Kunjukunju	N stress	60 DAT	physiological	Supp 15	docx_table_17	Tr_BL	13.76	0.00	
13	Kunjukunju	N stress	60 DAT	physiological	Supp 15	docx_table_17	CCI_TL	258.52	0.01	de
13	Kunjukunju	N stress	60 DAT	physiological	Supp 15	docx_table_17	CCI_BL	219.84	0.00	c
13	Kunjukunju	N stress	60 DAT	physiological	Supp 15	docx_table_17	QY_TL	0.76	0.00	defg
13	Kunjukunju	N stress	60 DAT	physiological	Supp 15	docx_table_17	QY_BL	0.63	0.00	fg
13	Kunjukunju	N stress	60 DAT	physiological	Supp 15	docx_table_17	rCCI	0.85	0.00	ab
13	Kunjukunju	N stress	60 DAT	physiological	Supp 15	docx_table_17	rQY	0.84	0.00	fghi
13	Kunjukunju	N stress	60 DAT	physiological	Supp 15	docx_table_17	dCCI	38.68	0.00	ghi
13	Kunjukunju	N stress	60 DAT	physiological	Supp 15	docx_table_17	dQY	0.12	0.00	bcd
13	Kunjukunju	N stress	60 DAT	physiological	Supp 15	docx_table_17	rPhoto	0.73	0.00	
13	Kunjukunju	N stress	60 DAT	physiological	Supp 15	docx_table_17	rCond	0.86	0.00	
13	Kunjukunju	N stress	60 DAT	physiological	Supp 15	docx_table_17	rCi	1.02	0.00	
13	Kunjukunju	N stress	60 DAT	physiological	Supp 15	docx_table_17	rTr	0.88	0.00	
14	Cauvery	N stress	60 DAT	physiological	Supp 15	docx_table_17	Photo_TL	23.03	0.00	
14	Cauvery	N stress	60 DAT	physiological	Supp 15	docx_table_17	Cond_TL	0.05	0.00	
14	Cauvery	N stress	60 DAT	physiological	Supp 15	docx_table_17	Ci_TL	307.07	0.03	
14	Cauvery	N stress	60 DAT	physiological	Supp 15	docx_table_17	Tr_TL	11.63	0.01	
14	Cauvery	N stress	60 DAT	physiological	Supp 15	docx_table_17	Photo_BL	12.72	0.00	
14	Cauvery	N stress	60 DAT	physiological	Supp 15	docx_table_17	Cond_BL	0.04	0.00	
14	Cauvery	N stress	60 DAT	physiological	Supp 15	docx_table_17	Ci_BL	315.46	0.04	
14	Cauvery	N stress	60 DAT	physiological	Supp 15	docx_table_17	Tr_BL	8.74	0.00	
14	Cauvery	N stress	60 DAT	physiological	Supp 15	docx_table_17	CCI_TL	269.45	0.03	d
14	Cauvery	N stress	60 DAT	physiological	Supp 15	docx_table_17	CCI_BL	233.64	0.03	abc
14	Cauvery	N stress	60 DAT	physiological	Supp 15	docx_table_17	QY_TL	0.80	0.00	ab
14	Cauvery	N stress	60 DAT	physiological	Supp 15	docx_table_17	QY_BL	0.74	0.00	a
14	Cauvery	N stress	60 DAT	physiological	Supp 15	docx_table_17	rCCI	0.87	0.00	a
14	Cauvery	N stress	60 DAT	physiological	Supp 15	docx_table_17	rQY	0.93	0.00	abc
14	Cauvery	N stress	60 DAT	physiological	Supp 15	docx_table_17	dCCI	35.81	0.00	hi
14	Cauvery	N stress	60 DAT	physiological	Supp 15	docx_table_17	dQY	0.06	0.00	efg
14	Cauvery	N stress	60 DAT	physiological	Supp 15	docx_table_17	rPhoto	0.55	0.00	
14	Cauvery	N stress	60 DAT	physiological	Supp 15	docx_table_17	rCond	0.69	0.00	
14	Cauvery	N stress	60 DAT	physiological	Supp 15	docx_table_17	rCi	1.03	0.00	
14	Cauvery	N stress	60 DAT	physiological	Supp 15	docx_table_17	rTr	0.75	0.00	
15	RPW9-4(SS1)	N stress	60 DAT	physiological	Supp 15	docx_table_17	Photo_TL	22.92	0.00	
15	RPW9-4(SS1)	N stress	60 DAT	physiological	Supp 15	docx_table_17	Cond_TL	0.05	0.00	
15	RPW9-4(SS1)	N stress	60 DAT	physiological	Supp 15	docx_table_17	Ci_TL	328.30	0.02	
15	RPW9-4(SS1)	N stress	60 DAT	physiological	Supp 15	docx_table_17	Tr_TL	8.47	0.01	
15	RPW9-4(SS1)	N stress	60 DAT	physiological	Supp 15	docx_table_17	Photo_BL	15.05	0.00	
15	RPW9-4(SS1)	N stress	60 DAT	physiological	Supp 15	docx_table_17	Cond_BL	0.04	0.00	
15	RPW9-4(SS1)	N stress	60 DAT	physiological	Supp 15	docx_table_17	Ci_BL	332.15	0.02	
15	RPW9-4(SS1)	N stress	60 DAT	physiological	Supp 15	docx_table_17	Tr_BL	8.27	0.00	
15	RPW9-4(SS1)	N stress	60 DAT	physiological	Supp 15	docx_table_17	CCI_TL	251.19	0.02	de
15	RPW9-4(SS1)	N stress	60 DAT	physiological	Supp 15	docx_table_17	CCI_BL	219.83	0.02	c
15	RPW9-4(SS1)	N stress	60 DAT	physiological	Supp 15	docx_table_17	QY_TL	0.77	0.00	cde
15	RPW9-4(SS1)	N stress	60 DAT	physiological	Supp 15	docx_table_17	QY_BL	0.69	0.00	bcde
15	RPW9-4(SS1)	N stress	60 DAT	physiological	Supp 15	docx_table_17	rCCI	0.87	0.00	a
15	RPW9-4(SS1)	N stress	60 DAT	physiological	Supp 15	docx_table_17	rQY	0.90	0.00	bcde
15	RPW9-4(SS1)	N stress	60 DAT	physiological	Supp 15	docx_table_17	dCCI	31.36	0.00	i
15	RPW9-4(SS1)	N stress	60 DAT	physiological	Supp 15	docx_table_17	dQY	0.08	0.00	def
15	RPW9-4(SS1)	N stress	60 DAT	physiological	Supp 15	docx_table_17	rPhoto	0.65	0.00	
15	RPW9-4(SS1)	N stress	60 DAT	physiological	Supp 15	docx_table_17	rCond	0.94	0.00	
15	RPW9-4(SS1)	N stress	60 DAT	physiological	Supp 15	docx_table_17	rCi	1.01	0.00	
15	RPW9-4(SS1)	N stress	60 DAT	physiological	Supp 15	docx_table_17	rTr	0.98	0.00	
1	Moroberakan	Control	Flag leaf	flag leaf	Supp 16	docx_table_18	FLL	29.77	1.64	bcd
1	Moroberakan	Control	Flag leaf	flag leaf	Supp 16	docx_table_18	FLW	1.10	0.05	f
1	Moroberakan	Control	Flag leaf	flag leaf	Supp 16	docx_table_18	CCI_FL	354.07	9.96	d
1	Moroberakan	Control	Flag leaf	flag leaf	Supp 16	docx_table_18	QY_FL	0.83	0.00	b
1	Moroberakan	Control	Flag leaf	flag leaf	Supp 16	docx_table_18	Photo_FL	25.85	1.25	e
1	Moroberakan	Control	Flag leaf	flag leaf	Supp 16	docx_table_18	Cond_FL	0.36	0.03	i
1	Moroberakan	Control	Flag leaf	flag leaf	Supp 16	docx_table_18	Ci_FL	301.58	0.27	k
1	Moroberakan	Control	Flag leaf	flag leaf	Supp 16	docx_table_18	Tr_FL	10.38	0.48	n
2	IR83388-B-B108-3	Control	Flag leaf	flag leaf	Supp 16	docx_table_18	FLL	30.50	7.10	abc
2	IR83388-B-B108-3	Control	Flag leaf	flag leaf	Supp 16	docx_table_18	FLW	1.70	0.50	a
2	IR83388-B-B108-3	Control	Flag leaf	flag leaf	Supp 16	docx_table_18	CCI_FL	353.04	144.86	d
2	IR83388-B-B108-3	Control	Flag leaf	flag leaf	Supp 16	docx_table_18	QY_FL	0.82	0.48	c
2	IR83388-B-B108-3	Control	Flag leaf	flag leaf	Supp 16	docx_table_18	Photo_FL	22.16	13.73	i
2	IR83388-B-B108-3	Control	Flag leaf	flag leaf	Supp 16	docx_table_18	Cond_FL	0.37	0.40	h
2	IR83388-B-B108-3	Control	Flag leaf	flag leaf	Supp 16	docx_table_18	Ci_FL	318.83	203.52	h
2	IR83388-B-B108-3	Control	Flag leaf	flag leaf	Supp 16	docx_table_18	Tr_FL	11.54	10.02	l
3	IR77298-14-1-2-10	Control	Flag leaf	flag leaf	Supp 16	docx_table_18	FLL	28.83	6.84	bcd
3	IR77298-14-1-2-10	Control	Flag leaf	flag leaf	Supp 16	docx_table_18	FLW	1.20	0.44	e
3	IR77298-14-1-2-10	Control	Flag leaf	flag leaf	Supp 16	docx_table_18	CCI_FL	337.72	127.38	e
3	IR77298-14-1-2-10	Control	Flag leaf	flag leaf	Supp 16	docx_table_18	QY_FL	0.83	0.42	b
3	IR77298-14-1-2-10	Control	Flag leaf	flag leaf	Supp 16	docx_table_18	Photo_FL	29.83	11.32	c
3	IR77298-14-1-2-10	Control	Flag leaf	flag leaf	Supp 16	docx_table_18	Cond_FL	0.66	0.34	b
3	IR77298-14-1-2-10	Control	Flag leaf	flag leaf	Supp 16	docx_table_18	Ci_FL	332.61	176.87	c
3	IR77298-14-1-2-10	Control	Flag leaf	flag leaf	Supp 16	docx_table_18	Tr_FL	15.33	8.49	g
4	PUSA1121	Control	Flag leaf	flag leaf	Supp 16	docx_table_18	FLL	27.60	3.08	cd
4	PUSA1121	Control	Flag leaf	flag leaf	Supp 16	docx_table_18	FLW	1.50	0.25	b
4	PUSA1121	Control	Flag leaf	flag leaf	Supp 16	docx_table_18	CCI_FL	270.57	73.36	h
4	PUSA1121	Control	Flag leaf	flag leaf	Supp 16	docx_table_18	QY_FL	0.84	0.26	a
4	PUSA1121	Control	Flag leaf	flag leaf	Supp 16	docx_table_18	Photo_FL	24.48	6.62	g
4	PUSA1121	Control	Flag leaf	flag leaf	Supp 16	docx_table_18	Cond_FL	0.43	0.20	f
4	PUSA1121	Control	Flag leaf	flag leaf	Supp 16	docx_table_18	Ci_FL	319.83	110.46	g
4	PUSA1121	Control	Flag leaf	flag leaf	Supp 16	docx_table_18	Tr_FL	13.58	5.12	i
5	BAM8315	Control	Flag leaf	flag leaf	Supp 16	docx_table_18	FLL	28.03	2.25	cd
5	BAM8315	Control	Flag leaf	flag leaf	Supp 16	docx_table_18	FLW	1.30	0.13	d
5	BAM8315	Control	Flag leaf	flag leaf	Supp 16	docx_table_18	CCI_FL	318.44	37.27	f
5	BAM8315	Control	Flag leaf	flag leaf	Supp 16	docx_table_18	QY_FL	0.83	0.11	b
5	BAM8315	Control	Flag leaf	flag leaf	Supp 16	docx_table_18	Photo_FL	24.40	3.62	g
5	BAM8315	Control	Flag leaf	flag leaf	Supp 16	docx_table_18	Cond_FL	0.66	0.10	b
5	BAM8315	Control	Flag leaf	flag leaf	Supp 16	docx_table_18	Ci_FL	351.16	47.92	a
5	BAM8315	Control	Flag leaf	flag leaf	Supp 16	docx_table_18	Tr_FL	15.50	2.51	e
6	BAM812	Control	Flag leaf	flag leaf	Supp 16	docx_table_18	FLL	33.80	2.44	a
6	BAM812	Control	Flag leaf	flag leaf	Supp 16	docx_table_18	FLW	1.70	0.16	a
6	BAM812	Control	Flag leaf	flag leaf	Supp 16	docx_table_18	CCI_FL	305.68	45.35	g
6	BAM812	Control	Flag leaf	flag leaf	Supp 16	docx_table_18	QY_FL	0.81	0.15	d
6	BAM812	Control	Flag leaf	flag leaf	Supp 16	docx_table_18	Photo_FL	20.86	3.88	j
6	BAM812	Control	Flag leaf	flag leaf	Supp 16	docx_table_18	Cond_FL	0.39	0.12	g
6	BAM812	Control	Flag leaf	flag leaf	Supp 16	docx_table_18	Ci_FL	329.03	64.48	d
6	BAM812	Control	Flag leaf	flag leaf	Supp 16	docx_table_18	Tr_FL	11.22	3.00	m
7	Malchi	Control	Flag leaf	flag leaf	Supp 16	docx_table_18	FLL	26.47	0.44	d
7	Malchi	Control	Flag leaf	flag leaf	Supp 16	docx_table_18	FLW	1.30	0.06	d
7	Malchi	Control	Flag leaf	flag leaf	Supp 16	docx_table_18	CCI_FL	335.15	18.94	e
7	Malchi	Control	Flag leaf	flag leaf	Supp 16	docx_table_18	QY_FL	0.82	0.08	c
7	Malchi	Control	Flag leaf	flag leaf	Supp 16	docx_table_18	Photo_FL	16.84	1.66	l
7	Malchi	Control	Flag leaf	flag leaf	Supp 16	docx_table_18	Cond_FL	0.29	0.05	l
7	Malchi	Control	Flag leaf	flag leaf	Supp 16	docx_table_18	Ci_FL	322.44	32.40	f
7	Malchi	Control	Flag leaf	flag leaf	Supp 16	docx_table_18	Tr_FL	10.09	1.39	o
8	BAM 3690	Control	Flag leaf	flag leaf	Supp 16	docx_table_18	FLL	21.83	1.11	e
8	BAM 3690	Control	Flag leaf	flag leaf	Supp 16	docx_table_18	FLW	1.10	0.05	f
8	BAM 3690	Control	Flag leaf	flag leaf	Supp 16	docx_table_18	CCI_FL	366.13	13.53	c
8	BAM 3690	Control	Flag leaf	flag leaf	Supp 16	docx_table_18	QY_FL	0.81	0.04	d
8	BAM 3690	Control	Flag leaf	flag leaf	Supp 16	docx_table_18	Photo_FL	29.35	1.21	h
8	BAM 3690	Control	Flag leaf	flag leaf	Supp 16	docx_table_18	Cond_FL	0.56	0.03	e
8	BAM 3690	Control	Flag leaf	flag leaf	Supp 16	docx_table_18	Ci_FL	320.12	16.04	g
8	BAM 3690	Control	Flag leaf	flag leaf	Supp 16	docx_table_18	Tr_FL	15.44	0.82	f
9	BAM 4138	Control	Flag leaf	flag leaf	Supp 16	docx_table_18	FLL	34.20	1.02	a
9	BAM 4138	Control	Flag leaf	flag leaf	Supp 16	docx_table_18	FLW	1.30	0.06	d
9	BAM 4138	Control	Flag leaf	flag leaf	Supp 16	docx_table_18	CCI_FL	397.54	17.03	b
9	BAM 4138	Control	Flag leaf	flag leaf	Supp 16	docx_table_18	QY_FL	0.81	0.06	d
9	BAM 4138	Control	Flag leaf	flag leaf	Supp 16	docx_table_18	Photo_FL	34.51	1.43	d
9	BAM 4138	Control	Flag leaf	flag leaf	Supp 16	docx_table_18	Cond_FL	0.62	0.04	d
9	BAM 4138	Control	Flag leaf	flag leaf	Supp 16	docx_table_18	Ci_FL	315.30	24.64	i
9	BAM 4138	Control	Flag leaf	flag leaf	Supp 16	docx_table_18	Tr_FL	17.77	1.13	c
10	BAM 4521	Control	Flag leaf	flag leaf	Supp 16	docx_table_18	FLL	31.23	0.37	abc
10	BAM 4521	Control	Flag leaf	flag leaf	Supp 16	docx_table_18	FLW	1.30	0.00	d
10	BAM 4521	Control	Flag leaf	flag leaf	Supp 16	docx_table_18	CCI_FL	364.13	2.74	c
10	BAM 4521	Control	Flag leaf	flag leaf	Supp 16	docx_table_18	QY_FL	0.81	0.02	d
10	BAM 4521	Control	Flag leaf	flag leaf	Supp 16	docx_table_18	Photo_FL	22.66	0.23	a
10	BAM 4521	Control	Flag leaf	flag leaf	Supp 16	docx_table_18	Cond_FL	0.32	0.01	j
10	BAM 4521	Control	Flag leaf	flag leaf	Supp 16	docx_table_18	Ci_FL	296.18	8.18	m
10	BAM 4521	Control	Flag leaf	flag leaf	Supp 16	docx_table_18	Tr_FL	12.32	0.28	k
11	Black gora	Control	Flag leaf	flag leaf	Supp 16	docx_table_18	FLL	29.57	0.41	bcd
11	Black gora	Control	Flag leaf	flag leaf	Supp 16	docx_table_18	FLW	1.20	0.03	e
11	Black gora	Control	Flag leaf	flag leaf	Supp 16	docx_table_18	CCI_FL	369.61	7.45	c
11	Black gora	Control	Flag leaf	flag leaf	Supp 16	docx_table_18	QY_FL	0.82	0.02	c
11	Black gora	Control	Flag leaf	flag leaf	Supp 16	docx_table_18	Photo_FL	32.98	0.64	b
11	Black gora	Control	Flag leaf	flag leaf	Supp 16	docx_table_18	Cond_FL	0.63	0.02	c
11	Black gora	Control	Flag leaf	flag leaf	Supp 16	docx_table_18	Ci_FL	313.79	8.23	j
11	Black gora	Control	Flag leaf	flag leaf	Supp 16	docx_table_18	Tr_FL	18.60	0.43	b
12	Suweon	Control	Flag leaf	flag leaf	Supp 16	docx_table_18	FLL	32.33	0.37	ab
12	Suweon	Control	Flag leaf	flag leaf	Supp 16	docx_table_18	FLW	1.40	0.03	c
12	Suweon	Control	Flag leaf	flag leaf	Supp 16	docx_table_18	CCI_FL	349.49	7.28	d
12	Suweon	Control	Flag leaf	flag leaf	Supp 16	docx_table_18	QY_FL	0.81	0.02	d
12	Suweon	Control	Flag leaf	flag leaf	Supp 16	docx_table_18	Photo_FL	20.73	0.61	j
12	Suweon	Control	Flag leaf	flag leaf	Supp 16	docx_table_18	Cond_FL	0.31	0.02	k
12	Suweon	Control	Flag leaf	flag leaf	Supp 16	docx_table_18	Ci_FL	297.27	9.49	l
12	Suweon	Control	Flag leaf	flag leaf	Supp 16	docx_table_18	Tr_FL	12.39	0.45	j
13	Kunjukunju	Control	Flag leaf	flag leaf	Supp 16	docx_table_18	FLL	15.83	0.02	f
13	Kunjukunju	Control	Flag leaf	flag leaf	Supp 16	docx_table_18	FLW	1.00	0.01	g
13	Kunjukunju	Control	Flag leaf	flag leaf	Supp 16	docx_table_18	CCI_FL	453.44	2.67	a
13	Kunjukunju	Control	Flag leaf	flag leaf	Supp 16	docx_table_18	QY_FL	0.82	0.00	c
13	Kunjukunju	Control	Flag leaf	flag leaf	Supp 16	docx_table_18	Photo_FL	25.65	0.23	f
13	Kunjukunju	Control	Flag leaf	flag leaf	Supp 16	docx_table_18	Cond_FL	0.71	0.01	a
13	Kunjukunju	Control	Flag leaf	flag leaf	Supp 16	docx_table_18	Ci_FL	344.24	0.74	b
13	Kunjukunju	Control	Flag leaf	flag leaf	Supp 16	docx_table_18	Tr_FL	20.00	0.09	a
14	Cauvery	Control	Flag leaf	flag leaf	Supp 16	docx_table_18	FLL	21.60	0.21	e
14	Cauvery	Control	Flag leaf	flag leaf	Supp 16	docx_table_18	FLW	1.10	0.01	f
14	Cauvery	Control	Flag leaf	flag leaf	Supp 16	docx_table_18	CCI_FL	398.98	2.71	b
14	Cauvery	Control	Flag leaf	flag leaf	Supp 16	docx_table_18	QY_FL	0.84	0.01	a
14	Cauvery	Control	Flag leaf	flag leaf	Supp 16	docx_table_18	Photo_FL	25.70	0.23	ef
14	Cauvery	Control	Flag leaf	flag leaf	Supp 16	docx_table_18	Cond_FL	0.56	0.01	e
14	Cauvery	Control	Flag leaf	flag leaf	Supp 16	docx_table_18	Ci_FL	325.08	4.73	e
14	Cauvery	Control	Flag leaf	flag leaf	Supp 16	docx_table_18	Tr_FL	17.53	0.20	d
15	RPW9-4(SS1)	Control	Flag leaf	flag leaf	Supp 16	docx_table_18	FLL	21.67	0.17	e
15	RPW9-4(SS1)	Control	Flag leaf	flag leaf	Supp 16	docx_table_18	FLW	1.20	0.01	e
15	RPW9-4(SS1)	Control	Flag leaf	flag leaf	Supp 16	docx_table_18	CCI_FL	352.56	2.65	d
15	RPW9-4(SS1)	Control	Flag leaf	flag leaf	Supp 16	docx_table_18	QY_FL	0.83	0.01	b
15	RPW9-4(SS1)	Control	Flag leaf	flag leaf	Supp 16	docx_table_18	Photo_FL	20.55	0.22	k
15	RPW9-4(SS1)	Control	Flag leaf	flag leaf	Supp 16	docx_table_18	Cond_FL	0.32	0.01	j
15	RPW9-4(SS1)	Control	Flag leaf	flag leaf	Supp 16	docx_table_18	Ci_FL	295.99	4.38	m
15	RPW9-4(SS1)	Control	Flag leaf	flag leaf	Supp 16	docx_table_18	Tr_FL	13.64	0.18	h
1	Moroberakan	N stress	Flag leaf	flag leaf	Supp 17	docx_table_19	FLL	14.63	0.10	
1	Moroberakan	N stress	Flag leaf	flag leaf	Supp 17	docx_table_19	FLW	0.97	0.00	
1	Moroberakan	N stress	Flag leaf	flag leaf	Supp 17	docx_table_19	CCI_FL	288.26	0.03	
1	Moroberakan	N stress	Flag leaf	flag leaf	Supp 17	docx_table_19	QY_FL	0.81	0.01	
1	Moroberakan	N stress	Flag leaf	flag leaf	Supp 17	docx_table_19	Photo_FL	20.07	0.01	
1	Moroberakan	N stress	Flag leaf	flag leaf	Supp 17	docx_table_19	Cond_FL	0.32	0.00	
1	Moroberakan	N stress	Flag leaf	flag leaf	Supp 17	docx_table_19	Ci_FL	299.50	2.21	
1	Moroberakan	N stress	Flag leaf	flag leaf	Supp 17	docx_table_19	Tr_FL	13.09	0.06	
2	IR83388-B-B108-3	N stress	Flag leaf	flag leaf	Supp 17	docx_table_19	FLL	15.53	0.06	
2	IR83388-B-B108-3	N stress	Flag leaf	flag leaf	Supp 17	docx_table_19	FLW	1.00	0.00	
2	IR83388-B-B108-3	N stress	Flag leaf	flag leaf	Supp 17	docx_table_19	CCI_FL	270.58	1.53	
2	IR83388-B-B108-3	N stress	Flag leaf	flag leaf	Supp 17	docx_table_19	QY_FL	0.83	0.00	
2	IR83388-B-B108-3	N stress	Flag leaf	flag leaf	Supp 17	docx_table_19	Photo_FL	21.53	0.13	
2	IR83388-B-B108-3	N stress	Flag leaf	flag leaf	Supp 17	docx_table_19	Cond_FL	0.29	0.00	
2	IR83388-B-B108-3	N stress	Flag leaf	flag leaf	Supp 17	docx_table_19	Ci_FL	282.02	1.37	
2	IR83388-B-B108-3	N stress	Flag leaf	flag leaf	Supp 17	docx_table_19	Tr_FL	13.21	0.08	
3	IR77298-14-1-2-10	N stress	Flag leaf	flag leaf	Supp 17	docx_table_19	FLL	22.30	0.06	
3	IR77298-14-1-2-10	N stress	Flag leaf	flag leaf	Supp 17	docx_table_19	FLW	0.80	0.00	
3	IR77298-14-1-2-10	N stress	Flag leaf	flag leaf	Supp 17	docx_table_19	CCI_FL	266.61	1.31	
3	IR77298-14-1-2-10	N stress	Flag leaf	flag leaf	Supp 17	docx_table_19	QY_FL	0.82	0.00	
3	IR77298-14-1-2-10	N stress	Flag leaf	flag leaf	Supp 17	docx_table_19	Photo_FL	15.52	0.11	
3	IR77298-14-1-2-10	N stress	Flag leaf	flag leaf	Supp 17	docx_table_19	Cond_FL	0.27	0.00	
3	IR77298-14-1-2-10	N stress	Flag leaf	flag leaf	Supp 17	docx_table_19	Ci_FL	316.14	1.55	
3	IR77298-14-1-2-10	N stress	Flag leaf	flag leaf	Supp 17	docx_table_19	Tr_FL	11.33	0.07	
4	PUSA1121	N stress	Flag leaf	flag leaf	Supp 17	docx_table_19	FLL	15.47	0.02	
4	PUSA1121	N stress	Flag leaf	flag leaf	Supp 17	docx_table_19	FLW	0.70	0.00	
4	PUSA1121	N stress	Flag leaf	flag leaf	Supp 17	docx_table_19	CCI_FL	249.39	0.81	
4	PUSA1121	N stress	Flag leaf	flag leaf	Supp 17	docx_table_19	QY_FL	0.83	0.00	
4	PUSA1121	N stress	Flag leaf	flag leaf	Supp 17	docx_table_19	Photo_FL	16.99	0.06	
4	PUSA1121	N stress	Flag leaf	flag leaf	Supp 17	docx_table_19	Cond_FL	0.25	0.00	
4	PUSA1121	N stress	Flag leaf	flag leaf	Supp 17	docx_table_19	Ci_FL	300.98	0.44	
4	PUSA1121	N stress	Flag leaf	flag leaf	Supp 17	docx_table_19	Tr_FL	10.94	0.01	
5	BAM8315	N stress	Flag leaf	flag leaf	Supp 17	docx_table_19	FLL	19.37	0.02	
5	BAM8315	N stress	Flag leaf	flag leaf	Supp 17	docx_table_19	FLW	1.00	0.00	
5	BAM8315	N stress	Flag leaf	flag leaf	Supp 17	docx_table_19	CCI_FL	283.36	0.37	
5	BAM8315	N stress	Flag leaf	flag leaf	Supp 17	docx_table_19	QY_FL	0.80	0.00	
5	BAM8315	N stress	Flag leaf	flag leaf	Supp 17	docx_table_19	Photo_FL	17.56	0.03	
5	BAM8315	N stress	Flag leaf	flag leaf	Supp 17	docx_table_19	Cond_FL	0.24	0.00	
5	BAM8315	N stress	Flag leaf	flag leaf	Supp 17	docx_table_19	Ci_FL	291.92	0.60	
5	BAM8315	N stress	Flag leaf	flag leaf	Supp 17	docx_table_19	Tr_FL	10.08	0.04	
6	BAM812	N stress	Flag leaf	flag leaf	Supp 17	docx_table_19	FLL	11.33	0.02	
6	BAM812	N stress	Flag leaf	flag leaf	Supp 17	docx_table_19	FLW	0.90	0.00	
6	BAM812	N stress	Flag leaf	flag leaf	Supp 17	docx_table_19	CCI_FL	271.69	0.47	
6	BAM812	N stress	Flag leaf	flag leaf	Supp 17	docx_table_19	QY_FL	0.83	0.00	
6	BAM812	N stress	Flag leaf	flag leaf	Supp 17	docx_table_19	Photo_FL	17.81	0.04	
6	BAM812	N stress	Flag leaf	flag leaf	Supp 17	docx_table_19	Cond_FL	0.21	0.00	
6	BAM812	N stress	Flag leaf	flag leaf	Supp 17	docx_table_19	Ci_FL	274.82	0.60	
6	BAM812	N stress	Flag leaf	flag leaf	Supp 17	docx_table_19	Tr_FL	8.62	0.03	
7	Malchi	N stress	Flag leaf	flag leaf	Supp 17	docx_table_19	FLL	15.83	0.00	
7	Malchi	N stress	Flag leaf	flag leaf	Supp 17	docx_table_19	FLW	92.51	0.00	
7	Malchi	N stress	Flag leaf	flag leaf	Supp 17	docx_table_19	CCI_FL	176.69	0.23	
7	Malchi	N stress	Flag leaf	flag leaf	Supp 17	docx_table_19	QY_FL	5.77	0.00	
7	Malchi	N stress	Flag leaf	flag leaf	Supp 17	docx_table_19	Photo_FL	10.55	0.02	
7	Malchi	N stress	Flag leaf	flag leaf	Supp 17	docx_table_19	Cond_FL	100.61	0.00	
7	Malchi	N stress	Flag leaf	flag leaf	Supp 17	docx_table_19	Ci_FL	203.90	0.09	
7	Malchi	N stress	Flag leaf	flag leaf	Supp 17	docx_table_19	Tr_FL	7.23	0.01	
8	BAM 3690	N stress	Flag leaf	flag leaf	Supp 17	docx_table_19	FLL	15.50	0.01	
8	BAM 3690	N stress	Flag leaf	flag leaf	Supp 17	docx_table_19	FLW	0.90	0.00	
8	BAM 3690	N stress	Flag leaf	flag leaf	Supp 17	docx_table_19	CCI_FL	325.78	0.12	
8	BAM 3690	N stress	Flag leaf	flag leaf	Supp 17	docx_table_19	QY_FL	0.81	0.00	
8	BAM 3690	N stress	Flag leaf	flag leaf	Supp 17	docx_table_19	Photo_FL	22.45	0.01	
8	BAM 3690	N stress	Flag leaf	flag leaf	Supp 17	docx_table_19	Cond_FL	0.29	0.00	
8	BAM 3690	N stress	Flag leaf	flag leaf	Supp 17	docx_table_19	Ci_FL	288.62	0.29	
8	BAM 3690	N stress	Flag leaf	flag leaf	Supp 17	docx_table_19	Tr_FL	10.33	0.01	
9	BAM 4138	N stress	Flag leaf	flag leaf	Supp 17	docx_table_19	FLL	19.57	0.01	
9	BAM 4138	N stress	Flag leaf	flag leaf	Supp 17	docx_table_19	FLW	0.73	0.00	
9	BAM 4138	N stress	Flag leaf	flag leaf	Supp 17	docx_table_19	CCI_FL	287.77	0.18	
9	BAM 4138	N stress	Flag leaf	flag leaf	Supp 17	docx_table_19	QY_FL	0.81	0.00	
9	BAM 4138	N stress	Flag leaf	flag leaf	Supp 17	docx_table_19	Photo_FL	24.49	0.01	
9	BAM 4138	N stress	Flag leaf	flag leaf	Supp 17	docx_table_19	Cond_FL	0.43	0.00	
9	BAM 4138	N stress	Flag leaf	flag leaf	Supp 17	docx_table_19	Ci_FL	319.22	0.26	
9	BAM 4138	N stress	Flag leaf	flag leaf	Supp 17	docx_table_19	Tr_FL	14.04	0.01	
10	BAM 4521	N stress	Flag leaf	flag leaf	Supp 17	docx_table_19	FLL	22.53	0.00	
10	BAM 4521	N stress	Flag leaf	flag leaf	Supp 17	docx_table_19	FLW	1.00	0.00	
10	BAM 4521	N stress	Flag leaf	flag leaf	Supp 17	docx_table_19	CCI_FL	248.22	0.05	
10	BAM 4521	N stress	Flag leaf	flag leaf	Supp 17	docx_table_19	QY_FL	0.82	0.00	
10	BAM 4521	N stress	Flag leaf	flag leaf	Supp 17	docx_table_19	Photo_FL	18.79	0.00	
10	BAM 4521	N stress	Flag leaf	flag leaf	Supp 17	docx_table_19	Cond_FL	0.32	0.00	
10	BAM 4521	N stress	Flag leaf	flag leaf	Supp 17	docx_table_19	Ci_FL	320.36	0.11	
10	BAM 4521	N stress	Flag leaf	flag leaf	Supp 17	docx_table_19	Tr_FL	10.41	0.00	
11	Black gora	N stress	Flag leaf	flag leaf	Supp 17	docx_table_19	FLL	15.13	0.00	
11	Black gora	N stress	Flag leaf	flag leaf	Supp 17	docx_table_19	FLW	0.90	0.00	
11	Black gora	N stress	Flag leaf	flag leaf	Supp 17	docx_table_19	CCI_FL	304.59	0.06	
11	Black gora	N stress	Flag leaf	flag leaf	Supp 17	docx_table_19	QY_FL	0.82	0.00	
11	Black gora	N stress	Flag leaf	flag leaf	Supp 17	docx_table_19	Photo_FL	17.59	0.01	
11	Black gora	N stress	Flag leaf	flag leaf	Supp 17	docx_table_19	Cond_FL	0.33	0.00	
11	Black gora	N stress	Flag leaf	flag leaf	Supp 17	docx_table_19	Ci_FL	327.87	0.10	
11	Black gora	N stress	Flag leaf	flag leaf	Supp 17	docx_table_19	Tr_FL	10.49	0.00	
12	Suweon	N stress	Flag leaf	flag leaf	Supp 17	docx_table_19	FLL	18.50	0.00	
12	Suweon	N stress	Flag leaf	flag leaf	Supp 17	docx_table_19	FLW	0.87	0.00	
12	Suweon	N stress	Flag leaf	flag leaf	Supp 17	docx_table_19	CCI_FL	331.50	0.07	
12	Suweon	N stress	Flag leaf	flag leaf	Supp 17	docx_table_19	QY_FL	0.82	0.00	
12	Suweon	N stress	Flag leaf	flag leaf	Supp 17	docx_table_19	Photo_FL	17.39	0.01	
12	Suweon	N stress	Flag leaf	flag leaf	Supp 17	docx_table_19	Cond_FL	0.32	0.00	
12	Suweon	N stress	Flag leaf	flag leaf	Supp 17	docx_table_19	Ci_FL	327.73	0.09	
12	Suweon	N stress	Flag leaf	flag leaf	Supp 17	docx_table_19	Tr_FL	10.42	0.00	
13	Kunjukunju	N stress	Flag leaf	flag leaf	Supp 17	docx_table_19	FLL	13.07	0.00	
13	Kunjukunju	N stress	Flag leaf	flag leaf	Supp 17	docx_table_19	FLW	0.80	0.00	
13	Kunjukunju	N stress	Flag leaf	flag leaf	Supp 17	docx_table_19	CCI_FL	258.08	0.01	
13	Kunjukunju	N stress	Flag leaf	flag leaf	Supp 17	docx_table_19	QY_FL	0.82	0.00	
13	Kunjukunju	N stress	Flag leaf	flag leaf	Supp 17	docx_table_19	Photo_FL	23.50	0.00	
13	Kunjukunju	N stress	Flag leaf	flag leaf	Supp 17	docx_table_19	Cond_FL	0.35	0.00	
13	Kunjukunju	N stress	Flag leaf	flag leaf	Supp 17	docx_table_19	Ci_FL	299.46	0.01	
13	Kunjukunju	N stress	Flag leaf	flag leaf	Supp 17	docx_table_19	Tr_FL	11.94	0.00	
14	Cauvery	N stress	Flag leaf	flag leaf	Supp 17	docx_table_19	FLL	15.00	0.00	
14	Cauvery	N stress	Flag leaf	flag leaf	Supp 17	docx_table_19	FLW	0.80	0.00	
14	Cauvery	N stress	Flag leaf	flag leaf	Supp 17	docx_table_19	CCI_FL	302.99	0.03	
14	Cauvery	N stress	Flag leaf	flag leaf	Supp 17	docx_table_19	QY_FL	0.83	0.00	
14	Cauvery	N stress	Flag leaf	flag leaf	Supp 17	docx_table_19	Photo_FL	18.63	0.00	
14	Cauvery	N stress	Flag leaf	flag leaf	Supp 17	docx_table_19	Cond_FL	0.73	0.00	
14	Cauvery	N stress	Flag leaf	flag leaf	Supp 17	docx_table_19	Ci_FL	373.11	0.05	
14	Cauvery	N stress	Flag leaf	flag leaf	Supp 17	docx_table_19	Tr_FL	17.87	0.00	
15	RPW9-4(SS1)	N stress	Flag leaf	flag leaf	Supp 17	docx_table_19	FLL	14.20	0.00	
15	RPW9-4(SS1)	N stress	Flag leaf	flag leaf	Supp 17	docx_table_19	FLW	0.97	0.00	
15	RPW9-4(SS1)	N stress	Flag leaf	flag leaf	Supp 17	docx_table_19	CCI_FL	252.35	0.03	
15	RPW9-4(SS1)	N stress	Flag leaf	flag leaf	Supp 17	docx_table_19	QY_FL	0.84	0.00	
15	RPW9-4(SS1)	N stress	Flag leaf	flag leaf	Supp 17	docx_table_19	Photo_FL	25.99	0.00	
15	RPW9-4(SS1)	N stress	Flag leaf	flag leaf	Supp 17	docx_table_19	Cond_FL	0.75	0.00	
15	RPW9-4(SS1)	N stress	Flag leaf	flag leaf	Supp 17	docx_table_19	Ci_FL	353.09	0.04	
15	RPW9-4(SS1)	N stress	Flag leaf	flag leaf	Supp 17	docx_table_19	Tr_FL	18.25	0.00	
1	Moroberakan	Control	End of season	growth and yield	Supp 18	docx_table_20	DTB	85.00	1.85	k
1	Moroberakan	Control	End of season	growth and yield	Supp 18	docx_table_20	DTH	90.00	2.23	f
1	Moroberakan	Control	End of season	growth and yield	Supp 18	docx_table_20	DTM	121.00	2.24	
1	Moroberakan	Control	End of season	growth and yield	Supp 18	docx_table_20	PH	106.33	2.53	
1	Moroberakan	Control	End of season	growth and yield	Supp 18	docx_table_20	TN	19.00	1.15	
1	Moroberakan	Control	End of season	growth and yield	Supp 18	docx_table_20	PT	12.33	0.61	
1	Moroberakan	Control	End of season	growth and yield	Supp 18	docx_table_20	SFW	48.80	0.47	
1	Moroberakan	Control	End of season	growth and yield	Supp 18	docx_table_20	SDW	32.05	0.79	
1	Moroberakan	Control	End of season	growth and yield	Supp 18	docx_table_20	GWPP	16.96	0.41	
1	Moroberakan	Control	End of season	growth and yield	Supp 18	docx_table_20	TGW	18.98	0.84	
1	Moroberakan	Control	End of season	growth and yield	Supp 18	docx_table_20	HI	0.53	0.01	
1	Moroberakan	Control	End of season	growth and yield	Supp 18	docx_table_20	AGR.0	0.23	0.02	
1	Moroberakan	Control	End of season	growth and yield	Supp 18	docx_table_20	AGR.30	0.88	0.05	
1	Moroberakan	Control	End of season	growth and yield	Supp 18	docx_table_20	RGR.0	0.05	0.01	
1	Moroberakan	Control	End of season	growth and yield	Supp 18	docx_table_20	RGR.30	0.02	0.01	
2	IR83388-B-B108-3	Control	End of season	growth and yield	Supp 18	docx_table_20	DTB	91.00	48.27	j
2	IR83388-B-B108-3	Control	End of season	growth and yield	Supp 18	docx_table_20	DTH	97.00	51.33	c
2	IR83388-B-B108-3	Control	End of season	growth and yield	Supp 18	docx_table_20	DTM	124.00	69.21	
2	IR83388-B-B108-3	Control	End of season	growth and yield	Supp 18	docx_table_20	PH	87.33	40.08	
2	IR83388-B-B108-3	Control	End of season	growth and yield	Supp 18	docx_table_20	TN	28.33	4.76	
2	IR83388-B-B108-3	Control	End of season	growth and yield	Supp 18	docx_table_20	PT	17.67	3.48	
2	IR83388-B-B108-3	Control	End of season	growth and yield	Supp 18	docx_table_20	SFW	53.43	28.33	
2	IR83388-B-B108-3	Control	End of season	growth and yield	Supp 18	docx_table_20	SDW	37.41	15.71	
2	IR83388-B-B108-3	Control	End of season	growth and yield	Supp 18	docx_table_20	GWPP	17.12	7.23	
2	IR83388-B-B108-3	Control	End of season	growth and yield	Supp 18	docx_table_20	TGW	21.91	8.92	
2	IR83388-B-B108-3	Control	End of season	growth and yield	Supp 18	docx_table_20	HI	0.46	0.26	
2	IR83388-B-B108-3	Control	End of season	growth and yield	Supp 18	docx_table_20	AGR.0	0.14	0.02	
2	IR83388-B-B108-3	Control	End of season	growth and yield	Supp 18	docx_table_20	AGR.30	0.45	0.47	
2	IR83388-B-B108-3	Control	End of season	growth and yield	Supp 18	docx_table_20	RGR.0	0.05	0.02	
2	IR83388-B-B108-3	Control	End of season	growth and yield	Supp 18	docx_table_20	RGR.30	0.02	0.02	
3	IR77298-14-1-2-10	Control	End of season	growth and yield	Supp 18	docx_table_20	DTB	93.00	41.10	i
3	IR77298-14-1-2-10	Control	End of season	growth and yield	Supp 18	docx_table_20	DTH	97.00	43.58	c
3	IR77298-14-1-2-10	Control	End of season	growth and yield	Supp 18	docx_table_20	DTM	124.00	59.13	
3	IR77298-14-1-2-10	Control	End of season	growth and yield	Supp 18	docx_table_20	PH	81.00	35.19	
3	IR77298-14-1-2-10	Control	End of season	growth and yield	Supp 18	docx_table_20	TN	22.67	4.61	
3	IR77298-14-1-2-10	Control	End of season	growth and yield	Supp 18	docx_table_20	PT	10.33	3.26	
3	IR77298-14-1-2-10	Control	End of season	growth and yield	Supp 18	docx_table_20	SFW	50.23	24.62	
3	IR77298-14-1-2-10	Control	End of season	growth and yield	Supp 18	docx_table_20	SDW	37.50	13.36	
3	IR77298-14-1-2-10	Control	End of season	growth and yield	Supp 18	docx_table_20	GWPP	15.81	6.29	
3	IR77298-14-1-2-10	Control	End of season	growth and yield	Supp 18	docx_table_20	TGW	21.10	8.10	
3	IR77298-14-1-2-10	Control	End of season	growth and yield	Supp 18	docx_table_20	HI	0.42	0.23	
3	IR77298-14-1-2-10	Control	End of season	growth and yield	Supp 18	docx_table_20	AGR.0	0.13	0.01	
3	IR77298-14-1-2-10	Control	End of season	growth and yield	Supp 18	docx_table_20	AGR.30	0.79	0.40	
3	IR77298-14-1-2-10	Control	End of season	growth and yield	Supp 18	docx_table_20	RGR.0	0.05	0.01	
3	IR77298-14-1-2-10	Control	End of season	growth and yield	Supp 18	docx_table_20	RGR.30	0.03	0.02	
4	PUSA1121	Control	End of season	growth and yield	Supp 18	docx_table_20	DTB	94.00	24.99	i
4	PUSA1121	Control	End of season	growth and yield	Supp 18	docx_table_20	DTH	99.00	26.40	b
4	PUSA1121	Control	End of season	growth and yield	Supp 18	docx_table_20	DTM	128.00	36.11	
4	PUSA1121	Control	End of season	growth and yield	Supp 18	docx_table_20	PH	79.00	20.42	
4	PUSA1121	Control	End of season	growth and yield	Supp 18	docx_table_20	TN	22.33	2.04	
4	PUSA1121	Control	End of season	growth and yield	Supp 18	docx_table_20	PT	9.67	1.59	
4	PUSA1121	Control	End of season	growth and yield	Supp 18	docx_table_20	SFW	57.04	15.13	
4	PUSA1121	Control	End of season	growth and yield	Supp 18	docx_table_20	SDW	32.01	8.02	
4	PUSA1121	Control	End of season	growth and yield	Supp 18	docx_table_20	GWPP	14.43	3.70	
4	PUSA1121	Control	End of season	growth and yield	Supp 18	docx_table_20	TGW	15.35	4.45	
4	PUSA1121	Control	End of season	growth and yield	Supp 18	docx_table_20	HI	0.45	0.13	
4	PUSA1121	Control	End of season	growth and yield	Supp 18	docx_table_20	AGR.0	0.18	0.01	
4	PUSA1121	Control	End of season	growth and yield	Supp 18	docx_table_20	AGR.30	0.69	0.22	
4	PUSA1121	Control	End of season	growth and yield	Supp 18	docx_table_20	RGR.0	0.06	0.00	
4	PUSA1121	Control	End of season	growth and yield	Supp 18	docx_table_20	RGR.30	0.02	0.01	
5	BAM8315	Control	End of season	growth and yield	Supp 18	docx_table_20	DTB	95.00	11.92	h
5	BAM8315	Control	End of season	growth and yield	Supp 18	docx_table_20	DTH	101.00	12.76	a
5	BAM8315	Control	End of season	growth and yield	Supp 18	docx_table_20	DTM	128.00	16.97	
5	BAM8315	Control	End of season	growth and yield	Supp 18	docx_table_20	PH	95.33	10.24	
5	BAM8315	Control	End of season	growth and yield	Supp 18	docx_table_20	TN	12.33	1.53	
5	BAM8315	Control	End of season	growth and yield	Supp 18	docx_table_20	PT	5.33	1.03	
5	BAM8315	Control	End of season	growth and yield	Supp 18	docx_table_20	SFW	54.45	6.81	
5	BAM8315	Control	End of season	growth and yield	Supp 18	docx_table_20	SDW	30.84	3.94	
5	BAM8315	Control	End of season	growth and yield	Supp 18	docx_table_20	GWPP	16.55	1.83	
5	BAM8315	Control	End of season	growth and yield	Supp 18	docx_table_20	TGW	22.39	2.38	
5	BAM8315	Control	End of season	growth and yield	Supp 18	docx_table_20	HI	0.54	0.07	
5	BAM8315	Control	End of season	growth and yield	Supp 18	docx_table_20	AGR.0	0.19	0.01	
5	BAM8315	Control	End of season	growth and yield	Supp 18	docx_table_20	AGR.30	0.96	0.13	
5	BAM8315	Control	End of season	growth and yield	Supp 18	docx_table_20	RGR.0	0.06	0.01	
5	BAM8315	Control	End of season	growth and yield	Supp 18	docx_table_20	RGR.30	0.02	0.01	
6	BAM812	Control	End of season	growth and yield	Supp 18	docx_table_20	DTB	94.00	14.61	g
6	BAM812	Control	End of season	growth and yield	Supp 18	docx_table_20	DTH	99.00	15.44	b
6	BAM812	Control	End of season	growth and yield	Supp 18	docx_table_20	DTM	128.00	21.11	
6	BAM812	Control	End of season	growth and yield	Supp 18	docx_table_20	PH	106.00	12.55	
6	BAM812	Control	End of season	growth and yield	Supp 18	docx_table_20	TN	13.00	1.65	
6	BAM812	Control	End of season	growth and yield	Supp 18	docx_table_20	PT	7.00	1.16	
6	BAM812	Control	End of season	growth and yield	Supp 18	docx_table_20	SFW	68.04	8.91	
6	BAM812	Control	End of season	growth and yield	Supp 18	docx_table_20	SDW	33.53	4.72	
6	BAM812	Control	End of season	growth and yield	Supp 18	docx_table_20	GWPP	16.81	2.24	
6	BAM812	Control	End of season	growth and yield	Supp 18	docx_table_20	TGW	17.54	2.90	
6	BAM812	Control	End of season	growth and yield	Supp 18	docx_table_20	HI	0.50	0.08	
6	BAM812	Control	End of season	growth and yield	Supp 18	docx_table_20	AGR.0	0.23	0.00	
6	BAM812	Control	End of season	growth and yield	Supp 18	docx_table_20	AGR.30	1.36	0.14	
6	BAM812	Control	End of season	growth and yield	Supp 18	docx_table_20	RGR.0	0.08	0.00	
6	BAM812	Control	End of season	growth and yield	Supp 18	docx_table_20	RGR.30	0.03	0.01	
7	Malchi	Control	End of season	growth and yield	Supp 18	docx_table_20	DTB	80.00	6.90	f
7	Malchi	Control	End of season	growth and yield	Supp 18	docx_table_20	DTH	84.00	7.22	k
7	Malchi	Control	End of season	growth and yield	Supp 18	docx_table_20	DTM	118.00	10.07	
7	Malchi	Control	End of season	growth and yield	Supp 18	docx_table_20	PH	106.00	5.34	
7	Malchi	Control	End of season	growth and yield	Supp 18	docx_table_20	TN	22.00	0.27	
7	Malchi	Control	End of season	growth and yield	Supp 18	docx_table_20	PT	15.33	0.30	
7	Malchi	Control	End of season	growth and yield	Supp 18	docx_table_20	SFW	49.05	4.33	
7	Malchi	Control	End of season	growth and yield	Supp 18	docx_table_20	SDW	37.59	2.17	
7	Malchi	Control	End of season	growth and yield	Supp 18	docx_table_20	GWPP	15.82	0.98	
7	Malchi	Control	End of season	growth and yield	Supp 18	docx_table_20	TGW	14.91	1.08	
7	Malchi	Control	End of season	growth and yield	Supp 18	docx_table_20	HI	0.42	0.04	
7	Malchi	Control	End of season	growth and yield	Supp 18	docx_table_20	AGR.0	0.24	0.00	
7	Malchi	Control	End of season	growth and yield	Supp 18	docx_table_20	AGR.30	0.48	0.05	
7	Malchi	Control	End of season	growth and yield	Supp 18	docx_table_20	RGR.0	0.06	0.00	
7	Malchi	Control	End of season	growth and yield	Supp 18	docx_table_20	RGR.30	0.02	0.00	
8	BAM 3690	Control	End of season	growth and yield	Supp 18	docx_table_20	DTB	76.00	3.92	f
8	BAM 3690	Control	End of season	growth and yield	Supp 18	docx_table_20	DTH	80.00	4.19	m
8	BAM 3690	Control	End of season	growth and yield	Supp 18	docx_table_20	DTM	116.00	5.58	
8	BAM 3690	Control	End of season	growth and yield	Supp 18	docx_table_20	PH	104.00	3.68	
8	BAM 3690	Control	End of season	growth and yield	Supp 18	docx_table_20	TN	22.67	0.76	
8	BAM 3690	Control	End of season	growth and yield	Supp 18	docx_table_20	PT	14.33	0.46	
8	BAM 3690	Control	End of season	growth and yield	Supp 18	docx_table_20	SFW	45.69	2.30	
8	BAM 3690	Control	End of season	growth and yield	Supp 18	docx_table_20	SDW	39.02	1.31	
8	BAM 3690	Control	End of season	growth and yield	Supp 18	docx_table_20	GWPP	21.10	0.64	
8	BAM 3690	Control	End of season	growth and yield	Supp 18	docx_table_20	TGW	22.97	0.94	
8	BAM 3690	Control	End of season	growth and yield	Supp 18	docx_table_20	HI	0.54	0.02	
8	BAM 3690	Control	End of season	growth and yield	Supp 18	docx_table_20	AGR.0	0.31	0.00	
8	BAM 3690	Control	End of season	growth and yield	Supp 18	docx_table_20	AGR.30	0.23	0.05	
8	BAM 3690	Control	End of season	growth and yield	Supp 18	docx_table_20	RGR.0	0.06	0.00	
8	BAM 3690	Control	End of season	growth and yield	Supp 18	docx_table_20	RGR.30	0.01	0.00	
9	BAM 4138	Control	End of season	growth and yield	Supp 18	docx_table_20	DTB	85.00	5.52	d
9	BAM 4138	Control	End of season	growth and yield	Supp 18	docx_table_20	DTH	89.00	5.82	g
9	BAM 4138	Control	End of season	growth and yield	Supp 18	docx_table_20	DTM	121.00	7.99	
9	BAM 4138	Control	End of season	growth and yield	Supp 18	docx_table_20	PH	99.33	4.71	
9	BAM 4138	Control	End of season	growth and yield	Supp 18	docx_table_20	TN	35.00	0.70	
9	BAM 4138	Control	End of season	growth and yield	Supp 18	docx_table_20	PT	15.00	0.46	
9	BAM 4138	Control	End of season	growth and yield	Supp 18	docx_table_20	SFW	76.74	3.39	
9	BAM 4138	Control	End of season	growth and yield	Supp 18	docx_table_20	SDW	35.94	1.78	
9	BAM 4138	Control	End of season	growth and yield	Supp 18	docx_table_20	GWPP	16.84	0.84	
9	BAM 4138	Control	End of season	growth and yield	Supp 18	docx_table_20	TGW	16.70	1.09	
9	BAM 4138	Control	End of season	growth and yield	Supp 18	docx_table_20	HI	0.47	0.03	
9	BAM 4138	Control	End of season	growth and yield	Supp 18	docx_table_20	AGR.0	0.40	0.00	
9	BAM 4138	Control	End of season	growth and yield	Supp 18	docx_table_20	AGR.30	0.63	0.05	
9	BAM 4138	Control	End of season	growth and yield	Supp 18	docx_table_20	RGR.0	0.07	0.00	
9	BAM 4138	Control	End of season	growth and yield	Supp 18	docx_table_20	RGR.30	0.01	0.00	
10	BAM 4521	Control	End of season	growth and yield	Supp 18	docx_table_20	DTB	84.00	1.49	e
10	BAM 4521	Control	End of season	growth and yield	Supp 18	docx_table_20	DTH	87.00	1.52	i
10	BAM 4521	Control	End of season	growth and yield	Supp 18	docx_table_20	DTM	120.00	2.25	
10	BAM 4521	Control	End of season	growth and yield	Supp 18	docx_table_20	PH	112.33	0.84	
10	BAM 4521	Control	End of season	growth and yield	Supp 18	docx_table_20	TN	14.00	0.27	
10	BAM 4521	Control	End of season	growth and yield	Supp 18	docx_table_20	PT	9.33	0.09	
10	BAM 4521	Control	End of season	growth and yield	Supp 18	docx_table_20	SFW	56.07	1.02	
10	BAM 4521	Control	End of season	growth and yield	Supp 18	docx_table_20	SDW	29.93	0.43	
10	BAM 4521	Control	End of season	growth and yield	Supp 18	docx_table_20	GWPP	9.70	0.17	
10	BAM 4521	Control	End of season	growth and yield	Supp 18	docx_table_20	TGW	15.73	0.09	
10	BAM 4521	Control	End of season	growth and yield	Supp 18	docx_table_20	HI	0.32	0.01	
10	BAM 4521	Control	End of season	growth and yield	Supp 18	docx_table_20	AGR.0	0.25	0.00	
10	BAM 4521	Control	End of season	growth and yield	Supp 18	docx_table_20	AGR.30	0.86	0.00	
10	BAM 4521	Control	End of season	growth and yield	Supp 18	docx_table_20	RGR.0	0.06	0.00	
10	BAM 4521	Control	End of season	growth and yield	Supp 18	docx_table_20	RGR.30	0.02	0.00	
11	Black gora	Control	End of season	growth and yield	Supp 18	docx_table_20	DTB	78.00	2.03	d
11	Black gora	Control	End of season	growth and yield	Supp 18	docx_table_20	DTH	82.00	2.17	l
11	Black gora	Control	End of season	growth and yield	Supp 18	docx_table_20	DTM	116.00	2.88	
11	Black gora	Control	End of season	growth and yield	Supp 18	docx_table_20	PH	95.17	2.01	
11	Black gora	Control	End of season	growth and yield	Supp 18	docx_table_20	TN	22.67	0.27	
11	Black gora	Control	End of season	growth and yield	Supp 18	docx_table_20	PT	14.33	0.21	
11	Black gora	Control	End of season	growth and yield	Supp 18	docx_table_20	SFW	66.53	1.19	
11	Black gora	Control	End of season	growth and yield	Supp 18	docx_table_20	SDW	34.13	0.68	
11	Black gora	Control	End of season	growth and yield	Supp 18	docx_table_20	GWPP	16.45	0.35	
11	Black gora	Control	End of season	growth and yield	Supp 18	docx_table_20	TGW	16.75	0.54	
11	Black gora	Control	End of season	growth and yield	Supp 18	docx_table_20	HI	0.48	0.01	
11	Black gora	Control	End of season	growth and yield	Supp 18	docx_table_20	AGR.0	0.13	0.00	
11	Black gora	Control	End of season	growth and yield	Supp 18	docx_table_20	AGR.30	0.44	0.03	
11	Black gora	Control	End of season	growth and yield	Supp 18	docx_table_20	RGR.0	0.05	0.00	
11	Black gora	Control	End of season	growth and yield	Supp 18	docx_table_20	RGR.30	0.02	0.00	
12	Suweon	Control	End of season	growth and yield	Supp 18	docx_table_20	DTB	87.00	2.19	c
12	Suweon	Control	End of season	growth and yield	Supp 18	docx_table_20	DTH	92.00	2.32	e
12	Suweon	Control	End of season	growth and yield	Supp 18	docx_table_20	DTM	124.00	3.15	
12	Suweon	Control	End of season	growth and yield	Supp 18	docx_table_20	PH	106.33	1.99	
12	Suweon	Control	End of season	growth and yield	Supp 18	docx_table_20	TN	16.00	0.25	
12	Suweon	Control	End of season	growth and yield	Supp 18	docx_table_20	PT	10.67	0.18	
12	Suweon	Control	End of season	growth and yield	Supp 18	docx_table_20	SFW	61.64	1.32	
12	Suweon	Control	End of season	growth and yield	Supp 18	docx_table_20	SDW	38.42	0.72	
12	Suweon	Control	End of season	growth and yield	Supp 18	docx_table_20	GWPP	13.46	0.35	
12	Suweon	Control	End of season	growth and yield	Supp 18	docx_table_20	TGW	14.18	0.50	
12	Suweon	Control	End of season	growth and yield	Supp 18	docx_table_20	HI	0.35	0.01	
12	Suweon	Control	End of season	growth and yield	Supp 18	docx_table_20	AGR.0	0.32	0.00	
12	Suweon	Control	End of season	growth and yield	Supp 18	docx_table_20	AGR.30	0.57	0.02	
12	Suweon	Control	End of season	growth and yield	Supp 18	docx_table_20	RGR.0	0.06	0.00	
12	Suweon	Control	End of season	growth and yield	Supp 18	docx_table_20	RGR.30	0.01	0.00	
13	Kunjukunju	Control	End of season	growth and yield	Supp 18	docx_table_20	DTB	83.00	0.36	b
13	Kunjukunju	Control	End of season	growth and yield	Supp 18	docx_table_20	DTH	88.00	0.43	h
13	Kunjukunju	Control	End of season	growth and yield	Supp 18	docx_table_20	DTM	118.00	0.46	
13	Kunjukunju	Control	End of season	growth and yield	Supp 18	docx_table_20	PH	64.83	0.67	
13	Kunjukunju	Control	End of season	growth and yield	Supp 18	docx_table_20	TN	16.33	0.01	
13	Kunjukunju	Control	End of season	growth and yield	Supp 18	docx_table_20	PT	11.33	0.06	
13	Kunjukunju	Control	End of season	growth and yield	Supp 18	docx_table_20	SFW	64.06	0.15	
13	Kunjukunju	Control	End of season	growth and yield	Supp 18	docx_table_20	SDW	39.56	0.16	
13	Kunjukunju	Control	End of season	growth and yield	Supp 18	docx_table_20	GWPP	18.66	0.10	
13	Kunjukunju	Control	End of season	growth and yield	Supp 18	docx_table_20	TGW	17.76	0.25	
13	Kunjukunju	Control	End of season	growth and yield	Supp 18	docx_table_20	HI	0.47	0.00	
13	Kunjukunju	Control	End of season	growth and yield	Supp 18	docx_table_20	AGR.0	0.16	0.00	
13	Kunjukunju	Control	End of season	growth and yield	Supp 18	docx_table_20	AGR.30	0.87	0.01	
13	Kunjukunju	Control	End of season	growth and yield	Supp 18	docx_table_20	RGR.0	0.05	0.00	
13	Kunjukunju	Control	End of season	growth and yield	Supp 18	docx_table_20	RGR.30	0.03	0.00	
14	Cauvery	Control	End of season	growth and yield	Supp 18	docx_table_20	DTB	80.00	1.01	b
14	Cauvery	Control	End of season	growth and yield	Supp 18	docx_table_20	DTH	85.00	1.05	j
14	Cauvery	Control	End of season	growth and yield	Supp 18	docx_table_20	DTM	117.00	1.48	
14	Cauvery	Control	End of season	growth and yield	Supp 18	docx_table_20	PH	87.20	0.77	
14	Cauvery	Control	End of season	growth and yield	Supp 18	docx_table_20	TN	36.00	0.14	
14	Cauvery	Control	End of season	growth and yield	Supp 18	docx_table_20	PT	24.00	0.08	
14	Cauvery	Control	End of season	growth and yield	Supp 18	docx_table_20	SFW	75.09	0.64	
14	Cauvery	Control	End of season	growth and yield	Supp 18	docx_table_20	SDW	42.85	0.31	
14	Cauvery	Control	End of season	growth and yield	Supp 18	docx_table_20	GWPP	23.05	0.14	
14	Cauvery	Control	End of season	growth and yield	Supp 18	docx_table_20	TGW	22.42	0.16	
14	Cauvery	Control	End of season	growth and yield	Supp 18	docx_table_20	HI	0.54	0.01	
14	Cauvery	Control	End of season	growth and yield	Supp 18	docx_table_20	AGR.0	0.46	0.00	
14	Cauvery	Control	End of season	growth and yield	Supp 18	docx_table_20	AGR.30	1.15	0.01	
14	Cauvery	Control	End of season	growth and yield	Supp 18	docx_table_20	RGR.0	0.07	0.00	
14	Cauvery	Control	End of season	growth and yield	Supp 18	docx_table_20	RGR.30	0.02	0.00	
15	RPW9-4(SS1)	Control	End of season	growth and yield	Supp 18	docx_table_20	DTB	91.00	0.92	a
15	RPW9-4(SS1)	Control	End of season	growth and yield	Supp 18	docx_table_20	DTH	96.00	0.96	d
15	RPW9-4(SS1)	Control	End of season	growth and yield	Supp 18	docx_table_20	DTM	128.00	1.36	
15	RPW9-4(SS1)	Control	End of season	growth and yield	Supp 18	docx_table_20	PH	74.33	0.73	
15	RPW9-4(SS1)	Control	End of season	growth and yield	Supp 18	docx_table_20	TN	21.67	0.12	
15	RPW9-4(SS1)	Control	End of season	growth and yield	Supp 18	docx_table_20	PT	13.00	0.07	
15	RPW9-4(SS1)	Control	End of season	growth and yield	Supp 18	docx_table_20	SFW	69.55	0.59	
15	RPW9-4(SS1)	Control	End of season	growth and yield	Supp 18	docx_table_20	SDW	39.12	0.29	
15	RPW9-4(SS1)	Control	End of season	growth and yield	Supp 18	docx_table_20	GWPP	20.97	0.13	
15	RPW9-4(SS1)	Control	End of season	growth and yield	Supp 18	docx_table_20	TGW	21.67	0.18	
15	RPW9-4(SS1)	Control	End of season	growth and yield	Supp 18	docx_table_20	HI	0.54	0.00	
15	RPW9-4(SS1)	Control	End of season	growth and yield	Supp 18	docx_table_20	AGR.0	0.51	0.00	
15	RPW9-4(SS1)	Control	End of season	growth and yield	Supp 18	docx_table_20	AGR.30	0.75	0.01	
15	RPW9-4(SS1)	Control	End of season	growth and yield	Supp 18	docx_table_20	RGR.0	0.07	0.00	
15	RPW9-4(SS1)	Control	End of season	growth and yield	Supp 18	docx_table_20	RGR.30	0.01	0.00	
1	Moroberakan	N stress	End of season	growth and yield	Supp 19	docx_table_21	DTB	82.00	0.35	
1	Moroberakan	N stress	End of season	growth and yield	Supp 19	docx_table_21	DTH	87.00	0.34	
1	Moroberakan	N stress	End of season	growth and yield	Supp 19	docx_table_21	DTM	118.00	0.56	
1	Moroberakan	N stress	End of season	growth and yield	Supp 19	docx_table_21	PH	90.67	0.05	
1	Moroberakan	N stress	End of season	growth and yield	Supp 19	docx_table_21	TN	4.00	0.07	
1	Moroberakan	N stress	End of season	growth and yield	Supp 19	docx_table_21	PT	3.00	0.01	
1	Moroberakan	N stress	End of season	growth and yield	Supp 19	docx_table_21	SFW	44.64	0.27	
1	Moroberakan	N stress	End of season	growth and yield	Supp 19	docx_table_21	SDW	22.76	0.08	
1	Moroberakan	N stress	End of season	growth and yield	Supp 19	docx_table_21	GWPP	6.22	0.02	
1	Moroberakan	N stress	End of season	growth and yield	Supp 19	docx_table_21	TGW	14.25	0.05	
1	Moroberakan	N stress	End of season	growth and yield	Supp 19	docx_table_21	HI	0.27	0.00	
1	Moroberakan	N stress	End of season	growth and yield	Supp 19	docx_table_21	AGR.0	0.04	0.00	
1	Moroberakan	N stress	End of season	growth and yield	Supp 19	docx_table_21	AGR.30	0.77	0.00	
1	Moroberakan	N stress	End of season	growth and yield	Supp 19	docx_table_21	RGR.0	0.03	0.00	
1	Moroberakan	N stress	End of season	growth and yield	Supp 19	docx_table_21	RGR.30	0.04	0.00	
2	IR83388-B-B108-3	N stress	End of season	growth and yield	Supp 19	docx_table_21	DTB	88.00	0.36	
2	IR83388-B-B108-3	N stress	End of season	growth and yield	Supp 19	docx_table_21	DTH	94.00	0.39	
2	IR83388-B-B108-3	N stress	End of season	growth and yield	Supp 19	docx_table_21	DTM	122.00	0.50	
2	IR83388-B-B108-3	N stress	End of season	growth and yield	Supp 19	docx_table_21	PH	76.00	0.41	
2	IR83388-B-B108-3	N stress	End of season	growth and yield	Supp 19	docx_table_21	TN	11.00	0.04	
2	IR83388-B-B108-3	N stress	End of season	growth and yield	Supp 19	docx_table_21	PT	6.33	0.04	
2	IR83388-B-B108-3	N stress	End of season	growth and yield	Supp 19	docx_table_21	SFW	35.62	0.20	
2	IR83388-B-B108-3	N stress	End of season	growth and yield	Supp 19	docx_table_21	SDW	24.43	0.13	
2	IR83388-B-B108-3	N stress	End of season	growth and yield	Supp 19	docx_table_21	GWPP	11.81	0.07	
2	IR83388-B-B108-3	N stress	End of season	growth and yield	Supp 19	docx_table_21	TGW	16.58	0.07	
2	IR83388-B-B108-3	N stress	End of season	growth and yield	Supp 19	docx_table_21	HI	0.48	0.00	
2	IR83388-B-B108-3	N stress	End of season	growth and yield	Supp 19	docx_table_21	AGR.0	0.07	0.00	
2	IR83388-B-B108-3	N stress	End of season	growth and yield	Supp 19	docx_table_21	AGR.30	0.71	0.00	
2	IR83388-B-B108-3	N stress	End of season	growth and yield	Supp 19	docx_table_21	RGR.0	0.04	0.00	
2	IR83388-B-B108-3	N stress	End of season	growth and yield	Supp 19	docx_table_21	RGR.30	0.03	0.00	
3	IR77298-14-1-2-10	N stress	End of season	growth and yield	Supp 19	docx_table_21	DTB	89.00	0.33	
3	IR77298-14-1-2-10	N stress	End of season	growth and yield	Supp 19	docx_table_21	DTH	94.00	0.35	
3	IR77298-14-1-2-10	N stress	End of season	growth and yield	Supp 19	docx_table_21	DTM	122.00	0.48	
3	IR77298-14-1-2-10	N stress	End of season	growth and yield	Supp 19	docx_table_21	PH	70.00	0.34	
3	IR77298-14-1-2-10	N stress	End of season	growth and yield	Supp 19	docx_table_21	TN	10.33	0.04	
3	IR77298-14-1-2-10	N stress	End of season	growth and yield	Supp 19	docx_table_21	PT	5.33	0.03	
3	IR77298-14-1-2-10	N stress	End of season	growth and yield	Supp 19	docx_table_21	SFW	39.02	0.21	
3	IR77298-14-1-2-10	N stress	End of season	growth and yield	Supp 19	docx_table_21	SDW	23.19	0.11	
3	IR77298-14-1-2-10	N stress	End of season	growth and yield	Supp 19	docx_table_21	GWPP	9.89	0.06	
3	IR77298-14-1-2-10	N stress	End of season	growth and yield	Supp 19	docx_table_21	TGW	13.95	0.07	
3	IR77298-14-1-2-10	N stress	End of season	growth and yield	Supp 19	docx_table_21	HI	0.43	0.00	
3	IR77298-14-1-2-10	N stress	End of season	growth and yield	Supp 19	docx_table_21	AGR.0	0.07	0.00	
3	IR77298-14-1-2-10	N stress	End of season	growth and yield	Supp 19	docx_table_21	AGR.30	0.77	0.00	
3	IR77298-14-1-2-10	N stress	End of season	growth and yield	Supp 19	docx_table_21	RGR.0	0.04	0.00	
3	IR77298-14-1-2-10	N stress	End of season	growth and yield	Supp 19	docx_table_21	RGR.30	0.04	0.00	
4	PUSA1121	N stress	End of season	growth and yield	Supp 19	docx_table_21	DTB	91.00	0.02	
4	PUSA1121	N stress	End of season	growth and yield	Supp 19	docx_table_21	DTH	97.00	0.03	
4	PUSA1121	N stress	End of season	growth and yield	Supp 19	docx_table_21	DTM	127.00	0.04	
4	PUSA1121	N stress	End of season	growth and yield	Supp 19	docx_table_21	PH	72.67	0.19	
4	PUSA1121	N stress	End of season	growth and yield	Supp 19	docx_table_21	TN	9.00	0.02	
4	PUSA1121	N stress	End of season	growth and yield	Supp 19	docx_table_21	PT	6.00	0.01	
4	PUSA1121	N stress	End of season	growth and yield	Supp 19	docx_table_21	SFW	42.88	0.04	
4	PUSA1121	N stress	End of season	growth and yield	Supp 19	docx_table_21	SDW	27.64	0.02	
4	PUSA1121	N stress	End of season	growth and yield	Supp 19	docx_table_21	GWPP	9.54	0.02	
4	PUSA1121	N stress	End of season	growth and yield	Supp 19	docx_table_21	TGW	19.23	0.01	
4	PUSA1121	N stress	End of season	growth and yield	Supp 19	docx_table_21	HI	0.35	0.00	
4	PUSA1121	N stress	End of season	growth and yield	Supp 19	docx_table_21	AGR.0	0.05	0.00	
4	PUSA1121	N stress	End of season	growth and yield	Supp 19	docx_table_21	AGR.30	0.83	0.00	
4	PUSA1121	N stress	End of season	growth and yield	Supp 19	docx_table_21	RGR.0	0.04	0.00	
4	PUSA1121	N stress	End of season	growth and yield	Supp 19	docx_table_21	RGR.30	0.04	0.00	
5	BAM8315	N stress	End of season	growth and yield	Supp 19	docx_table_21	DTB	91.00	0.19	
5	BAM8315	N stress	End of season	growth and yield	Supp 19	docx_table_21	DTH	97.00	0.20	
5	BAM8315	N stress	End of season	growth and yield	Supp 19	docx_table_21	DTM	127.00	0.26	
5	BAM8315	N stress	End of season	growth and yield	Supp 19	docx_table_21	PH	82.67	0.11	
5	BAM8315	N stress	End of season	growth and yield	Supp 19	docx_table_21	TN	5.67	0.01	
5	BAM8315	N stress	End of season	growth and yield	Supp 19	docx_table_21	PT	3.67	0.01	
5	BAM8315	N stress	End of season	growth and yield	Supp 19	docx_table_21	SFW	47.05	0.10	
5	BAM8315	N stress	End of season	growth and yield	Supp 19	docx_table_21	SDW	23.24	0.06	
5	BAM8315	N stress	End of season	growth and yield	Supp 19	docx_table_21	GWPP	7.48	0.02	
5	BAM8315	N stress	End of season	growth and yield	Supp 19	docx_table_21	TGW	15.63	0.03	
5	BAM8315	N stress	End of season	growth and yield	Supp 19	docx_table_21	HI	0.32	0.00	
5	BAM8315	N stress	End of season	growth and yield	Supp 19	docx_table_21	AGR.0	0.07	0.00	
5	BAM8315	N stress	End of season	growth and yield	Supp 19	docx_table_21	AGR.30	0.72	0.00	
5	BAM8315	N stress	End of season	growth and yield	Supp 19	docx_table_21	RGR.0	0.04	0.00	
5	BAM8315	N stress	End of season	growth and yield	Supp 19	docx_table_21	RGR.30	0.04	0.00	
6	BAM812	N stress	End of season	growth and yield	Supp 19	docx_table_21	DTB	87.00	0.16	
6	BAM812	N stress	End of season	growth and yield	Supp 19	docx_table_21	DTH	92.00	0.16	
6	BAM812	N stress	End of season	growth and yield	Supp 19	docx_table_21	DTM	123.00	0.22	
6	BAM812	N stress	End of season	growth and yield	Supp 19	docx_table_21	PH	101.67	0.12	
6	BAM812	N stress	End of season	growth and yield	Supp 19	docx_table_21	TN	10.33	0.02	
6	BAM812	N stress	End of season	growth and yield	Supp 19	docx_table_21	PT	6.00	0.01	
6	BAM812	N stress	End of season	growth and yield	Supp 19	docx_table_21	SFW	32.63	0.09	
6	BAM812	N stress	End of season	growth and yield	Supp 19	docx_table_21	SDW	23.05	0.04	
6	BAM812	N stress	End of season	growth and yield	Supp 19	docx_table_21	GWPP	10.56	0.02	
6	BAM812	N stress	End of season	growth and yield	Supp 19	docx_table_21	TGW	16.40	0.03	
6	BAM812	N stress	End of season	growth and yield	Supp 19	docx_table_21	HI	0.46	0.00	
6	BAM812	N stress	End of season	growth and yield	Supp 19	docx_table_21	AGR.0	0.07	0.00	
6	BAM812	N stress	End of season	growth and yield	Supp 19	docx_table_21	AGR.30	0.58	0.00	
6	BAM812	N stress	End of season	growth and yield	Supp 19	docx_table_21	RGR.0	0.06	0.00	
6	BAM812	N stress	End of season	growth and yield	Supp 19	docx_table_21	RGR.30	0.03	0.00	
7	Malchi	N stress	End of season	growth and yield	Supp 19	docx_table_21	DTB	76.33	0.09	
7	Malchi	N stress	End of season	growth and yield	Supp 19	docx_table_21	DTH	89.33	0.09	
7	Malchi	N stress	End of season	growth and yield	Supp 19	docx_table_21	DTM	107.67	0.12	
7	Malchi	N stress	End of season	growth and yield	Supp 19	docx_table_21	PH	68.67	0.04	
7	Malchi	N stress	End of season	growth and yield	Supp 19	docx_table_21	TN	7.33	0.00	
7	Malchi	N stress	End of season	growth and yield	Supp 19	docx_table_21	PT	18.22	0.00	
7	Malchi	N stress	End of season	growth and yield	Supp 19	docx_table_21	SFW	35.45	0.03	
7	Malchi	N stress	End of season	growth and yield	Supp 19	docx_table_21	SDW	17.86	0.02	
7	Malchi	N stress	End of season	growth and yield	Supp 19	docx_table_21	GWPP	12.02	0.00	
7	Malchi	N stress	End of season	growth and yield	Supp 19	docx_table_21	TGW	14.80	0.01	
7	Malchi	N stress	End of season	growth and yield	Supp 19	docx_table_21	HI	0.33	0.00	
7	Malchi	N stress	End of season	growth and yield	Supp 19	docx_table_21	AGR.0	0.21	0.00	
7	Malchi	N stress	End of season	growth and yield	Supp 19	docx_table_21	AGR.30	0.34	0.00	
7	Malchi	N stress	End of season	growth and yield	Supp 19	docx_table_21	RGR.0	0.04	0.00	
7	Malchi	N stress	End of season	growth and yield	Supp 19	docx_table_21	RGR.30	0.03	0.00	
8	BAM 3690	N stress	End of season	growth and yield	Supp 19	docx_table_21	DTB	73.00	0.05	
8	BAM 3690	N stress	End of season	growth and yield	Supp 19	docx_table_21	DTH	78.00	0.05	
8	BAM 3690	N stress	End of season	growth and yield	Supp 19	docx_table_21	DTM	107.00	0.07	
8	BAM 3690	N stress	End of season	growth and yield	Supp 19	docx_table_21	PH	90.67	0.04	
8	BAM 3690	N stress	End of season	growth and yield	Supp 19	docx_table_21	TN	9.67	0.01	
8	BAM 3690	N stress	End of season	growth and yield	Supp 19	docx_table_21	PT	8.67	0.00	
8	BAM 3690	N stress	End of season	growth and yield	Supp 19	docx_table_21	SFW	43.22	0.03	
8	BAM 3690	N stress	End of season	growth and yield	Supp 19	docx_table_21	SDW	28.54	0.02	
8	BAM 3690	N stress	End of season	growth and yield	Supp 19	docx_table_21	GWPP	12.96	0.01	
8	BAM 3690	N stress	End of season	growth and yield	Supp 19	docx_table_21	TGW	17.92	0.01	
8	BAM 3690	N stress	End of season	growth and yield	Supp 19	docx_table_21	HI	0.45	0.00	
8	BAM 3690	N stress	End of season	growth and yield	Supp 19	docx_table_21	AGR.0	0.05	0.00	
8	BAM 3690	N stress	End of season	growth and yield	Supp 19	docx_table_21	AGR.30	0.49	0.00	
8	BAM 3690	N stress	End of season	growth and yield	Supp 19	docx_table_21	RGR.0	0.03	0.00	
8	BAM 3690	N stress	End of season	growth and yield	Supp 19	docx_table_21	RGR.30	0.03	0.00	
9	BAM 4138	N stress	End of season	growth and yield	Supp 19	docx_table_21	DTB	82.00	0.05	
9	BAM 4138	N stress	End of season	growth and yield	Supp 19	docx_table_21	DTH	86.00	0.05	
9	BAM 4138	N stress	End of season	growth and yield	Supp 19	docx_table_21	DTM	118.00	0.07	
9	BAM 4138	N stress	End of season	growth and yield	Supp 19	docx_table_21	PH	88.00	0.04	
9	BAM 4138	N stress	End of season	growth and yield	Supp 19	docx_table_21	TN	11.67	0.01	
9	BAM 4138	N stress	End of season	growth and yield	Supp 19	docx_table_21	PT	7.00	0.00	
9	BAM 4138	N stress	End of season	growth and yield	Supp 19	docx_table_21	SFW	37.28	0.03	
9	BAM 4138	N stress	End of season	growth and yield	Supp 19	docx_table_21	SDW	22.33	0.01	
9	BAM 4138	N stress	End of season	growth and yield	Supp 19	docx_table_21	GWPP	12.34	0.01	
9	BAM 4138	N stress	End of season	growth and yield	Supp 19	docx_table_21	TGW	18.72	0.01	
9	BAM 4138	N stress	End of season	growth and yield	Supp 19	docx_table_21	HI	0.56	0.00	
9	BAM 4138	N stress	End of season	growth and yield	Supp 19	docx_table_21	AGR.0	0.06	0.00	
9	BAM 4138	N stress	End of season	growth and yield	Supp 19	docx_table_21	AGR.30	0.49	0.00	
9	BAM 4138	N stress	End of season	growth and yield	Supp 19	docx_table_21	RGR.0	0.04	0.00	
9	BAM 4138	N stress	End of season	growth and yield	Supp 19	docx_table_21	RGR.30	0.03	0.00	
10	BAM 4521	N stress	End of season	growth and yield	Supp 19	docx_table_21	DTB	83.00	0.02	
10	BAM 4521	N stress	End of season	growth and yield	Supp 19	docx_table_21	DTH	86.00	0.02	
10	BAM 4521	N stress	End of season	growth and yield	Supp 19	docx_table_21	DTM	118.00	0.02	
10	BAM 4521	N stress	End of season	growth and yield	Supp 19	docx_table_21	PH	105.33	0.00	
10	BAM 4521	N stress	End of season	growth and yield	Supp 19	docx_table_21	TN	6.00	0.00	
10	BAM 4521	N stress	End of season	growth and yield	Supp 19	docx_table_21	PT	4.00	0.00	
10	BAM 4521	N stress	End of season	growth and yield	Supp 19	docx_table_21	SFW	35.64	0.00	
10	BAM 4521	N stress	End of season	growth and yield	Supp 19	docx_table_21	SDW	25.16	0.00	
10	BAM 4521	N stress	End of season	growth and yield	Supp 19	docx_table_21	GWPP	9.96	0.00	
10	BAM 4521	N stress	End of season	growth and yield	Supp 19	docx_table_21	TGW	15.93	0.00	
10	BAM 4521	N stress	End of season	growth and yield	Supp 19	docx_table_21	HI	0.39	0.00	
10	BAM 4521	N stress	End of season	growth and yield	Supp 19	docx_table_21	AGR.0	0.10	0.00	
10	BAM 4521	N stress	End of season	growth and yield	Supp 19	docx_table_21	AGR.30	0.31	0.00	
10	BAM 4521	N stress	End of season	growth and yield	Supp 19	docx_table_21	RGR.0	0.04	0.00	
10	BAM 4521	N stress	End of season	growth and yield	Supp 19	docx_table_21	RGR.30	0.02	0.00	
11	Black gora	N stress	End of season	growth and yield	Supp 19	docx_table_21	DTB	73.00	0.02	
11	Black gora	N stress	End of season	growth and yield	Supp 19	docx_table_21	DTH	78.00	0.02	
11	Black gora	N stress	End of season	growth and yield	Supp 19	docx_table_21	DTM	107.00	0.03	
11	Black gora	N stress	End of season	growth and yield	Supp 19	docx_table_21	PH	88.00	0.02	
11	Black gora	N stress	End of season	growth and yield	Supp 19	docx_table_21	TN	8.67	0.00	
11	Black gora	N stress	End of season	growth and yield	Supp 19	docx_table_21	PT	6.00	0.00	
11	Black gora	N stress	End of season	growth and yield	Supp 19	docx_table_21	SFW	38.27	0.02	
11	Black gora	N stress	End of season	growth and yield	Supp 19	docx_table_21	SDW	26.68	0.01	
11	Black gora	N stress	End of season	growth and yield	Supp 19	docx_table_21	GWPP	12.00	0.00	
11	Black gora	N stress	End of season	growth and yield	Supp 19	docx_table_21	TGW	15.19	0.01	
11	Black gora	N stress	End of season	growth and yield	Supp 19	docx_table_21	HI	0.45	0.00	
11	Black gora	N stress	End of season	growth and yield	Supp 19	docx_table_21	AGR.0	0.04	0.00	
11	Black gora	N stress	End of season	growth and yield	Supp 19	docx_table_21	AGR.30	0.36	0.00	
11	Black gora	N stress	End of season	growth and yield	Supp 19	docx_table_21	RGR.0	0.03	0.00	
11	Black gora	N stress	End of season	growth and yield	Supp 19	docx_table_21	RGR.30	0.03	0.00	
12	Suweon	N stress	End of season	growth and yield	Supp 19	docx_table_21	DTB	83.00	0.02	
12	Suweon	N stress	End of season	growth and yield	Supp 19	docx_table_21	DTH	87.00	0.02	
12	Suweon	N stress	End of season	growth and yield	Supp 19	docx_table_21	DTM	118.00	0.03	
12	Suweon	N stress	End of season	growth and yield	Supp 19	docx_table_21	PH	91.67	0.02	
12	Suweon	N stress	End of season	growth and yield	Supp 19	docx_table_21	TN	5.00	0.00	
12	Suweon	N stress	End of season	growth and yield	Supp 19	docx_table_21	PT	3.00	0.00	
12	Suweon	N stress	End of season	growth and yield	Supp 19	docx_table_21	SFW	32.68	0.01	
12	Suweon	N stress	End of season	growth and yield	Supp 19	docx_table_21	SDW	19.32	0.01	
12	Suweon	N stress	End of season	growth and yield	Supp 19	docx_table_21	GWPP	7.75	0.00	
12	Suweon	N stress	End of season	growth and yield	Supp 19	docx_table_21	TGW	14.29	0.00	
12	Suweon	N stress	End of season	growth and yield	Supp 19	docx_table_21	HI	0.40	0.00	
12	Suweon	N stress	End of season	growth and yield	Supp 19	docx_table_21	AGR.0	0.09	0.00	
12	Suweon	N stress	End of season	growth and yield	Supp 19	docx_table_21	AGR.30	0.36	0.00	
12	Suweon	N stress	End of season	growth and yield	Supp 19	docx_table_21	RGR.0	0.04	0.00	
12	Suweon	N stress	End of season	growth and yield	Supp 19	docx_table_21	RGR.30	0.02	0.00	
13	Kunjukunju	N stress	End of season	growth and yield	Supp 19	docx_table_21	DTB	80.00	0.00	
13	Kunjukunju	N stress	End of season	growth and yield	Supp 19	docx_table_21	DTH	84.00	0.00	
13	Kunjukunju	N stress	End of season	growth and yield	Supp 19	docx_table_21	DTM	118.00	0.00	
13	Kunjukunju	N stress	End of season	growth and yield	Supp 19	docx_table_21	PH	64.33	0.01	
13	Kunjukunju	N stress	End of season	growth and yield	Supp 19	docx_table_21	TN	7.00	0.00	
13	Kunjukunju	N stress	End of season	growth and yield	Supp 19	docx_table_21	PT	4.33	0.00	
13	Kunjukunju	N stress	End of season	growth and yield	Supp 19	docx_table_21	SFW	39.01	0.01	
13	Kunjukunju	N stress	End of season	growth and yield	Supp 19	docx_table_21	SDW	19.94	0.00	
13	Kunjukunju	N stress	End of season	growth and yield	Supp 19	docx_table_21	GWPP	9.47	0.00	
13	Kunjukunju	N stress	End of season	growth and yield	Supp 19	docx_table_21	TGW	14.01	0.00	
13	Kunjukunju	N stress	End of season	growth and yield	Supp 19	docx_table_21	HI	0.48	0.00	
13	Kunjukunju	N stress	End of season	growth and yield	Supp 19	docx_table_21	AGR.0	0.07	0.00	
13	Kunjukunju	N stress	End of season	growth and yield	Supp 19	docx_table_21	AGR.30	0.57	0.00	
13	Kunjukunju	N stress	End of season	growth and yield	Supp 19	docx_table_21	RGR.0	0.04	0.00	
13	Kunjukunju	N stress	End of season	growth and yield	Supp 19	docx_table_21	RGR.30	0.03	0.00	
14	Cauvery	N stress	End of season	growth and yield	Supp 19	docx_table_21	DTB	76.00	0.01	
14	Cauvery	N stress	End of season	growth and yield	Supp 19	docx_table_21	DTH	80.00	0.01	
14	Cauvery	N stress	End of season	growth and yield	Supp 19	docx_table_21	DTM	110.00	0.02	
14	Cauvery	N stress	End of season	growth and yield	Supp 19	docx_table_21	PH	70.17	0.01	
14	Cauvery	N stress	End of season	growth and yield	Supp 19	docx_table_21	TN	16.67	0.00	
14	Cauvery	N stress	End of season	growth and yield	Supp 19	docx_table_21	PT	12.67	0.00	
14	Cauvery	N stress	End of season	growth and yield	Supp 19	docx_table_21	SFW	57.50	0.00	
14	Cauvery	N stress	End of season	growth and yield	Supp 19	docx_table_21	SDW	28.40	0.00	
14	Cauvery	N stress	End of season	growth and yield	Supp 19	docx_table_21	GWPP	14.56	0.00	
14	Cauvery	N stress	End of season	growth and yield	Supp 19	docx_table_21	TGW	22.01	0.00	
14	Cauvery	N stress	End of season	growth and yield	Supp 19	docx_table_21	HI	0.51	0.00	
14	Cauvery	N stress	End of season	growth and yield	Supp 19	docx_table_21	AGR.0	0.06	0.00	
14	Cauvery	N stress	End of season	growth and yield	Supp 19	docx_table_21	AGR.30	0.89	0.00	
14	Cauvery	N stress	End of season	growth and yield	Supp 19	docx_table_21	RGR.0	0.04	0.00	
14	Cauvery	N stress	End of season	growth and yield	Supp 19	docx_table_21	RGR.30	0.04	0.00	
15	RPW9-4(SS1)	N stress	End of season	growth and yield	Supp 19	docx_table_21	DTB	87.00	0.01	
15	RPW9-4(SS1)	N stress	End of season	growth and yield	Supp 19	docx_table_21	DTH	93.00	0.01	
15	RPW9-4(SS1)	N stress	End of season	growth and yield	Supp 19	docx_table_21	DTM	124.00	0.01	
15	RPW9-4(SS1)	N stress	End of season	growth and yield	Supp 19	docx_table_21	PH	73.00	0.01	
15	RPW9-4(SS1)	N stress	End of season	growth and yield	Supp 19	docx_table_21	TN	8.67	0.00	
15	RPW9-4(SS1)	N stress	End of season	growth and yield	Supp 19	docx_table_21	PT	6.00	0.00	
15	RPW9-4(SS1)	N stress	End of season	growth and yield	Supp 19	docx_table_21	SFW	49.33	0.00	
15	RPW9-4(SS1)	N stress	End of season	growth and yield	Supp 19	docx_table_21	SDW	28.54	0.00	
15	RPW9-4(SS1)	N stress	End of season	growth and yield	Supp 19	docx_table_21	GWPP	13.12	0.00	
15	RPW9-4(SS1)	N stress	End of season	growth and yield	Supp 19	docx_table_21	TGW	15.71	0.00	
15	RPW9-4(SS1)	N stress	End of season	growth and yield	Supp 19	docx_table_21	HI	0.46	0.00	
15	RPW9-4(SS1)	N stress	End of season	growth and yield	Supp 19	docx_table_21	AGR.0	0.03	0.00	
15	RPW9-4(SS1)	N stress	End of season	growth and yield	Supp 19	docx_table_21	AGR.30	0.90	0.00	
15	RPW9-4(SS1)	N stress	End of season	growth and yield	Supp 19	docx_table_21	RGR.0	0.03	0.00	
15	RPW9-4(SS1)	N stress	End of season	growth and yield	Supp 19	docx_table_21	RGR.30	0.06	0.00	
