genotype_code	genotype_name	treatment	timepoint	trait	value	se
1	Moroberakan	Control	0 DAT	PH	33.1767	1.4059
1	Moroberakan	Control	0 DAT	TLL	22.4667	0.266667
1	Moroberakan	Control	0 DAT	TLW	0.366667	0.0166667
1	Moroberakan	Control	0 DAT	BLL	17.4667	2.16667
1	Moroberakan	Control	0 DAT	BLW	0.166667	0.0333333
1	Moroberakan	Control	0 DAT	SFW	0.446667	0.111429
1	Moroberakan	Control	0 DAT	RFW	0.2325	0.0101036
1	Moroberakan	Control	0 DAT	SDW	0.231667	0.061249
1	Moroberakan	Control	0 DAT	RDW	0.0776667	0.0178357
1	Moroberakan	Control	0 DAT	Photo	12.1067	0.275776
1	Moroberakan	Control	0 DAT	Cond	0.275104	0.00264626
1	Moroberakan	Control	0 DAT	Ci	243.117	1.05459
1	Moroberakan	Control	0 DAT	Tr	4.59309	0.0343827
1	Moroberakan	Control	0 DAT	Vpd	1.66004	0.00269403
1	Moroberakan	Control	0 DAT	CT	29.8211	0.00642886
1	Moroberakan	Control	0 DAT	RL	121.437	20.7135
1	Moroberakan	Control	0 DAT	PA	5.19093	0.740262
1	Moroberakan	Control	0 DAT	SA	16.3078	2.32567
1	Moroberakan	Control	0 DAT	AD	0.432567	0.015572
1	Moroberakan	Control	0 DAT	LPV	121.437	20.7135
1	Moroberakan	Control	0 DAT	RV	0.174333	0.0202183
1	Moroberakan	Control	0 DAT	TPS	544.667	147.368
1	Moroberakan	Control	30 DAT	PH	65.7	3.31512
1	Moroberakan	Control	30 DAT	TN	9	0
1	Moroberakan	Control	30 DAT	LN	27.6667	0.333333
1	Moroberakan	Control	30 DAT	TLL	47.8	5.53444
1	Moroberakan	Control	30 DAT	BLL	28.3	1.98578
1	Moroberakan	Control	30 DAT	TLW	1.06667	0.0881917
1	Moroberakan	Control	30 DAT	BLW	0.783333	0.101379
1	Moroberakan	Control	30 DAT	CCI_TL	331.933	8.22847
1	Moroberakan	Control	30 DAT	CCI_BL	323.633	6.58086
1	Moroberakan	Control	30 DAT	QY_TL	0.843333	0.00666667
1	Moroberakan	Control	30 DAT	QY_BL	0.826667	0.00333333
1	Moroberakan	Control	30 DAT	SFW	16.07	0.873232
1	Moroberakan	Control	30 DAT	SDWC	7.076	0.157513
1	Moroberakan	Control	30 DAT	RFW	4.68533	0.250916
1	Moroberakan	Control	30 DAT	RDW	1.91133	0.130729
1	Moroberakan	Control	30 DAT	Photo_TL	20.84	0.687778
1	Moroberakan	Control	30 DAT	Cond_TL	0.0403226	0.00421746
1	Moroberakan	Control	30 DAT	Ci_TL	308.447	6.29076
1	Moroberakan	Control	30 DAT	Tr_TL	7.18407	0.920857
1	Moroberakan	Control	30 DAT	Photo_BL	18.0019	1.06134
1	Moroberakan	Control	30 DAT	Cond_BL	0.0383203	0.00612798
1	Moroberakan	Control	30 DAT	Ci_BL	306.792	6.33193
1	Moroberakan	Control	30 DAT	Tr_BL	7.05508	1.1803
1	Moroberakan	Control	30 DAT	RL	398.545	0
1	Moroberakan	Control	30 DAT	PA	37.5633	0
1	Moroberakan	Control	30 DAT	SA	118.009	0
1	Moroberakan	Control	30 DAT	AD	0.941467	0
1	Moroberakan	Control	30 DAT	LPV	398.545	0
1	Moroberakan	Control	30 DAT	RV	2.797	0
1	Moroberakan	Control	30 DAT	TPS	1547	0
1	Moroberakan	Control	60 DAT	PH	80.8	5.35942
1	Moroberakan	Control	60 DAT	TN	14.6667	0.333333
1	Moroberakan	Control	60 DAT	LN	49.6667	3.92994
1	Moroberakan	Control	60 DAT	TLL	38.1	0.702377
1	Moroberakan	Control	60 DAT	BLL	34.9333	1.02686
1	Moroberakan	Control	60 DAT	TLW	1	0
1	Moroberakan	Control	60 DAT	BLW	1	0
1	Moroberakan	Control	60 DAT	CCI_TL	362.126	2.18617
1	Moroberakan	Control	60 DAT	CCI_BL	349.506	1.83478
1	Moroberakan	Control	60 DAT	QY_TL	0.836667	0.00333333
1	Moroberakan	Control	60 DAT	QY_BL	0.83	0
1	Moroberakan	Control	60 DAT	SFW	42.765	1.24483
1	Moroberakan	Control	60 DAT	SDWC	33.5903	1.10792
1	Moroberakan	Control	60 DAT	RFW	19.308	0.758137
1	Moroberakan	Control	60 DAT	RDW	14.3487	0.7264
1	Moroberakan	Control	60 DAT	Photo_TL	20.84	0.687778
1	Moroberakan	Control	60 DAT	Cond_TL	0.0403226	0.00421746
1	Moroberakan	Control	60 DAT	Ci_TL	308.447	6.29076
1	Moroberakan	Control	60 DAT	Tr_TL	7.18407	0.920857
1	Moroberakan	Control	60 DAT	Photo_BL	18.0019	1.06134
1	Moroberakan	Control	60 DAT	Cond_BL	0.0383203	0.00612798
1	Moroberakan	Control	60 DAT	Ci_BL	306.792	6.33193
1	Moroberakan	Control	60 DAT	Tr_BL	7.05508	1.1803
1	Moroberakan	Control	60 DAT	RL	456.834	4.38997
1	Moroberakan	Control	60 DAT	PA	175.671	9.51844
1	Moroberakan	Control	60 DAT	SA	551.886	29.903
1	Moroberakan	Control	60 DAT	AD	3.40937	0.638742
1	Moroberakan	Control	60 DAT	LPV	549.555	92.8246
1	Moroberakan	Control	60 DAT	RV	58.455	3.38847
1	Moroberakan	Control	60 DAT	TPS	3321	808.04
1	Moroberakan	Control	Flag leaf	FLL	29.7667	1.53768
1	Moroberakan	Control	Flag leaf	FLW	1.1	0
1	Moroberakan	Control	Flag leaf	CCI_FL	354.067	2.53292
1	Moroberakan	Control	Flag leaf	QY_FL	0.826667	0.00333333
1	Moroberakan	Control	Flag leaf	Photo_FL	25.8514	0.0113663
1	Moroberakan	Control	Flag leaf	Cond_FL	0.3588	0.000872923
1	Moroberakan	Control	Flag leaf	Ci_FL	301.583	0.321564
1	Moroberakan	Control	Flag leaf	Tr_FL	10.3801	0.0130786
1	Moroberakan	Control	End of season	DTB	85	0
1	Moroberakan	Control	End of season	DTH	90	0
1	Moroberakan	Control	End of season	PH	106.333	7.12585
1	Moroberakan	Control	End of season	TN	19	0.57735
1	Moroberakan	Control	End of season	PT	12.3333	0.333333
1	Moroberakan	Control	End of season	SFW	48.8	0.162583
1	Moroberakan	Control	End of season	SDW	32.0467	0.0289156
1	Moroberakan	Control	End of season	GWPP	16.9633	0.42881
1	Moroberakan	Control	End of season	TGW	18.98	0.37
1	Moroberakan	Control	End of season	HI	0.52931	0.0129309
1	Moroberakan	Control	30 DAT	rLL	0.61163	0.0971306
1	Moroberakan	Control	30 DAT	rLW	0.728535	0.0360899
1	Moroberakan	Control	30 DAT	rCCI	0.975572	0.019066
1	Moroberakan	Control	30 DAT	dCCI	8.3	6.32376
1	Moroberakan	Control	30 DAT	rQY	0.980392	0.0103755
1	Moroberakan	Control	30 DAT	dQY	0.0166667	0.00881917
1	Moroberakan	Control	30 DAT	rPhoto	0.868164	0.0749706
1	Moroberakan	Control	30 DAT	rCond	0.942455	0.0642109
1	Moroberakan	Control	30 DAT	rCi	0.994658	0.00553212
1	Moroberakan	Control	30 DAT	rTr	0.977382	0.0699423
1	Moroberakan	Control	60 DAT	rLL	0.91681	0.0195014
1	Moroberakan	Control	60 DAT	rLW	1	0
1	Moroberakan	Control	60 DAT	rCCI	0.965213	0.00726797
1	Moroberakan	Control	60 DAT	dCCI	12.6203	2.67197
1	Moroberakan	Control	60 DAT	rQY	0.992063	0.00396825
1	Moroberakan	Control	60 DAT	dQY	0.00666667	0.00333333
1	Moroberakan	Control	60 DAT	rPhoto	0.868164	0.0749706
1	Moroberakan	Control	60 DAT	rCond	0.942455	0.0642109
1	Moroberakan	Control	60 DAT	rCi	0.994658	0.00553212
1	Moroberakan	Control	60 DAT	rTr	0.977382	0.0699423
1	Moroberakan	NStress	0 DAT	PH	35.5	0
1	Moroberakan	NStress	0 DAT	TLL	22.4667	0.266667
1	Moroberakan	NStress	0 DAT	TLW	0.366667	0.0166667
1	Moroberakan	NStress	0 DAT	BLL	17.4667	2.16667
1	Moroberakan	NStress	0 DAT	BLW	0.166667	0.0333333
1	Moroberakan	NStress	0 DAT	SFW	0.345	0.0456107
1	Moroberakan	NStress	0 DAT	RFW	0.193667	0.0401262
1	Moroberakan	NStress	0 DAT	SDW	0.198333	0.0819641
1	Moroberakan	NStress	0 DAT	RDW	0.0776667	0.0178357
1	Moroberakan	NStress	0 DAT	Photo	12.1067	0.275776
1	Moroberakan	NStress	0 DAT	Cond	0.275104	0.00264626
1	Moroberakan	NStress	0 DAT	Ci	243.117	1.05459
1	Moroberakan	NStress	0 DAT	Tr	4.59309	0.0343827
1	Moroberakan	NStress	0 DAT	Vpd	1.66004	0.00269403
1	Moroberakan	NStress	0 DAT	CT	29.8211	0.00642886
1	Moroberakan	NStress	0 DAT	RL	121.437	20.7135
1	Moroberakan	NStress	0 DAT	PA	5.19093	0.740262
1	Moroberakan	NStress	0 DAT	SA	16.3078	2.32567
1	Moroberakan	NStress	0 DAT	AD	0.432567	0.015572
1	Moroberakan	NStress	0 DAT	LPV	121.437	20.7135
1	Moroberakan	NStress	0 DAT	RV	0.174333	0.0202183
1	Moroberakan	NStress	0 DAT	TPS	678	51.0523
1	Moroberakan	NStress	30 DAT	PH	48.7667	1.48586
1	Moroberakan	NStress	30 DAT	TN	5	1
1	Moroberakan	NStress	30 DAT	LN	10.6667	2.96273
1	Moroberakan	NStress	30 DAT	TLL	32.5	1.35277
1	Moroberakan	NStress	30 DAT	BLL	24.2333	6.02504
1	Moroberakan	NStress	30 DAT	TLW	0.933333	0.0666667
1	Moroberakan	NStress	30 DAT	BLW	0.633333	0.166667
1	Moroberakan	NStress	30 DAT	CCI_TL	179.767	5.38186
1	Moroberakan	NStress	30 DAT	CCI_BL	125.8	8.46306
1	Moroberakan	NStress	30 DAT	QY_TL	0.696667	0.00881917
1	Moroberakan	NStress	30 DAT	QY_BL	0.616667	0.00333333
1	Moroberakan	NStress	30 DAT	SFW	4.35433	0.757015
1	Moroberakan	NStress	30 DAT	SDWC	1.427	0.222487
1	Moroberakan	NStress	30 DAT	RFW	7.40333	1.56689
1	Moroberakan	NStress	30 DAT	RDW	2.39667	0.566696
1	Moroberakan	NStress	30 DAT	Photo_TL	17.3233	3.43747
1	Moroberakan	NStress	30 DAT	Cond_TL	0.0294155	0.00513705
1	Moroberakan	NStress	30 DAT	Ci_TL	284.886	4.24474
1	Moroberakan	NStress	30 DAT	Tr_TL	6.41348	1.1439
1	Moroberakan	NStress	30 DAT	Photo_BL	8.94164	2.14643
1	Moroberakan	NStress	30 DAT	Cond_BL	0.0151141	0.000911129
1	Moroberakan	NStress	30 DAT	Ci_BL	284.587	8.45241
1	Moroberakan	NStress	30 DAT	Tr_BL	3.55545	0.215636
1	Moroberakan	NStress	30 DAT	RL	736.069	17.1574
1	Moroberakan	NStress	30 DAT	PA	89.4902	4.98657
1	Moroberakan	NStress	30 DAT	SA	281.142	15.6658
1	Moroberakan	NStress	30 DAT	AD	1.21305	0.0394619
1	Moroberakan	NStress	30 DAT	LPV	736.069	17.1574
1	Moroberakan	NStress	30 DAT	RV	8.5725	0.752576
1	Moroberakan	NStress	30 DAT	TPS	2427.33	149.811
1	Moroberakan	NStress	60 DAT	PH	75.3667	5.39269
1	Moroberakan	NStress	60 DAT	TN	8.33333	0.333333
1	Moroberakan	NStress	60 DAT	LN	31.3333	1.20185
1	Moroberakan	NStress	60 DAT	TLL	25.1667	1.66667
1	Moroberakan	NStress	60 DAT	BLL	24.2667	8.83635
1	Moroberakan	NStress	60 DAT	TLW	0.966667	0.0333333
1	Moroberakan	NStress	60 DAT	BLW	0.966667	0.0333333
1	Moroberakan	NStress	60 DAT	CCI_TL	274.453	29.1526
1	Moroberakan	NStress	60 DAT	CCI_BL	67.6832	7.35462
1	Moroberakan	NStress	60 DAT	QY_TL	0.743333	0.00666667
1	Moroberakan	NStress	60 DAT	QY_BL	0.696667	0.00666667
1	Moroberakan	NStress	60 DAT	SFW	39.263	2.07195
1	Moroberakan	NStress	60 DAT	SDWC	24.6637	0.578002
1	Moroberakan	NStress	60 DAT	RFW	11.4813	0.435487
1	Moroberakan	NStress	60 DAT	RDW	9.44367	0.254593
1	Moroberakan	NStress	60 DAT	Photo_TL	24.1811	0.695406
1	Moroberakan	NStress	60 DAT	Cond_TL	0.307367	0.0243294
1	Moroberakan	NStress	60 DAT	Ci_TL	379.608	0.913485
1	Moroberakan	NStress	60 DAT	Tr_TL	11.6336	0.629301
1	Moroberakan	NStress	60 DAT	Photo_BL	14.8418	1.22543
1	Moroberakan	NStress	60 DAT	Cond_BL	0.144392	0.0171973
1	Moroberakan	NStress	60 DAT	Ci_BL	390.79	1.01548
1	Moroberakan	NStress	60 DAT	Tr_BL	6.18565	0.486146
1	Moroberakan	NStress	60 DAT	RL	882.757	101.217
1	Moroberakan	NStress	60 DAT	PA	180.478	27.2771
1	Moroberakan	NStress	60 DAT	SA	373.293	20.4441
1	Moroberakan	NStress	60 DAT	AD	2.17037	0.348954
1	Moroberakan	NStress	60 DAT	LPV	782.757	3.25527
1	Moroberakan	NStress	60 DAT	RV	50.161	19.1249
1	Moroberakan	NStress	60 DAT	TPS	4765	301.377
1	Moroberakan	NStress	Flag leaf	FLL	14.6333	1.51914
1	Moroberakan	NStress	Flag leaf	FLW	0.966667	0.0333333
1	Moroberakan	NStress	Flag leaf	CCI_FL	288.261	7.61009
1	Moroberakan	NStress	Flag leaf	QY_FL	0.813333	0.00333333
1	Moroberakan	NStress	Flag leaf	Photo_FL	20.0725	0.0207232
1	Moroberakan	NStress	Flag leaf	Cond_FL	0.319302	0.000121717
1	Moroberakan	NStress	Flag leaf	Ci_FL	299.495	0.125797
1	Moroberakan	NStress	Flag leaf	Tr_FL	13.0896	0.00474226
1	Moroberakan	NStress	End of season	DTB	82	0
1	Moroberakan	NStress	End of season	DTH	87	0
1	Moroberakan	NStress	End of season	PH	90.6667	7.26483
1	Moroberakan	NStress	End of season	TN	4	0
1	Moroberakan	NStress	End of season	PT	3	0
1	Moroberakan	NStress	End of season	SFW	44.6433	1.35077
1	Moroberakan	NStress	End of season	SDW	22.7633	1.04039
1	Moroberakan	NStress	End of season	GWPP	6.22333	0.580842
1	Moroberakan	NStress	End of season	TGW	14.254	0.449944
1	Moroberakan	NStress	End of season	HI	0.272264	0.0143765
1	Moroberakan	NStress	30 DAT	rLL	0.732291	0.161868
1	Moroberakan	NStress	30 DAT	rLW	0.7	0.208167
1	Moroberakan	NStress	30 DAT	rCCI	0.701478	0.055229
1	Moroberakan	NStress	30 DAT	dCCI	53.9667	10.7936
1	Moroberakan	NStress	30 DAT	rQY	0.885338	0.00687864
1	Moroberakan	NStress	30 DAT	dQY	0.08	0.0057735
1	Moroberakan	NStress	30 DAT	rPhoto	0.50749	0.0531673
1	Moroberakan	NStress	30 DAT	rCond	0.558038	0.130942
1	Moroberakan	NStress	30 DAT	rCi	0.998591	0.0176469
1	Moroberakan	NStress	30 DAT	rTr	0.594239	0.124346
1	Moroberakan	NStress	60 DAT	rLL	0.94926	0.339974
1	Moroberakan	NStress	60 DAT	rLW	1	0
1	Moroberakan	NStress	60 DAT	rCCI	0.246746	0.00772694
1	Moroberakan	NStress	60 DAT	dCCI	206.77	22.131
1	Moroberakan	NStress	60 DAT	rQY	0.937291	0.00865564
1	Moroberakan	NStress	60 DAT	dQY	0.0466667	0.00666667
1	Moroberakan	NStress	60 DAT	rPhoto	0.613702	0.0457023
1	Moroberakan	NStress	60 DAT	rCond	0.473878	0.0575964
1	Moroberakan	NStress	60 DAT	rCi	1.02946	0.0012173
1	Moroberakan	NStress	60 DAT	rTr	0.532816	0.0369216
2	IR83388-B-B108-3	Control	0 DAT	PH	32.2	2.84488
2	IR83388-B-B108-3	Control	0 DAT	TLL	20.1333	1.86667
2	IR83388-B-B108-3	Control	0 DAT	TLW	0.55	0.05
2	IR83388-B-B108-3	Control	0 DAT	BLL	13.05	1.0681
2	IR83388-B-B108-3	Control	0 DAT	BLW	0.366667	0.145297
2	IR83388-B-B108-3	Control	0 DAT	SFW	0.592667	0.108785
2	IR83388-B-B108-3	Control	0 DAT	RFW	0.386667	0.0202759
2	IR83388-B-B108-3	Control	0 DAT	SDW	0.178333	0.0399388
2	IR83388-B-B108-3	Control	0 DAT	RDW	0.164667	0.0215278
2	IR83388-B-B108-3	Control	0 DAT	Photo	11.7428	0.161629
2	IR83388-B-B108-3	Control	0 DAT	Cond	0.273189	0.00913329
2	IR83388-B-B108-3	Control	0 DAT	Ci	244.045	1.84586
2	IR83388-B-B108-3	Control	0 DAT	Tr	4.6433	0.133882
2	IR83388-B-B108-3	Control	0 DAT	Vpd	1.68937	0.0049929
2	IR83388-B-B108-3	Control	0 DAT	CT	29.9677	0.0235999
2	IR83388-B-B108-3	Control	0 DAT	RL	121.715	5.29806
2	IR83388-B-B108-3	Control	0 DAT	PA	6.76663	1.04393
2	IR83388-B-B108-3	Control	0 DAT	SA	21.258	3.27962
2	IR83388-B-B108-3	Control	0 DAT	AD	0.550767	0.0601411
2	IR83388-B-B108-3	Control	0 DAT	LPV	121.715	5.29806
2	IR83388-B-B108-3	Control	0 DAT	RV	0.302667	0.080109
2	IR83388-B-B108-3	Control	0 DAT	TPS	445.333	27.7449
2	IR83388-B-B108-3	Control	30 DAT	PH	50.7	1.90788
2	IR83388-B-B108-3	Control	30 DAT	TN	5	0.57735
2	IR83388-B-B108-3	Control	30 DAT	LN	15.6667	1.45297
2	IR83388-B-B108-3	Control	30 DAT	TLL	31.2	0.52915
2	IR83388-B-B108-3	Control	30 DAT	BLL	23.3667	2.31685
2	IR83388-B-B108-3	Control	30 DAT	TLW	0.766667	0.0333333
2	IR83388-B-B108-3	Control	30 DAT	BLW	0.833333	0.0333333
2	IR83388-B-B108-3	Control	30 DAT	CCI_TL	136.667	5.38682
2	IR83388-B-B108-3	Control	30 DAT	CCI_BL	110.733	3.39329
2	IR83388-B-B108-3	Control	30 DAT	QY_TL	0.843333	0.00333333
2	IR83388-B-B108-3	Control	30 DAT	QY_BL	0.836667	0.00881917
2	IR83388-B-B108-3	Control	30 DAT	SFW	9.32067	1.76678
2	IR83388-B-B108-3	Control	30 DAT	SDWC	4.29767	1.15522
2	IR83388-B-B108-3	Control	30 DAT	RFW	3.883	0.608323
2	IR83388-B-B108-3	Control	30 DAT	RDW	1.07667	0.0284859
2	IR83388-B-B108-3	Control	30 DAT	Photo_TL	24.2175	0.538042
2	IR83388-B-B108-3	Control	30 DAT	Cond_TL	0.0552868	0.00256994
2	IR83388-B-B108-3	Control	30 DAT	Ci_TL	282.274	2.12416
2	IR83388-B-B108-3	Control	30 DAT	Tr_TL	11.5167	0.767277
2	IR83388-B-B108-3	Control	30 DAT	Photo_BL	27.256	1.11603
2	IR83388-B-B108-3	Control	30 DAT	Cond_BL	0.0503756	0.00540822
2	IR83388-B-B108-3	Control	30 DAT	Ci_BL	260.029	19.5087
2	IR83388-B-B108-3	Control	30 DAT	Tr_BL	12.2304	1.0273
2	IR83388-B-B108-3	Control	30 DAT	RL	371.634	30.4101
2	IR83388-B-B108-3	Control	30 DAT	PA	55.0311	11.2218
2	IR83388-B-B108-3	Control	30 DAT	SA	172.885	35.2544
2	IR83388-B-B108-3	Control	30 DAT	AD	1.47808	0.206893
2	IR83388-B-B108-3	Control	30 DAT	LPV	371.634	30.4101
2	IR83388-B-B108-3	Control	30 DAT	RV	8.09683	2.86703
2	IR83388-B-B108-3	Control	30 DAT	TPS	1256	104.115
2	IR83388-B-B108-3	Control	60 DAT	PH	87.5333	3.46426
2	IR83388-B-B108-3	Control	60 DAT	TN	26.6667	1.20185
2	IR83388-B-B108-3	Control	60 DAT	LN	86.6667	3.4801
2	IR83388-B-B108-3	Control	60 DAT	TLL	38.4667	1.18369
2	IR83388-B-B108-3	Control	60 DAT	BLL	36.6	1.90875
2	IR83388-B-B108-3	Control	60 DAT	TLW	1.2	0
2	IR83388-B-B108-3	Control	60 DAT	BLW	0.8	0
2	IR83388-B-B108-3	Control	60 DAT	CCI_TL	382.944	2.44789
2	IR83388-B-B108-3	Control	60 DAT	CCI_BL	315.8	1.40088
2	IR83388-B-B108-3	Control	60 DAT	QY_TL	0.84	0
2	IR83388-B-B108-3	Control	60 DAT	QY_BL	0.83	0.0057735
2	IR83388-B-B108-3	Control	60 DAT	SFW	27.8917	1.60015
2	IR83388-B-B108-3	Control	60 DAT	SDWC	17.6813	1.09578
2	IR83388-B-B108-3	Control	60 DAT	RFW	11.8817	0.490657
2	IR83388-B-B108-3	Control	60 DAT	RDW	6.38167	0.293405
2	IR83388-B-B108-3	Control	60 DAT	Photo_TL	26.6188	1.44749
2	IR83388-B-B108-3	Control	60 DAT	Cond_TL	0.0497386	0.0057536
2	IR83388-B-B108-3	Control	60 DAT	Ci_TL	259.755	20.8883
2	IR83388-B-B108-3	Control	60 DAT	Tr_TL	12.127	1.13937
2	IR83388-B-B108-3	Control	60 DAT	Photo_BL	24.5922	0.777082
2	IR83388-B-B108-3	Control	60 DAT	Cond_BL	0.0555224	0.00233916
2	IR83388-B-B108-3	Control	60 DAT	Ci_BL	281.584	1.58553
2	IR83388-B-B108-3	Control	60 DAT	Tr_BL	11.6291	0.654929
2	IR83388-B-B108-3	Control	60 DAT	RL	483	1.16133
2	IR83388-B-B108-3	Control	60 DAT	PA	136.816	15.8617
2	IR83388-B-B108-3	Control	60 DAT	SA	429.821	49.8311
2	IR83388-B-B108-3	Control	60 DAT	AD	2.8342	0.335773
2	IR83388-B-B108-3	Control	60 DAT	LPV	483	1.16133
2	IR83388-B-B108-3	Control	60 DAT	RV	23.7695	0.564937
2	IR83388-B-B108-3	Control	60 DAT	TPS	2911.33	337.507
2	IR83388-B-B108-3	Control	Flag leaf	FLL	30.5	0.11547
2	IR83388-B-B108-3	Control	Flag leaf	FLW	1.7	0
2	IR83388-B-B108-3	Control	Flag leaf	CCI_FL	353.044	3.95722
2	IR83388-B-B108-3	Control	Flag leaf	QY_FL	0.82	0
2	IR83388-B-B108-3	Control	Flag leaf	Photo_FL	22.1606	0.0331344
2	IR83388-B-B108-3	Control	Flag leaf	Cond_FL	0.370098	0.000204643
2	IR83388-B-B108-3	Control	Flag leaf	Ci_FL	318.831	0.16322
2	IR83388-B-B108-3	Control	Flag leaf	Tr_FL	11.5387	0.00221409
2	IR83388-B-B108-3	Control	End of season	DTB	91	0
2	IR83388-B-B108-3	Control	End of season	DTH	97	0
2	IR83388-B-B108-3	Control	End of season	PH	87.3333	0.666667
2	IR83388-B-B108-3	Control	End of season	TN	28.3333	2.4037
2	IR83388-B-B108-3	Control	End of season	PT	17.6667	1.76383
2	IR83388-B-B108-3	Control	End of season	SFW	53.43	0.887543
2	IR83388-B-B108-3	Control	End of season	SDW	37.4067	0.683528
2	IR83388-B-B108-3	Control	End of season	GWPP	17.12	0.49521
2	IR83388-B-B108-3	Control	End of season	TGW	21.9067	0.137396
2	IR83388-B-B108-3	Control	End of season	HI	0.457525	0.00601007
2	IR83388-B-B108-3	Control	30 DAT	rLL	0.747021	0.0614605
2	IR83388-B-B108-3	Control	30 DAT	rLW	1.08929	0.0449395
2	IR83388-B-B108-3	Control	30 DAT	rCCI	0.81447	0.0555892
2	IR83388-B-B108-3	Control	30 DAT	dCCI	25.9333	8.49241
2	IR83388-B-B108-3	Control	30 DAT	rQY	0.99211	0.0104903
2	IR83388-B-B108-3	Control	30 DAT	dQY	0.00666667	0.00881917
2	IR83388-B-B108-3	Control	30 DAT	rPhoto	1.12576	0.0418069
2	IR83388-B-B108-3	Control	30 DAT	rCond	0.914178	0.0994423
2	IR83388-B-B108-3	Control	30 DAT	rCi	0.920318	0.0630281
2	IR83388-B-B108-3	Control	30 DAT	rTr	1.06012	0.0319442
2	IR83388-B-B108-3	Control	60 DAT	rLL	0.950244	0.0219055
2	IR83388-B-B108-3	Control	60 DAT	rLW	0.666667	0
2	IR83388-B-B108-3	Control	60 DAT	rCCI	0.824697	0.00346845
2	IR83388-B-B108-3	Control	60 DAT	dCCI	67.1434	1.66536
2	IR83388-B-B108-3	Control	60 DAT	rQY	0.988095	0.00687322
2	IR83388-B-B108-3	Control	60 DAT	dQY	0.01	0.0057735
2	IR83388-B-B108-3	Control	60 DAT	rPhoto	0.929414	0.0603303
2	IR83388-B-B108-3	Control	60 DAT	rCond	1.14722	0.146895
2	IR83388-B-B108-3	Control	60 DAT	rCi	1.09832	0.0888509
2	IR83388-B-B108-3	Control	60 DAT	rTr	0.966532	0.0423885
2	IR83388-B-B108-3	NStress	0 DAT	PH	32.2	2.84488
2	IR83388-B-B108-3	NStress	0 DAT	TLL	20.1333	1.86667
2	IR83388-B-B108-3	NStress	0 DAT	TLW	0.55	0.05
2	IR83388-B-B108-3	NStress	0 DAT	BLL	13.05	1.0681
2	IR83388-B-B108-3	NStress	0 DAT	BLW	0.366667	0.145297
2	IR83388-B-B108-3	NStress	0 DAT	SFW	0.486	0.021362
2	IR83388-B-B108-3	NStress	0 DAT	RFW	0.386667	0.0202759
2	IR83388-B-B108-3	NStress	0 DAT	SDW	0.178333	0.0399388
2	IR83388-B-B108-3	NStress	0 DAT	RDW	0.164667	0.0215278
2	IR83388-B-B108-3	NStress	0 DAT	Photo	11.7428	0.161629
2	IR83388-B-B108-3	NStress	0 DAT	Cond	0.273189	0.00913329
2	IR83388-B-B108-3	NStress	0 DAT	Ci	244.045	1.84586
2	IR83388-B-B108-3	NStress	0 DAT	Tr	4.6433	0.133882
2	IR83388-B-B108-3	NStress	0 DAT	Vpd	1.68937	0.0049929
2	IR83388-B-B108-3	NStress	0 DAT	CT	29.9677	0.0235999
2	IR83388-B-B108-3	NStress	0 DAT	RL	121.715	5.29806
2	IR83388-B-B108-3	NStress	0 DAT	PA	6.76663	1.04393
2	IR83388-B-B108-3	NStress	0 DAT	SA	21.258	3.27962
2	IR83388-B-B108-3	NStress	0 DAT	AD	0.550767	0.0601411
2	IR83388-B-B108-3	NStress	0 DAT	LPV	121.715	5.29806
2	IR83388-B-B108-3	NStress	0 DAT	RV	0.302667	0.080109
2	IR83388-B-B108-3	NStress	0 DAT	TPS	445.333	27.7449
2	IR83388-B-B108-3	NStress	30 DAT	PH	43.0667	3.43333
2	IR83388-B-B108-3	NStress	30 DAT	TN	7.33333	0.333333
2	IR83388-B-B108-3	NStress	30 DAT	LN	19.6667	1.76383
2	IR83388-B-B108-3	NStress	30 DAT	TLL	28.0333	2.4251
2	IR83388-B-B108-3	NStress	30 DAT	BLL	21.8	4.28991
2	IR83388-B-B108-3	NStress	30 DAT	TLW	0.733333	0.0881917
2	IR83388-B-B108-3	NStress	30 DAT	BLW	0.533333	0.120185
2	IR83388-B-B108-3	NStress	30 DAT	CCI_TL	342.467	9.88776
2	IR83388-B-B108-3	NStress	30 DAT	CCI_BL	214.533	11.6765
2	IR83388-B-B108-3	NStress	30 DAT	QY_TL	0.75	0.0173205
2	IR83388-B-B108-3	NStress	30 DAT	QY_BL	0.693333	0.00881917
2	IR83388-B-B108-3	NStress	30 DAT	SFW	6.61767	1.18996
2	IR83388-B-B108-3	NStress	30 DAT	SDWC	2.349	0.487785
2	IR83388-B-B108-3	NStress	30 DAT	RFW	7.10267	1.49036
2	IR83388-B-B108-3	NStress	30 DAT	RDW	2.84333	0.310153
2	IR83388-B-B108-3	NStress	30 DAT	Photo_TL	19.4509	1.20597
2	IR83388-B-B108-3	NStress	30 DAT	Cond_TL	0.0232872	0.00171835
2	IR83388-B-B108-3	NStress	30 DAT	Ci_TL	253.997	11.9774
2	IR83388-B-B108-3	NStress	30 DAT	Tr_TL	6.35943	0.527716
2	IR83388-B-B108-3	NStress	30 DAT	Photo_BL	11.5594	4.0963
2	IR83388-B-B108-3	NStress	30 DAT	Cond_BL	0.0202527	0.005632
2	IR83388-B-B108-3	NStress	30 DAT	Ci_BL	265.25	7.72892
2	IR83388-B-B108-3	NStress	30 DAT	Tr_BL	5.04749	1.10302
2	IR83388-B-B108-3	NStress	30 DAT	RL	424.305	27.9025
2	IR83388-B-B108-3	NStress	30 DAT	PA	74.4678	22.6833
2	IR83388-B-B108-3	NStress	30 DAT	SA	233.948	71.2617
2	IR83388-B-B108-3	NStress	30 DAT	AD	1.83643	0.659347
2	IR83388-B-B108-3	NStress	30 DAT	LPV	424.305	27.9025
2	IR83388-B-B108-3	NStress	30 DAT	RV	13.0627	7.02053
2	IR83388-B-B108-3	NStress	30 DAT	TPS	1436.33	72.2042
2	IR83388-B-B108-3	NStress	60 DAT	PH	70.6333	0.24037
2	IR83388-B-B108-3	NStress	60 DAT	TN	8	0
2	IR83388-B-B108-3	NStress	60 DAT	LN	31	0.57735
2	IR83388-B-B108-3	NStress	60 DAT	TLL	22.7333	0.536449
2	IR83388-B-B108-3	NStress	60 DAT	BLL	20.9	6.6
2	IR83388-B-B108-3	NStress	60 DAT	TLW	0.8	0
2	IR83388-B-B108-3	NStress	60 DAT	BLW	1	0
2	IR83388-B-B108-3	NStress	60 DAT	CCI_TL	302.244	24.1187
2	IR83388-B-B108-3	NStress	60 DAT	CCI_BL	182.195	4.04287
2	IR83388-B-B108-3	NStress	60 DAT	QY_TL	0.78	0.01
2	IR83388-B-B108-3	NStress	60 DAT	QY_BL	0.703333	0.00666667
2	IR83388-B-B108-3	NStress	60 DAT	SFW	39.4043	0.726872
2	IR83388-B-B108-3	NStress	60 DAT	SDWC	23.547	0.911744
2	IR83388-B-B108-3	NStress	60 DAT	RFW	11.8133	0.580921
2	IR83388-B-B108-3	NStress	60 DAT	RDW	9.253	0.324546
2	IR83388-B-B108-3	NStress	60 DAT	Photo_TL	21.1901	0.987922
2	IR83388-B-B108-3	NStress	60 DAT	Cond_TL	0.222937	0.0258813
2	IR83388-B-B108-3	NStress	60 DAT	Ci_TL	385.888	1.70561
2	IR83388-B-B108-3	NStress	60 DAT	Tr_TL	8.81056	0.931458
2	IR83388-B-B108-3	NStress	60 DAT	Photo_BL	11.7361	1.81883
2	IR83388-B-B108-3	NStress	60 DAT	Cond_BL	0.112548	0.0212992
2	IR83388-B-B108-3	NStress	60 DAT	Ci_BL	397.192	2.41701
2	IR83388-B-B108-3	NStress	60 DAT	Tr_BL	4.83966	0.849979
2	IR83388-B-B108-3	NStress	60 DAT	RL	819.339	116.548
2	IR83388-B-B108-3	NStress	60 DAT	PA	103.199	11.4383
2	IR83388-B-B108-3	NStress	60 DAT	SA	324.208	35.9345
2	IR83388-B-B108-3	NStress	60 DAT	AD	1.27755	0.0421177
2	IR83388-B-B108-3	NStress	60 DAT	LPV	752.673	67.6019
2	IR83388-B-B108-3	NStress	60 DAT	RV	94.5743	8.31084
2	IR83388-B-B108-3	NStress	60 DAT	TPS	3420.75	277.85
2	IR83388-B-B108-3	NStress	Flag leaf	FLL	15.5333	0.643774
2	IR83388-B-B108-3	NStress	Flag leaf	FLW	1	0
2	IR83388-B-B108-3	NStress	Flag leaf	CCI_FL	270.58	0.973012
2	IR83388-B-B108-3	NStress	Flag leaf	QY_FL	0.83	0
2	IR83388-B-B108-3	NStress	Flag leaf	Photo_FL	21.5282	0.0190201
2	IR83388-B-B108-3	NStress	Flag leaf	Cond_FL	0.293604	0.000138507
2	IR83388-B-B108-3	NStress	Flag leaf	Ci_FL	282.018	0.0566057
2	IR83388-B-B108-3	NStress	Flag leaf	Tr_FL	13.2137	0.00475205
2	IR83388-B-B108-3	NStress	End of season	DTB	88	0
2	IR83388-B-B108-3	NStress	End of season	DTH	94	0
2	IR83388-B-B108-3	NStress	End of season	PH	76	1
2	IR83388-B-B108-3	NStress	End of season	TN	11	2.08167
2	IR83388-B-B108-3	NStress	End of season	PT	6.33333	1.33333
2	IR83388-B-B108-3	NStress	End of season	SFW	35.6167	1.73287
2	IR83388-B-B108-3	NStress	End of season	SDW	24.43	2.16737
2	IR83388-B-B108-3	NStress	End of season	GWPP	11.805	0.751715
2	IR83388-B-B108-3	NStress	End of season	TGW	16.5827	0.308308
2	IR83388-B-B108-3	NStress	End of season	HI	0.485554	0.0141113
2	IR83388-B-B108-3	NStress	30 DAT	rLL	0.762417	0.0943387
2	IR83388-B-B108-3	NStress	30 DAT	rLW	0.71164	0.108272
2	IR83388-B-B108-3	NStress	30 DAT	rCCI	0.625584	0.0169973
2	IR83388-B-B108-3	NStress	30 DAT	dCCI	127.933	3.12214
2	IR83388-B-B108-3	NStress	30 DAT	rQY	0.925242	0.0203235
2	IR83388-B-B108-3	NStress	30 DAT	dQY	0.0566667	0.0166667
2	IR83388-B-B108-3	NStress	30 DAT	rPhoto	0.585919	0.194619
2	IR83388-B-B108-3	NStress	30 DAT	rCond	0.900295	0.274547
2	IR83388-B-B108-3	NStress	30 DAT	rCi	1.0515	0.0764847
2	IR83388-B-B108-3	NStress	30 DAT	rTr	0.787441	0.155833
2	IR83388-B-B108-3	NStress	60 DAT	rLL	0.906901	0.276129
2	IR83388-B-B108-3	NStress	60 DAT	rLW	1.25	0
2	IR83388-B-B108-3	NStress	60 DAT	rCCI	0.609192	0.0408678
2	IR83388-B-B108-3	NStress	60 DAT	dCCI	120.05	20.7458
2	IR83388-B-B108-3	NStress	60 DAT	rQY	0.902121	0.0176309
2	IR83388-B-B108-3	NStress	60 DAT	dQY	0.0766667	0.0145297
2	IR83388-B-B108-3	NStress	60 DAT	rPhoto	0.55066	0.074564
2	IR83388-B-B108-3	NStress	60 DAT	rCond	0.501655	0.0769077
2	IR83388-B-B108-3	NStress	60 DAT	rCi	1.02929	0.003511
2	IR83388-B-B108-3	NStress	60 DAT	rTr	0.54444	0.069315
3	IR77298-14-1-2-10	Control	0 DAT	PH	30.6667	1.45297
3	IR77298-14-1-2-10	Control	0 DAT	TLL	17.7	1.40119
3	IR77298-14-1-2-10	Control	0 DAT	TLW	0.266667	0.0440959
3	IR77298-14-1-2-10	Control	0 DAT	BLL	14.7333	2.10581
3	IR77298-14-1-2-10	Control	0 DAT	BLW	0.116667	0.0166667
3	IR77298-14-1-2-10	Control	0 DAT	SFW	0.342333	0.0762328
3	IR77298-14-1-2-10	Control	0 DAT	RFW	0.228333	0.015899
3	IR77298-14-1-2-10	Control	0 DAT	SDW	0.146	0.0194679
3	IR77298-14-1-2-10	Control	0 DAT	RDW	0.0723333	0.0194622
3	IR77298-14-1-2-10	Control	0 DAT	Photo	11.6801	0.136082
3	IR77298-14-1-2-10	Control	0 DAT	Cond	0.266598	0.00316022
3	IR77298-14-1-2-10	Control	0 DAT	Ci	241.764	0.130477
3	IR77298-14-1-2-10	Control	0 DAT	Tr	4.54345	0.0453704
3	IR77298-14-1-2-10	Control	0 DAT	Vpd	1.69116	0.00214865
3	IR77298-14-1-2-10	Control	0 DAT	CT	30.0023	0.00335067
3	IR77298-14-1-2-10	Control	0 DAT	RL	142.372	13.1838
3	IR77298-14-1-2-10	Control	0 DAT	PA	6.3743	0.809348
3	IR77298-14-1-2-10	Control	0 DAT	SA	20.0255	2.54262
3	IR77298-14-1-2-10	Control	0 DAT	AD	0.4493	0.0423108
3	IR77298-14-1-2-10	Control	0 DAT	LPV	142.372	13.1838
3	IR77298-14-1-2-10	Control	0 DAT	RV	0.228333	0.0467808
3	IR77298-14-1-2-10	Control	0 DAT	TPS	622	6.35085
3	IR77298-14-1-2-10	Control	30 DAT	PH	46.1	1.24231
3	IR77298-14-1-2-10	Control	30 DAT	TN	9	1.73205
3	IR77298-14-1-2-10	Control	30 DAT	LN	27.6667	6.06447
3	IR77298-14-1-2-10	Control	30 DAT	TLL	30.1333	0.338296
3	IR77298-14-1-2-10	Control	30 DAT	BLL	23.6667	2.32403
3	IR77298-14-1-2-10	Control	30 DAT	TLW	0.866667	0.0881917
3	IR77298-14-1-2-10	Control	30 DAT	BLW	0.733333	0.0666667
3	IR77298-14-1-2-10	Control	30 DAT	CCI_TL	434.133	12.571
3	IR77298-14-1-2-10	Control	30 DAT	CCI_BL	414.433	2.88752
3	IR77298-14-1-2-10	Control	30 DAT	QY_TL	0.833333	0.00881917
3	IR77298-14-1-2-10	Control	30 DAT	QY_BL	0.83	0.0057735
3	IR77298-14-1-2-10	Control	30 DAT	SFW	9.62733	1.91792
3	IR77298-14-1-2-10	Control	30 DAT	SDWC	4.13233	1.29208
3	IR77298-14-1-2-10	Control	30 DAT	RFW	3.39167	0.576819
3	IR77298-14-1-2-10	Control	30 DAT	RDW	1.46733	0.279798
3	IR77298-14-1-2-10	Control	30 DAT	Photo_TL	19.2714	3.06704
3	IR77298-14-1-2-10	Control	30 DAT	Cond_TL	0.050151	0.00585222
3	IR77298-14-1-2-10	Control	30 DAT	Ci_TL	265.857	3.70241
3	IR77298-14-1-2-10	Control	30 DAT	Tr_TL	12.2669	0.738254
3	IR77298-14-1-2-10	Control	30 DAT	Photo_BL	18.778	1.87066
3	IR77298-14-1-2-10	Control	30 DAT	Cond_BL	0.045323	0.00903621
3	IR77298-14-1-2-10	Control	30 DAT	Ci_BL	271.71	4.37426
3	IR77298-14-1-2-10	Control	30 DAT	Tr_BL	10.6911	1.79099
3	IR77298-14-1-2-10	Control	30 DAT	RL	482.078	37.1671
3	IR77298-14-1-2-10	Control	30 DAT	PA	60.1677	6.78925
3	IR77298-14-1-2-10	Control	30 DAT	SA	189.19	21.3276
3	IR77298-14-1-2-10	Control	30 DAT	AD	1.14335	0.0902865
3	IR77298-14-1-2-10	Control	30 DAT	LPV	462.052	42.2188
3	IR77298-14-1-2-10	Control	30 DAT	RV	6.27056	0.868408
3	IR77298-14-1-2-10	Control	30 DAT	TPS	1475.64	198.444
3	IR77298-14-1-2-10	Control	60 DAT	PH	66.4333	1.96751
3	IR77298-14-1-2-10	Control	60 DAT	TN	30.3333	1.20185
3	IR77298-14-1-2-10	Control	60 DAT	LN	101.333	4.97773
3	IR77298-14-1-2-10	Control	60 DAT	TLL	37.6667	1.56773
3	IR77298-14-1-2-10	Control	60 DAT	BLL	33.3333	1.30427
3	IR77298-14-1-2-10	Control	60 DAT	TLW	0.8	0
3	IR77298-14-1-2-10	Control	60 DAT	BLW	0.8	0
3	IR77298-14-1-2-10	Control	60 DAT	CCI_TL	285.514	7.59926
3	IR77298-14-1-2-10	Control	60 DAT	CCI_BL	319.485	3.29456
3	IR77298-14-1-2-10	Control	60 DAT	QY_TL	0.836667	0.00333333
3	IR77298-14-1-2-10	Control	60 DAT	QY_BL	0.823333	0.00333333
3	IR77298-14-1-2-10	Control	60 DAT	SFW	47.7777	0.676929
3	IR77298-14-1-2-10	Control	60 DAT	SDWC	27.9073	0.85363
3	IR77298-14-1-2-10	Control	60 DAT	RFW	17.964	0.478437
3	IR77298-14-1-2-10	Control	60 DAT	RDW	9.29767	0.212584
3	IR77298-14-1-2-10	Control	60 DAT	Photo_TL	24.2857	1.51441
3	IR77298-14-1-2-10	Control	60 DAT	Cond_TL	0.050027	0.00423061
3	IR77298-14-1-2-10	Control	60 DAT	Ci_TL	254.848	15.5167
3	IR77298-14-1-2-10	Control	60 DAT	Tr_TL	12.9039	0.500107
3	IR77298-14-1-2-10	Control	60 DAT	Photo_BL	17.1833	2.42787
3	IR77298-14-1-2-10	Control	60 DAT	Cond_BL	0.0502967	0.00587604
3	IR77298-14-1-2-10	Control	60 DAT	Ci_BL	269.759	5.33213
3	IR77298-14-1-2-10	Control	60 DAT	Tr_BL	12.2816	0.73662
3	IR77298-14-1-2-10	Control	60 DAT	RL	596.335	56.7888
3	IR77298-14-1-2-10	Control	60 DAT	PA	160.396	23.8966
3	IR77298-14-1-2-10	Control	60 DAT	SA	435.007	29.8347
3	IR77298-14-1-2-10	Control	60 DAT	AD	2.69525	0.141422
3	IR77298-14-1-2-10	Control	60 DAT	LPV	491.277	119.424
3	IR77298-14-1-2-10	Control	60 DAT	RV	45.8957	12.5899
3	IR77298-14-1-2-10	Control	60 DAT	TPS	3852.67	737.406
3	IR77298-14-1-2-10	Control	Flag leaf	FLL	28.8333	0.24037
3	IR77298-14-1-2-10	Control	Flag leaf	FLW	1.2	0
3	IR77298-14-1-2-10	Control	Flag leaf	CCI_FL	337.722	3.37387
3	IR77298-14-1-2-10	Control	Flag leaf	QY_FL	0.83	0
3	IR77298-14-1-2-10	Control	Flag leaf	Photo_FL	29.8257	0.0520268
3	IR77298-14-1-2-10	Control	Flag leaf	Cond_FL	0.65981	0.00090972
3	IR77298-14-1-2-10	Control	Flag leaf	Ci_FL	332.61	0.0666807
3	IR77298-14-1-2-10	Control	Flag leaf	Tr_FL	15.3259	0.00865453
3	IR77298-14-1-2-10	Control	End of season	DTB	93	0
3	IR77298-14-1-2-10	Control	End of season	DTH	97	0
3	IR77298-14-1-2-10	Control	End of season	PH	81	2
3	IR77298-14-1-2-10	Control	End of season	TN	22.6667	1.20185
3	IR77298-14-1-2-10	Control	End of season	PT	10.3333	0.881917
3	IR77298-14-1-2-10	Control	End of season	SFW	50.2267	0.587107
3	IR77298-14-1-2-10	Control	End of season	SDW	37.5044	0.400199
3	IR77298-14-1-2-10	Control	End of season	GWPP	15.81	0.370405
3	IR77298-14-1-2-10	Control	End of season	TGW	21.0967	0.293561
3	IR77298-14-1-2-10	Control	End of season	HI	0.421435	0.00541157
3	IR77298-14-1-2-10	Control	30 DAT	rLL	0.785323	0.0768874
3	IR77298-14-1-2-10	Control	30 DAT	rLW	0.848677	0.0260068
3	IR77298-14-1-2-10	Control	30 DAT	rCCI	0.956076	0.026035
3	IR77298-14-1-2-10	Control	30 DAT	dCCI	19.7	11.8934
3	IR77298-14-1-2-10	Control	30 DAT	rQY	0.996078	0.00392157
3	IR77298-14-1-2-10	Control	30 DAT	dQY	0.00333333	0.00333333
3	IR77298-14-1-2-10	Control	30 DAT	rPhoto	1.07447	0.316106
3	IR77298-14-1-2-10	Control	30 DAT	rCond	0.947739	0.26325
3	IR77298-14-1-2-10	Control	30 DAT	rCi	1.02232	0.0196799
3	IR77298-14-1-2-10	Control	30 DAT	rTr	0.87858	0.163376
3	IR77298-14-1-2-10	Control	60 DAT	rLL	0.888273	0.053721
3	IR77298-14-1-2-10	Control	60 DAT	rLW	1	0
3	IR77298-14-1-2-10	Control	60 DAT	rCCI	1.12004	0.0204589
3	IR77298-14-1-2-10	Control	60 DAT	dCCI	-33.9715	4.88775
3	IR77298-14-1-2-10	Control	60 DAT	rQY	0.984127	0.00793651
3	IR77298-14-1-2-10	Control	60 DAT	dQY	0.0133333	0.00666667
3	IR77298-14-1-2-10	Control	60 DAT	rPhoto	0.723263	0.137113
3	IR77298-14-1-2-10	Control	60 DAT	rCond	0.999575	0.0345501
3	IR77298-14-1-2-10	Control	60 DAT	rCi	1.06439	0.0488369
3	IR77298-14-1-2-10	Control	60 DAT	rTr	0.95664	0.0789367
3	IR77298-14-1-2-10	NStress	0 DAT	PH	30.6667	1.45297
3	IR77298-14-1-2-10	NStress	0 DAT	TLL	17.7	1.40119
3	IR77298-14-1-2-10	NStress	0 DAT	TLW	0.266667	0.120185
3	IR77298-14-1-2-10	NStress	0 DAT	BLL	14.7333	2.10581
3	IR77298-14-1-2-10	NStress	0 DAT	BLW	0.116667	0.0166667
3	IR77298-14-1-2-10	NStress	0 DAT	SFW	0.2165	0.0210733
3	IR77298-14-1-2-10	NStress	0 DAT	RFW	0.228333	0.015899
3	IR77298-14-1-2-10	NStress	0 DAT	SDW	0.129333	0.0228789
3	IR77298-14-1-2-10	NStress	0 DAT	RDW	0.0723333	0.0194622
3	IR77298-14-1-2-10	NStress	0 DAT	Photo	11.6801	0.136082
3	IR77298-14-1-2-10	NStress	0 DAT	Cond	0.266598	0.00316022
3	IR77298-14-1-2-10	NStress	0 DAT	Ci	241.764	0.130477
3	IR77298-14-1-2-10	NStress	0 DAT	Tr	4.54345	0.0453704
3	IR77298-14-1-2-10	NStress	0 DAT	Vpd	1.69116	0.00214865
3	IR77298-14-1-2-10	NStress	0 DAT	CT	30.0023	0.00335067
3	IR77298-14-1-2-10	NStress	0 DAT	RL	142.372	13.1838
3	IR77298-14-1-2-10	NStress	0 DAT	PA	6.3743	0.809348
3	IR77298-14-1-2-10	NStress	0 DAT	SA	20.0255	2.54262
3	IR77298-14-1-2-10	NStress	0 DAT	AD	0.4493	0.0423108
3	IR77298-14-1-2-10	NStress	0 DAT	LPV	142.372	13.1838
3	IR77298-14-1-2-10	NStress	0 DAT	RV	0.228333	0.0467808
3	IR77298-14-1-2-10	NStress	0 DAT	TPS	622	6.35085
3	IR77298-14-1-2-10	NStress	30 DAT	PH	44.8667	2.39537
3	IR77298-14-1-2-10	NStress	30 DAT	TN	7.33333	0.333333
3	IR77298-14-1-2-10	NStress	30 DAT	LN	18	2.51661
3	IR77298-14-1-2-10	NStress	30 DAT	TLL	29	2.12838
3	IR77298-14-1-2-10	NStress	30 DAT	BLL	24.2667	1.88532
3	IR77298-14-1-2-10	NStress	30 DAT	TLW	0.9	0.057735
3	IR77298-14-1-2-10	NStress	30 DAT	BLW	0.7	0.057735
3	IR77298-14-1-2-10	NStress	30 DAT	CCI_TL	330.7	21.5927
3	IR77298-14-1-2-10	NStress	30 DAT	CCI_BL	203.267	5.85216
3	IR77298-14-1-2-10	NStress	30 DAT	QY_TL	0.753333	0.0266667
3	IR77298-14-1-2-10	NStress	30 DAT	QY_BL	0.7	0.0152753
3	IR77298-14-1-2-10	NStress	30 DAT	SFW	7.93	0.872246
3	IR77298-14-1-2-10	NStress	30 DAT	SDWC	2.221	0.0633193
3	IR77298-14-1-2-10	NStress	30 DAT	RFW	6.05567	0.546919
3	IR77298-14-1-2-10	NStress	30 DAT	RDW	2.28367	0.187272
3	IR77298-14-1-2-10	NStress	30 DAT	Photo_TL	23.9734	1.00292
3	IR77298-14-1-2-10	NStress	30 DAT	Cond_TL	0.040664	0.00392765
3	IR77298-14-1-2-10	NStress	30 DAT	Ci_TL	250.367	8.90343
3	IR77298-14-1-2-10	NStress	30 DAT	Tr_TL	10.5551	0.761099
3	IR77298-14-1-2-10	NStress	30 DAT	Photo_BL	11.7801	2.70905
3	IR77298-14-1-2-10	NStress	30 DAT	Cond_BL	0.0149163	0.00319595
3	IR77298-14-1-2-10	NStress	30 DAT	Ci_BL	242.173	15.0591
3	IR77298-14-1-2-10	NStress	30 DAT	Tr_BL	4.68821	1.10961
3	IR77298-14-1-2-10	NStress	30 DAT	RL	546.453	24.5635
3	IR77298-14-1-2-10	NStress	30 DAT	PA	72.0099	3.34273
3	IR77298-14-1-2-10	NStress	30 DAT	SA	226.226	10.5015
3	IR77298-14-1-2-10	NStress	30 DAT	AD	1.31923	0.0440226
3	IR77298-14-1-2-10	NStress	30 DAT	LPV	546.453	24.5635
3	IR77298-14-1-2-10	NStress	30 DAT	RV	7.469	0.49018
3	IR77298-14-1-2-10	NStress	30 DAT	TPS	1861.67	199.378
3	IR77298-14-1-2-10	NStress	60 DAT	PH	71.3667	0.633333
3	IR77298-14-1-2-10	NStress	60 DAT	TN	10.3333	0.333333
3	IR77298-14-1-2-10	NStress	60 DAT	LN	38.6667	1.20185
3	IR77298-14-1-2-10	NStress	60 DAT	TLL	25.2667	0.669162
3	IR77298-14-1-2-10	NStress	60 DAT	BLL	25.8333	0.841295
3	IR77298-14-1-2-10	NStress	60 DAT	TLW	0.7	0
3	IR77298-14-1-2-10	NStress	60 DAT	BLW	0.8	0
3	IR77298-14-1-2-10	NStress	60 DAT	CCI_TL	276.671	6.76937
3	IR77298-14-1-2-10	NStress	60 DAT	CCI_BL	146.034	15.5783
3	IR77298-14-1-2-10	NStress	60 DAT	QY_TL	0.79	0
3	IR77298-14-1-2-10	NStress	60 DAT	QY_BL	0.7	0.0152753
3	IR77298-14-1-2-10	NStress	60 DAT	SFW	30.4937	0.946382
3	IR77298-14-1-2-10	NStress	60 DAT	SDWC	25.4247	0.219588
3	IR77298-14-1-2-10	NStress	60 DAT	RFW	15.2713	0.249176
3	IR77298-14-1-2-10	NStress	60 DAT	RDW	9.866	0.32325
3	IR77298-14-1-2-10	NStress	60 DAT	Photo_TL	20.5033	0.289395
3	IR77298-14-1-2-10	NStress	60 DAT	Cond_TL	0.24334	0.0177832
3	IR77298-14-1-2-10	NStress	60 DAT	Ci_TL	390.405	0.964477
3	IR77298-14-1-2-10	NStress	60 DAT	Tr_TL	9.1576	0.408722
3	IR77298-14-1-2-10	NStress	60 DAT	Photo_BL	15.3351	0.47272
3	IR77298-14-1-2-10	NStress	60 DAT	Cond_BL	0.150139	0.0119448
3	IR77298-14-1-2-10	NStress	60 DAT	Ci_BL	395.062	0.900525
3	IR77298-14-1-2-10	NStress	60 DAT	Tr_BL	6.15304	0.463688
3	IR77298-14-1-2-10	NStress	60 DAT	RL	1175.28	140.05
3	IR77298-14-1-2-10	NStress	60 DAT	PA	164.895	9.90187
3	IR77298-14-1-2-10	NStress	60 DAT	SA	449.425	75.3293
3	IR77298-14-1-2-10	NStress	60 DAT	AD	1.22827	0.204517
3	IR77298-14-1-2-10	NStress	60 DAT	LPV	1175.28	140.05
3	IR77298-14-1-2-10	NStress	60 DAT	RV	80.0382	10.2762
3	IR77298-14-1-2-10	NStress	60 DAT	TPS	4529	498.34
3	IR77298-14-1-2-10	NStress	Flag leaf	FLL	22.3	0.46188
3	IR77298-14-1-2-10	NStress	Flag leaf	FLW	0.8	0
3	IR77298-14-1-2-10	NStress	Flag leaf	CCI_FL	266.608	4.61219
3	IR77298-14-1-2-10	NStress	Flag leaf	QY_FL	0.816667	0.00333333
3	IR77298-14-1-2-10	NStress	Flag leaf	Photo_FL	15.5241	0.0348266
3	IR77298-14-1-2-10	NStress	Flag leaf	Cond_FL	0.26813	0.000154058
3	IR77298-14-1-2-10	NStress	Flag leaf	Ci_FL	316.14	0.270131
3	IR77298-14-1-2-10	NStress	Flag leaf	Tr_FL	11.3295	0.00549305
3	IR77298-14-1-2-10	NStress	End of season	DTB	89	0
3	IR77298-14-1-2-10	NStress	End of season	DTH	94	0
3	IR77298-14-1-2-10	NStress	End of season	PH	70	1.73205
3	IR77298-14-1-2-10	NStress	End of season	TN	10.3333	0.333333
3	IR77298-14-1-2-10	NStress	End of season	PT	5.33333	0.333333
3	IR77298-14-1-2-10	NStress	End of season	SFW	39.02	0.458839
3	IR77298-14-1-2-10	NStress	End of season	SDW	23.19	0.3995
3	IR77298-14-1-2-10	NStress	End of season	GWPP	9.89	0.144684
3	IR77298-14-1-2-10	NStress	End of season	TGW	13.9533	0.104775
3	IR77298-14-1-2-10	NStress	End of season	HI	0.426562	0.0046787
3	IR77298-14-1-2-10	NStress	30 DAT	rLL	0.852457	0.116065
3	IR77298-14-1-2-10	NStress	30 DAT	rLW	0.788889	0.105993
3	IR77298-14-1-2-10	NStress	30 DAT	rCCI	0.618383	0.032635
3	IR77298-14-1-2-10	NStress	30 DAT	dCCI	127.433	18.837
3	IR77298-14-1-2-10	NStress	30 DAT	rQY	0.930647	0.0251979
3	IR77298-14-1-2-10	NStress	30 DAT	dQY	0.0533333	0.0202759
3	IR77298-14-1-2-10	NStress	30 DAT	rPhoto	0.49345	0.111257
3	IR77298-14-1-2-10	NStress	30 DAT	rCond	0.387909	0.11533
3	IR77298-14-1-2-10	NStress	30 DAT	rCi	0.970361	0.0715843
3	IR77298-14-1-2-10	NStress	30 DAT	rTr	0.459614	0.123797
3	IR77298-14-1-2-10	NStress	60 DAT	rLL	1.0256	0.0599713
3	IR77298-14-1-2-10	NStress	60 DAT	rLW	1.14286	0
3	IR77298-14-1-2-10	NStress	60 DAT	rCCI	0.530625	0.0656698
3	IR77298-14-1-2-10	NStress	60 DAT	dCCI	130.637	21.408
3	IR77298-14-1-2-10	NStress	60 DAT	rQY	0.886076	0.0193358
3	IR77298-14-1-2-10	NStress	60 DAT	dQY	0.09	0.0152753
3	IR77298-14-1-2-10	NStress	60 DAT	rPhoto	0.748323	0.0265604
3	IR77298-14-1-2-10	NStress	60 DAT	rCond	0.619189	0.0385026
3	IR77298-14-1-2-10	NStress	60 DAT	rCi	1.01194	0.00196878
3	IR77298-14-1-2-10	NStress	60 DAT	rTr	0.672736	0.0449744
4	PUSA1121	Control	0 DAT	PH	32.1	2.05994
4	PUSA1121	Control	0 DAT	TLL	18.9333	2.92822
4	PUSA1121	Control	0 DAT	TLW	0.3	0.0288675
4	PUSA1121	Control	0 DAT	BLL	16.3667	1.8415
4	PUSA1121	Control	0 DAT	BLW	0.2	0.057735
4	PUSA1121	Control	0 DAT	SFW	0.230667	0.0133458
4	PUSA1121	Control	0 DAT	RFW	0.167667	0.0127061
4	PUSA1121	Control	0 DAT	SDW	0.106667	0.00751295
4	PUSA1121	Control	0 DAT	RDW	0.0743333	0.00272845
4	PUSA1121	Control	0 DAT	Photo	12.8658	0.915031
4	PUSA1121	Control	0 DAT	Cond	0.241606	0.0238605
4	PUSA1121	Control	0 DAT	Ci	232.081	7.24508
4	PUSA1121	Control	0 DAT	Tr	4.19482	0.342896
4	PUSA1121	Control	0 DAT	Vpd	1.72279	0.0224554
4	PUSA1121	Control	0 DAT	CT	29.6854	0.146702
4	PUSA1121	Control	0 DAT	RL	131.994	20.426
4	PUSA1121	Control	0 DAT	PA	6.2381	2.56654
4	PUSA1121	Control	0 DAT	SA	19.5976	8.06296
4	PUSA1121	Control	0 DAT	AD	0.4395	0.113526
4	PUSA1121	Control	0 DAT	LPV	131.994	20.426
4	PUSA1121	Control	0 DAT	RV	0.261	0.166656
4	PUSA1121	Control	0 DAT	TPS	776.333	93.7591
4	PUSA1121	Control	30 DAT	PH	52.2333	8.71671
4	PUSA1121	Control	30 DAT	TN	8.33333	0.333333
4	PUSA1121	Control	30 DAT	LN	22.3333	0.881917
4	PUSA1121	Control	30 DAT	TLL	39.7667	0.333333
4	PUSA1121	Control	30 DAT	BLL	28.5	3.005
4	PUSA1121	Control	30 DAT	TLW	0.75	0.0763763
4	PUSA1121	Control	30 DAT	BLW	0.683333	0.0440959
4	PUSA1121	Control	30 DAT	CCI_TL	257.6	11.9939
4	PUSA1121	Control	30 DAT	CCI_BL	235.467	13.8557
4	PUSA1121	Control	30 DAT	QY_TL	0.84	0.01
4	PUSA1121	Control	30 DAT	QY_BL	0.84	0.0057735
4	PUSA1121	Control	30 DAT	SFW	12.3373	1.16945
4	PUSA1121	Control	30 DAT	SDWC	5.72833	0.513745
4	PUSA1121	Control	30 DAT	RFW	6.21267	0.533357
4	PUSA1121	Control	30 DAT	RDW	1.592	0.15627
4	PUSA1121	Control	30 DAT	Photo_TL	23.0555	1.91619
4	PUSA1121	Control	30 DAT	Cond_TL	0.0626951	0.0043079
4	PUSA1121	Control	30 DAT	Ci_TL	289.133	2.03065
4	PUSA1121	Control	30 DAT	Tr_TL	11.6129	0.700845
4	PUSA1121	Control	30 DAT	Photo_BL	17.4059	0.429335
4	PUSA1121	Control	30 DAT	Cond_BL	0.0550013	0.00812195
4	PUSA1121	Control	30 DAT	Ci_BL	294.085	2.68999
4	PUSA1121	Control	30 DAT	Tr_BL	10.2472	1.21982
4	PUSA1121	Control	30 DAT	RL	321.139	9.46608
4	PUSA1121	Control	30 DAT	PA	32.2343	5.46093
4	PUSA1121	Control	30 DAT	SA	101.267	17.156
4	PUSA1121	Control	30 DAT	AD	1.00853	0.145415
4	PUSA1121	Control	30 DAT	LPV	321.139	9.46608
4	PUSA1121	Control	30 DAT	RV	2.7195	0.793183
4	PUSA1121	Control	30 DAT	TPS	1356.67	141.258
4	PUSA1121	Control	60 DAT	PH	76.2	1.47986
4	PUSA1121	Control	60 DAT	TN	21	0.57735
4	PUSA1121	Control	60 DAT	LN	71	2
4	PUSA1121	Control	60 DAT	TLL	37.6	2.46644
4	PUSA1121	Control	60 DAT	BLL	38	1.5
4	PUSA1121	Control	60 DAT	TLW	1.13333	0.0333333
4	PUSA1121	Control	60 DAT	BLW	0.966667	0.0333333
4	PUSA1121	Control	60 DAT	CCI_TL	222.223	5.27887
4	PUSA1121	Control	60 DAT	CCI_BL	180.886	4.56317
4	PUSA1121	Control	60 DAT	QY_TL	0.84	0
4	PUSA1121	Control	60 DAT	QY_BL	0.833333	0.00333333
4	PUSA1121	Control	60 DAT	SFW	39.536	1.37638
4	PUSA1121	Control	60 DAT	SDWC	26.347	3.12472
4	PUSA1121	Control	60 DAT	RFW	13.7903	2.07004
4	PUSA1121	Control	60 DAT	RDW	7.02033	0.0572752
4	PUSA1121	Control	60 DAT	Photo_TL	23.0555	1.91619
4	PUSA1121	Control	60 DAT	Cond_TL	0.0626951	0.0043079
4	PUSA1121	Control	60 DAT	Ci_TL	289.133	2.03065
4	PUSA1121	Control	60 DAT	Tr_TL	11.6129	0.700845
4	PUSA1121	Control	60 DAT	Photo_BL	17.4059	0.429335
4	PUSA1121	Control	60 DAT	Cond_BL	0.0550013	0.00812195
4	PUSA1121	Control	60 DAT	Ci_BL	294.085	2.68999
4	PUSA1121	Control	60 DAT	Tr_BL	10.2472	1.21982
4	PUSA1121	Control	60 DAT	RL	386.522	31.0487
4	PUSA1121	Control	60 DAT	PA	219.332	20.7344
4	PUSA1121	Control	60 DAT	SA	460.469	57.8807
4	PUSA1121	Control	60 DAT	AD	5.6547	0.0822147
4	PUSA1121	Control	60 DAT	LPV	386.522	31.0487
4	PUSA1121	Control	60 DAT	RV	64.476	14.5774
4	PUSA1121	Control	60 DAT	TPS	3778.33	430.836
4	PUSA1121	Control	Flag leaf	FLL	27.6	0.305505
4	PUSA1121	Control	Flag leaf	FLW	1.5	0
4	PUSA1121	Control	Flag leaf	CCI_FL	270.569	2.91913
4	PUSA1121	Control	Flag leaf	QY_FL	0.84	0
4	PUSA1121	Control	Flag leaf	Photo_FL	24.4815	0.0596164
4	PUSA1121	Control	Flag leaf	Cond_FL	0.432222	0.000136081
4	PUSA1121	Control	Flag leaf	Ci_FL	319.831	0.245918
4	PUSA1121	Control	Flag leaf	Tr_FL	13.5848	0.00243158
4	PUSA1121	Control	End of season	DTB	94	0
4	PUSA1121	Control	End of season	DTH	99	0
4	PUSA1121	Control	End of season	PH	79	4.58258
4	PUSA1121	Control	End of season	TN	22.3333	1.20185
4	PUSA1121	Control	End of season	PT	9.66667	0.333333
4	PUSA1121	Control	End of season	SFW	57.0407	0.270827
4	PUSA1121	Control	End of season	SDW	32.01	0.3995
4	PUSA1121	Control	End of season	GWPP	14.4333	0.252212
4	PUSA1121	Control	End of season	TGW	15.35	0.347755
4	PUSA1121	Control	End of season	HI	0.450894	0.00529987
4	PUSA1121	Control	30 DAT	rLL	0.715507	0.0701626
4	PUSA1121	Control	30 DAT	rLW	0.919118	0.0404968
4	PUSA1121	Control	30 DAT	rCCI	0.913967	0.0339383
4	PUSA1121	Control	30 DAT	dCCI	22.1333	8.52337
4	PUSA1121	Control	30 DAT	rQY	1.00043	0.0183937
4	PUSA1121	Control	30 DAT	dQY	0	0.0152753
4	PUSA1121	Control	30 DAT	rPhoto	0.763107	0.0490769
4	PUSA1121	Control	30 DAT	rCond	0.867286	0.0772318
4	PUSA1121	Control	30 DAT	rCi	1.01733	0.0155163
4	PUSA1121	Control	30 DAT	rTr	0.875746	0.0557141
4	PUSA1121	Control	60 DAT	rLL	1.02388	0.101447
4	PUSA1121	Control	60 DAT	rLW	0.853535	0.02812
4	PUSA1121	Control	60 DAT	rCCI	0.814198	0.0149228
4	PUSA1121	Control	60 DAT	dCCI	41.3369	3.8037
4	PUSA1121	Control	60 DAT	rQY	0.992063	0.00396825
4	PUSA1121	Control	60 DAT	dQY	0.00666667	0.00333333
4	PUSA1121	Control	60 DAT	rPhoto	0.763107	0.0490769
4	PUSA1121	Control	60 DAT	rCond	0.867286	0.0772318
4	PUSA1121	Control	60 DAT	rCi	1.01733	0.0155163
4	PUSA1121	Control	60 DAT	rTr	0.875746	0.0557141
4	PUSA1121	NStress	0 DAT	PH	32.1	2.05994
4	PUSA1121	NStress	0 DAT	TLL	18.9333	2.92822
4	PUSA1121	NStress	0 DAT	TLW	0.266667	0.0600925
4	PUSA1121	NStress	0 DAT	BLL	16.3667	1.8415
4	PUSA1121	NStress	0 DAT	BLW	0.2	0.057735
4	PUSA1121	NStress	0 DAT	SFW	0.230667	0.0133458
4	PUSA1121	NStress	0 DAT	RFW	0.167667	0.0127061
4	PUSA1121	NStress	0 DAT	SDW	0.14	0.0273008
4	PUSA1121	NStress	0 DAT	RDW	0.0743333	0.00272845
4	PUSA1121	NStress	0 DAT	Photo	12.8658	0.915031
4	PUSA1121	NStress	0 DAT	Cond	0.241606	0.0238605
4	PUSA1121	NStress	0 DAT	Ci	232.081	7.24508
4	PUSA1121	NStress	0 DAT	Tr	4.19482	0.342896
4	PUSA1121	NStress	0 DAT	Vpd	1.72279	0.0224554
4	PUSA1121	NStress	0 DAT	CT	29.6854	0.146702
4	PUSA1121	NStress	0 DAT	RL	131.994	20.426
4	PUSA1121	NStress	0 DAT	PA	3.68505	0.262839
4	PUSA1121	NStress	0 DAT	SA	11.577	0.825726
4	PUSA1121	NStress	0 DAT	AD	0.326	0.00242487
4	PUSA1121	NStress	0 DAT	LPV	112.887	7.21979
4	PUSA1121	NStress	0 DAT	RV	0.0945	0.00721688
4	PUSA1121	NStress	0 DAT	TPS	776.333	93.7591
4	PUSA1121	NStress	30 DAT	PH	42.3667	1.47686
4	PUSA1121	NStress	30 DAT	TN	4.33333	0.333333
4	PUSA1121	NStress	30 DAT	LN	13.6667	0.881917
4	PUSA1121	NStress	30 DAT	TLL	28.2333	1.43101
4	PUSA1121	NStress	30 DAT	BLL	22.7333	2.05291
4	PUSA1121	NStress	30 DAT	TLW	0.5	0.057735
4	PUSA1121	NStress	30 DAT	BLW	0.366667	0.0333333
4	PUSA1121	NStress	30 DAT	CCI_TL	381.733	15.9846
4	PUSA1121	NStress	30 DAT	CCI_BL	194.5	16.652
4	PUSA1121	NStress	30 DAT	QY_TL	0.756667	0.0176383
4	PUSA1121	NStress	30 DAT	QY_BL	0.676667	0.031798
4	PUSA1121	NStress	30 DAT	SFW	4.577	0.440293
4	PUSA1121	NStress	30 DAT	SDWC	1.65667	0.184463
4	PUSA1121	NStress	30 DAT	RFW	4.92167	0.076027
4	PUSA1121	NStress	30 DAT	RDW	1.73933	0.13486
4	PUSA1121	NStress	30 DAT	Photo_TL	28.6868	2.30785
4	PUSA1121	NStress	30 DAT	Cond_TL	0.0417811	0.0104812
4	PUSA1121	NStress	30 DAT	Ci_TL	223.348	5.47955
4	PUSA1121	NStress	30 DAT	Tr_TL	12.7853	2.47369
4	PUSA1121	NStress	30 DAT	Photo_BL	7.47646	2.34097
4	PUSA1121	NStress	30 DAT	Cond_BL	0.00987122	0.00283827
4	PUSA1121	NStress	30 DAT	Ci_BL	252.035	12.6686
4	PUSA1121	NStress	30 DAT	Tr_BL	2.93862	0.963595
4	PUSA1121	NStress	30 DAT	RL	274.992	12.5413
4	PUSA1121	NStress	30 DAT	PA	35.676	0.878438
4	PUSA1121	NStress	30 DAT	SA	112.079	2.75968
4	PUSA1121	NStress	30 DAT	AD	1.3099	0.0916832
4	PUSA1121	NStress	30 DAT	LPV	274.992	12.5413
4	PUSA1121	NStress	30 DAT	RV	3.6895	0.347276
4	PUSA1121	NStress	30 DAT	TPS	1112	290.367
4	PUSA1121	NStress	60 DAT	PH	69.2333	2.9248
4	PUSA1121	NStress	60 DAT	TN	12	0.57735
4	PUSA1121	NStress	60 DAT	LN	39.3333	2.60342
4	PUSA1121	NStress	60 DAT	TLL	17.6	7.30365
4	PUSA1121	NStress	60 DAT	BLL	27.3667	1.29915
4	PUSA1121	NStress	60 DAT	TLW	0.6	0
4	PUSA1121	NStress	60 DAT	BLW	0.7	0
4	PUSA1121	NStress	60 DAT	CCI_TL	265.95	9.30503
4	PUSA1121	NStress	60 DAT	CCI_BL	130.889	4.54126
4	PUSA1121	NStress	60 DAT	QY_TL	0.76	0.01
4	PUSA1121	NStress	60 DAT	QY_BL	0.663333	0.0218581
4	PUSA1121	NStress	60 DAT	SFW	31.656	2.05542
4	PUSA1121	NStress	60 DAT	SDWC	26.5303	0.642931
4	PUSA1121	NStress	60 DAT	RFW	14.653	0.664558
4	PUSA1121	NStress	60 DAT	RDW	10.5597	0.477806
4	PUSA1121	NStress	60 DAT	Photo_TL	19.4763	1.42702
4	PUSA1121	NStress	60 DAT	Cond_TL	0.220282	0.0167622
4	PUSA1121	NStress	60 DAT	Ci_TL	394.416	1.96969
4	PUSA1121	NStress	60 DAT	Tr_TL	8.67627	0.708775
4	PUSA1121	NStress	60 DAT	Photo_BL	10.4673	1.58977
4	PUSA1121	NStress	60 DAT	Cond_BL	0.12091	0.0207115
4	PUSA1121	NStress	60 DAT	Ci_BL	404.988	1.46222
4	PUSA1121	NStress	60 DAT	Tr_BL	5.01201	0.756266
4	PUSA1121	NStress	60 DAT	RL	985.099	88.6598
4	PUSA1121	NStress	60 DAT	PA	168.105	8.77258
4	PUSA1121	NStress	60 DAT	SA	528.118	27.5599
4	PUSA1121	NStress	60 DAT	AD	1.21457	0.337198
4	PUSA1121	NStress	60 DAT	LPV	1072.85	12.6851
4	PUSA1121	NStress	60 DAT	RV	36.685	13.3514
4	PUSA1121	NStress	60 DAT	TPS	5518.67	942.455
4	PUSA1121	NStress	Flag leaf	FLL	15.4667	1.56027
4	PUSA1121	NStress	Flag leaf	FLW	0.7	0
4	PUSA1121	NStress	Flag leaf	CCI_FL	249.391	7.63893
4	PUSA1121	NStress	Flag leaf	QY_FL	0.83	0
4	PUSA1121	NStress	Flag leaf	Photo_FL	16.9865	0.0607674
4	PUSA1121	NStress	Flag leaf	Cond_FL	0.25413	0.000247995
4	PUSA1121	NStress	Flag leaf	Ci_FL	300.983	0.409098
4	PUSA1121	NStress	Flag leaf	Tr_FL	10.9407	0.00782074
4	PUSA1121	NStress	End of season	DTB	91	0
4	PUSA1121	NStress	End of season	DTH	97	0
4	PUSA1121	NStress	End of season	PH	72.6667	5.696
4	PUSA1121	NStress	End of season	TN	9	1
4	PUSA1121	NStress	End of season	PT	6	0
4	PUSA1121	NStress	End of season	SFW	42.8833	1.46265
4	PUSA1121	NStress	End of season	SDW	27.6367	1.04007
4	PUSA1121	NStress	End of season	GWPP	9.54333	0.311145
4	PUSA1121	NStress	End of season	TGW	19.23	0.313741
4	PUSA1121	NStress	End of season	HI	0.345444	0.00182949
4	PUSA1121	NStress	30 DAT	rLL	0.803622	0.0487837
4	PUSA1121	NStress	30 DAT	rLW	0.738889	0.0388889
4	PUSA1121	NStress	30 DAT	rCCI	0.507682	0.0247038
4	PUSA1121	NStress	30 DAT	dCCI	187.233	4.25297
4	PUSA1121	NStress	30 DAT	rQY	0.893344	0.0225793
4	PUSA1121	NStress	30 DAT	dQY	0.08	0.0152753
4	PUSA1121	NStress	30 DAT	rPhoto	0.252413	0.060971
4	PUSA1121	NStress	30 DAT	rCond	0.234658	0.0287402
4	PUSA1121	NStress	30 DAT	rCi	1.13115	0.074118
4	PUSA1121	NStress	30 DAT	rTr	0.219888	0.0298357
4	PUSA1121	NStress	60 DAT	rLL	3.55261	2.4073
4	PUSA1121	NStress	60 DAT	rLW	1.16667	0
4	PUSA1121	NStress	60 DAT	rCCI	0.492201	0.00459133
4	PUSA1121	NStress	60 DAT	dCCI	135.06	5.07584
4	PUSA1121	NStress	60 DAT	rQY	0.872821	0.0269479
4	PUSA1121	NStress	60 DAT	dQY	0.0966667	0.0202759
4	PUSA1121	NStress	60 DAT	rPhoto	0.540462	0.0829992
4	PUSA1121	NStress	60 DAT	rCond	0.56527	0.124893
4	PUSA1121	NStress	60 DAT	rCi	1.02683	0.0042878
4	PUSA1121	NStress	60 DAT	rTr	0.595289	0.122927
5	BAM8315	Control	0 DAT	PH	42.4	2.81839
5	BAM8315	Control	0 DAT	TLL	27.9333	0.2848
5	BAM8315	Control	0 DAT	TLW	0.316667	0.101379
5	BAM8315	Control	0 DAT	BLL	17.6	1.96554
5	BAM8315	Control	0 DAT	BLW	0.1	0
5	BAM8315	Control	0 DAT	SFW	0.316233	0.0493402
5	BAM8315	Control	0 DAT	RFW	0.132667	0.00233333
5	BAM8315	Control	0 DAT	SDW	0.113333	0.00825295
5	BAM8315	Control	0 DAT	RDW	0.068	0.00208167
5	BAM8315	Control	0 DAT	Photo	13.7991	0.326592
5	BAM8315	Control	0 DAT	Cond	0.243683	0.00267388
5	BAM8315	Control	0 DAT	Ci	235.041	2.49166
5	BAM8315	Control	0 DAT	Tr	4.3047	0.0483933
5	BAM8315	Control	0 DAT	Vpd	1.75018	0.00152877
5	BAM8315	Control	0 DAT	CT	29.5234	0.00239208
5	BAM8315	Control	0 DAT	RL	220.114	12.2377
5	BAM8315	Control	0 DAT	PA	9.18487	0.863093
5	BAM8315	Control	0 DAT	SA	28.8551	2.71152
5	BAM8315	Control	0 DAT	AD	0.415433	0.0168806
5	BAM8315	Control	0 DAT	LPV	220.114	12.2377
5	BAM8315	Control	0 DAT	RV	0.302	0.0392471
5	BAM8315	Control	0 DAT	TPS	998.333	45.2929
5	BAM8315	Control	30 DAT	PH	54.3	3.70405
5	BAM8315	Control	30 DAT	TN	9.33333	0.666667
5	BAM8315	Control	30 DAT	LN	26.3333	2.90593
5	BAM8315	Control	30 DAT	TLL	35.0333	1.20324
5	BAM8315	Control	30 DAT	BLL	28.5333	2.62953
5	BAM8315	Control	30 DAT	TLW	1.11667	0.109291
5	BAM8315	Control	30 DAT	BLW	1.01667	0.0600925
5	BAM8315	Control	30 DAT	CCI_TL	313.633	9.90965
5	BAM8315	Control	30 DAT	CCI_BL	309.733	5.19145
5	BAM8315	Control	30 DAT	QY_TL	0.836667	0.00666667
5	BAM8315	Control	30 DAT	QY_BL	0.833333	0.00881917
5	BAM8315	Control	30 DAT	SFW	11.6487	1.19643
5	BAM8315	Control	30 DAT	SDWC	5.70333	0.991231
5	BAM8315	Control	30 DAT	RFW	7.981	0.0503322
5	BAM8315	Control	30 DAT	RDW	2.33233	0.0604989
5	BAM8315	Control	30 DAT	Photo_TL	25.4153	0.541028
5	BAM8315	Control	30 DAT	Cond_TL	0.055614	0.00583975
5	BAM8315	Control	30 DAT	Ci_TL	256.151	11.1833
5	BAM8315	Control	30 DAT	Tr_TL	13.0491	0.110438
5	BAM8315	Control	30 DAT	Photo_BL	21.425	3.17597
5	BAM8315	Control	30 DAT	Cond_BL	0.058231	0.00803336
5	BAM8315	Control	30 DAT	Ci_BL	273.388	7.9592
5	BAM8315	Control	30 DAT	Tr_BL	12.1023	0.745964
5	BAM8315	Control	30 DAT	RL	372.232	3.60028
5	BAM8315	Control	30 DAT	PA	47.1927	9.14235
5	BAM8315	Control	30 DAT	SA	148.26	28.7216
5	BAM8315	Control	30 DAT	AD	1.28477	0.262463
5	BAM8315	Control	30 DAT	LPV	372.232	3.60028
5	BAM8315	Control	30 DAT	RV	5.293	1.87562
5	BAM8315	Control	30 DAT	TPS	1110.5	188.697
5	BAM8315	Control	60 DAT	PH	97.9333	2.08833
5	BAM8315	Control	60 DAT	TN	27.3333	0.333333
5	BAM8315	Control	60 DAT	LN	90.6667	3.1798
5	BAM8315	Control	60 DAT	TLL	31.7333	1.84421
5	BAM8315	Control	60 DAT	BLL	34.4333	1.94708
5	BAM8315	Control	60 DAT	TLW	1.1	0
5	BAM8315	Control	60 DAT	BLW	1	0
5	BAM8315	Control	60 DAT	CCI_TL	403.301	4.56921
5	BAM8315	Control	60 DAT	CCI_BL	262.094	2.60982
5	BAM8315	Control	60 DAT	QY_TL	0.83	0
5	BAM8315	Control	60 DAT	QY_BL	0.833333	0.00881917
5	BAM8315	Control	60 DAT	SFW	61.163	1.97967
5	BAM8315	Control	60 DAT	SDWC	34.4407	1.6935
5	BAM8315	Control	60 DAT	RFW	21.7017	0.441297
5	BAM8315	Control	60 DAT	RDW	11.74	0.476063
5	BAM8315	Control	60 DAT	Photo_TL	27.1788	0.447422
5	BAM8315	Control	60 DAT	Cond_TL	0.0713357	0.00230565
5	BAM8315	Control	60 DAT	Ci_TL	278.496	1.27633
5	BAM8315	Control	60 DAT	Tr_TL	13.3643	0.0826329
5	BAM8315	Control	60 DAT	Photo_BL	22.365	2.63579
5	BAM8315	Control	60 DAT	Cond_BL	0.0489023	0.00214006
5	BAM8315	Control	60 DAT	Ci_BL	250.025	6.43065
5	BAM8315	Control	60 DAT	Tr_BL	12.646	0.337973
5	BAM8315	Control	60 DAT	RL	350.302	6.26856
5	BAM8315	Control	60 DAT	PA	264.731	20.8098
5	BAM8315	Control	60 DAT	SA	652.703	35.9165
5	BAM8315	Control	60 DAT	AD	5.9928	0.431858
5	BAM8315	Control	60 DAT	LPV	350.112	6.26569
5	BAM8315	Control	60 DAT	RV	99.5275	12.4381
5	BAM8315	Control	60 DAT	TPS	2981.33	286.967
5	BAM8315	Control	Flag leaf	FLL	28.0333	0.466667
5	BAM8315	Control	Flag leaf	FLW	1.3	0
5	BAM8315	Control	Flag leaf	CCI_FL	318.438	2.2983
5	BAM8315	Control	Flag leaf	QY_FL	0.83	0
5	BAM8315	Control	Flag leaf	Photo_FL	24.3983	0.0698973
5	BAM8315	Control	Flag leaf	Cond_FL	0.657451	0.000176139
5	BAM8315	Control	Flag leaf	Ci_FL	351.161	0.236407
5	BAM8315	Control	Flag leaf	Tr_FL	15.4967	0.00157616
5	BAM8315	Control	End of season	DTB	95	0
5	BAM8315	Control	End of season	DTH	101	0
5	BAM8315	Control	End of season	PH	95.3333	2.90593
5	BAM8315	Control	End of season	TN	12.3333	1.45297
5	BAM8315	Control	End of season	PT	5.33333	0.333333
5	BAM8315	Control	End of season	SFW	54.4533	0.221685
5	BAM8315	Control	End of season	SDW	30.8433	0.100885
5	BAM8315	Control	End of season	GWPP	16.55	0.248261
5	BAM8315	Control	End of season	TGW	22.3867	0.258349
5	BAM8315	Control	End of season	HI	0.536543	0.00635697
5	BAM8315	Control	30 DAT	rLL	0.814718	0.0730265
5	BAM8315	Control	30 DAT	rLW	0.918889	0.0462014
5	BAM8315	Control	30 DAT	rCCI	0.988486	0.0146636
5	BAM8315	Control	30 DAT	dCCI	3.9	4.74377
5	BAM8315	Control	30 DAT	rQY	0.996173	0.0143497
5	BAM8315	Control	30 DAT	dQY	0.00333333	0.0120185
5	BAM8315	Control	30 DAT	rPhoto	0.849059	0.144744
5	BAM8315	Control	30 DAT	rCond	1.0811	0.202112
5	BAM8315	Control	30 DAT	rCi	1.07385	0.0755152
5	BAM8315	Control	30 DAT	rTr	0.928345	0.0639802
5	BAM8315	Control	60 DAT	rLL	1.0889	0.059695
5	BAM8315	Control	60 DAT	rLW	0.909091	0
5	BAM8315	Control	60 DAT	rCCI	0.650183	0.0136767
5	BAM8315	Control	60 DAT	dCCI	141.206	7.17112
5	BAM8315	Control	60 DAT	rQY	1.00402	0.0106255
5	BAM8315	Control	60 DAT	dQY	-0.00333333	0.00881917
5	BAM8315	Control	60 DAT	rPhoto	0.820114	0.0849411
5	BAM8315	Control	60 DAT	rCond	0.685922	0.025215
5	BAM8315	Control	60 DAT	rCi	0.897934	0.0257147
5	BAM8315	Control	60 DAT	rTr	0.946019	0.0197602
5	BAM8315	NStress	0 DAT	PH	42.4	2.81839
5	BAM8315	NStress	0 DAT	TLL	24.6	3.50761
5	BAM8315	NStress	0 DAT	TLW	0.316667	0.101379
5	BAM8315	NStress	0 DAT	BLL	17.6	1.96554
5	BAM8315	NStress	0 DAT	BLW	0.1	0
5	BAM8315	NStress	0 DAT	SFW	0.316233	0.0493402
5	BAM8315	NStress	0 DAT	RFW	0.132667	0.00233333
5	BAM8315	NStress	0 DAT	SDW	0.113333	0.00825295
5	BAM8315	NStress	0 DAT	RDW	0.068	0.00208167
5	BAM8315	NStress	0 DAT	Photo	13.7991	0.326592
5	BAM8315	NStress	0 DAT	Cond	0.243683	0.00267388
5	BAM8315	NStress	0 DAT	Ci	235.041	2.49166
5	BAM8315	NStress	0 DAT	Tr	4.3047	0.0483933
5	BAM8315	NStress	0 DAT	Vpd	1.75018	0.00152877
5	BAM8315	NStress	0 DAT	CT	29.5234	0.00239208
5	BAM8315	NStress	0 DAT	RL	220.114	12.2377
5	BAM8315	NStress	0 DAT	PA	9.18487	0.863093
5	BAM8315	NStress	0 DAT	SA	28.8551	2.71152
5	BAM8315	NStress	0 DAT	AD	0.415433	0.0168806
5	BAM8315	NStress	0 DAT	LPV	220.114	12.2377
5	BAM8315	NStress	0 DAT	RV	0.302	0.0392471
5	BAM8315	NStress	0 DAT	TPS	998.333	45.2929
5	BAM8315	NStress	30 DAT	PH	41.8667	1.1392
5	BAM8315	NStress	30 DAT	TN	4.33333	0.333333
5	BAM8315	NStress	30 DAT	LN	17.3333	0.881917
5	BAM8315	NStress	30 DAT	TLL	26.3333	0.920748
5	BAM8315	NStress	30 DAT	BLL	22.9667	0.523874
5	BAM8315	NStress	30 DAT	TLW	0.733333	0.0333333
5	BAM8315	NStress	30 DAT	BLW	0.8	0.057735
5	BAM8315	NStress	30 DAT	CCI_TL	286	14.2264
5	BAM8315	NStress	30 DAT	CCI_BL	152.467	7.24208
5	BAM8315	NStress	30 DAT	QY_TL	0.693333	0.00666667
5	BAM8315	NStress	30 DAT	QY_BL	0.623333	0.0133333
5	BAM8315	NStress	30 DAT	SFW	7.70133	0.558731
5	BAM8315	NStress	30 DAT	SDWC	2.14	0.132802
5	BAM8315	NStress	30 DAT	RFW	8.46033	0.512339
5	BAM8315	NStress	30 DAT	RDW	2.26767	0.197439
5	BAM8315	NStress	30 DAT	Photo_TL	27.8638	2.51449
5	BAM8315	NStress	30 DAT	Cond_TL	0.0431389	0.00281528
5	BAM8315	NStress	30 DAT	Ci_TL	212.663	2.12329
5	BAM8315	NStress	30 DAT	Tr_TL	14.5035	0.812529
5	BAM8315	NStress	30 DAT	Photo_BL	8.41921	2.89351
5	BAM8315	NStress	30 DAT	Cond_BL	0.0217148	0.00626205
5	BAM8315	NStress	30 DAT	Ci_BL	250.115	6.36217
5	BAM8315	NStress	30 DAT	Tr_BL	6.08862	1.39597
5	BAM8315	NStress	30 DAT	RL	365.996	55.4589
5	BAM8315	NStress	30 DAT	PA	63.0277	7.92711
5	BAM8315	NStress	30 DAT	SA	198.008	24.9037
5	BAM8315	NStress	30 DAT	AD	1.73937	0.060302
5	BAM8315	NStress	30 DAT	LPV	365.996	55.4589
5	BAM8315	NStress	30 DAT	RV	8.54167	0.854829
5	BAM8315	NStress	30 DAT	TPS	783.667	142.869
5	BAM8315	NStress	60 DAT	PH	65.5	2.2301
5	BAM8315	NStress	60 DAT	TN	8.33333	0.333333
5	BAM8315	NStress	60 DAT	LN	32.6667	1.20185
5	BAM8315	NStress	60 DAT	TLL	24.9333	1.31951
5	BAM8315	NStress	60 DAT	BLL	27.8	1.15326
5	BAM8315	NStress	60 DAT	TLW	0.8	0
5	BAM8315	NStress	60 DAT	BLW	1	0
5	BAM8315	NStress	60 DAT	CCI_TL	322.626	4.79836
5	BAM8315	NStress	60 DAT	CCI_BL	244.781	5.61556
5	BAM8315	NStress	60 DAT	QY_TL	0.706667	0.00881917
5	BAM8315	NStress	60 DAT	QY_BL	0.67	0.011547
5	BAM8315	NStress	60 DAT	SFW	33.0137	2.52449
5	BAM8315	NStress	60 DAT	SDWC	23.823	1.34352
5	BAM8315	NStress	60 DAT	RFW	12.1727	0.0974412
5	BAM8315	NStress	60 DAT	RDW	8.71533	0.759918
5	BAM8315	NStress	60 DAT	Photo_TL	21.8948	0.526962
5	BAM8315	NStress	60 DAT	Cond_TL	0.3019	0.0114716
5	BAM8315	NStress	60 DAT	Ci_TL	391.867	1.26887
5	BAM8315	NStress	60 DAT	Tr_TL	10.3968	0.107904
5	BAM8315	NStress	60 DAT	Photo_BL	14.4336	1.0762
5	BAM8315	NStress	60 DAT	Cond_BL	0.156201	0.013436
5	BAM8315	NStress	60 DAT	Ci_BL	400.337	1.62284
5	BAM8315	NStress	60 DAT	Tr_BL	6.06339	0.441202
5	BAM8315	NStress	60 DAT	RL	1040.25	105.5
5	BAM8315	NStress	60 DAT	PA	165.872	1.77703
5	BAM8315	NStress	60 DAT	SA	521.102	5.58266
5	BAM8315	NStress	60 DAT	AD	1.62883	0.169934
5	BAM8315	NStress	60 DAT	LPV	1144.51	16.1099
5	BAM8315	NStress	60 DAT	RV	21.1887	2.05986
5	BAM8315	NStress	60 DAT	TPS	2967.67	139.792
5	BAM8315	NStress	Flag leaf	FLL	19.3667	0.735603
5	BAM8315	NStress	Flag leaf	FLW	1	0
5	BAM8315	NStress	Flag leaf	CCI_FL	283.357	4.73042
5	BAM8315	NStress	Flag leaf	QY_FL	0.803333	0.00333333
5	BAM8315	NStress	Flag leaf	Photo_FL	17.5555	0.0541482
5	BAM8315	NStress	Flag leaf	Cond_FL	0.243231	0.000255001
5	BAM8315	NStress	Flag leaf	Ci_FL	291.918	0.255284
5	BAM8315	NStress	Flag leaf	Tr_FL	10.0764	0.00906098
5	BAM8315	NStress	End of season	DTB	91	0
5	BAM8315	NStress	End of season	DTH	97	0
5	BAM8315	NStress	End of season	PH	82.6667	2.33333
5	BAM8315	NStress	End of season	TN	5.66667	0.333333
5	BAM8315	NStress	End of season	PT	3.66667	0.666667
5	BAM8315	NStress	End of season	SFW	47.05	0.598582
5	BAM8315	NStress	End of season	SDW	23.24	0.866622
5	BAM8315	NStress	End of season	GWPP	7.48167	0.291752
5	BAM8315	NStress	End of season	TGW	15.63	0.462637
5	BAM8315	NStress	End of season	HI	0.321916	0.0032684
5	BAM8315	NStress	30 DAT	rLL	0.874304	0.0364166
5	BAM8315	NStress	30 DAT	rLW	1.08929	0.0449395
5	BAM8315	NStress	30 DAT	rCCI	0.538282	0.0532831
5	BAM8315	NStress	30 DAT	dCCI	133.533	20.9588
5	BAM8315	NStress	30 DAT	rQY	0.89902	0.0165248
5	BAM8315	NStress	30 DAT	dQY	0.07	0.011547
5	BAM8315	NStress	30 DAT	rPhoto	0.325039	0.1367
5	BAM8315	NStress	30 DAT	rCond	0.526386	0.182182
5	BAM8315	NStress	30 DAT	rCi	1.17576	0.0182347
5	BAM8315	NStress	30 DAT	rTr	0.433285	0.121347
5	BAM8315	NStress	60 DAT	rLL	1.12301	0.0864944
5	BAM8315	NStress	60 DAT	rLW	1.25	0
5	BAM8315	NStress	60 DAT	rCCI	0.759375	0.0258305
5	BAM8315	NStress	60 DAT	dCCI	77.8446	9.45545
5	BAM8315	NStress	60 DAT	rQY	0.948008	0.0051841
5	BAM8315	NStress	60 DAT	dQY	0.0366667	0.00333333
5	BAM8315	NStress	60 DAT	rPhoto	0.65762	0.0344859
5	BAM8315	NStress	60 DAT	rCond	0.518092	0.042757
5	BAM8315	NStress	60 DAT	rCi	1.02161	0.000831163
5	BAM8315	NStress	60 DAT	rTr	0.582729	0.0384696
6	BAM812	Control	0 DAT	PH	46.8333	2.08833
6	BAM812	Control	0 DAT	TLL	31.9333	1.11405
6	BAM812	Control	0 DAT	TLW	0.5	0.11547
6	BAM812	Control	0 DAT	BLL	27.6667	1.24677
6	BAM812	Control	0 DAT	BLW	0.283333	0.0833333
6	BAM812	Control	0 DAT	SFW	0.604067	0.0594722
6	BAM812	Control	0 DAT	RFW	0.164	0.0258908
6	BAM812	Control	0 DAT	SDW	0.209967	0.00599175
6	BAM812	Control	0 DAT	RDW	0.053	0.00152753
6	BAM812	Control	0 DAT	Photo	7.35424	0.18593
6	BAM812	Control	0 DAT	Cond	0.0810113	0.000102152
6	BAM812	Control	0 DAT	Ci	189.459	3.86369
6	BAM812	Control	0 DAT	Tr	1.74573	0.00253406
6	BAM812	Control	0 DAT	Vpd	2.0671	0.00106765
6	BAM812	Control	0 DAT	CT	29.6972	8.35831e-05
6	BAM812	Control	0 DAT	RL	201.749	28.7099
6	BAM812	Control	0 DAT	PA	13.5152	1.36133
6	BAM812	Control	0 DAT	SA	42.4594	4.27675
6	BAM812	Control	0 DAT	AD	0.68255	0.0296469
6	BAM812	Control	0 DAT	LPV	201.749	28.7099
6	BAM812	Control	0 DAT	RV	0.715	0.0415692
6	BAM812	Control	0 DAT	TPS	616	135.301
6	BAM812	Control	30 DAT	PH	66.4333	2.43402
6	BAM812	Control	30 DAT	TN	10.6667	0.333333
6	BAM812	Control	30 DAT	LN	28.3333	1.85592
6	BAM812	Control	30 DAT	TLL	46.7667	3.62599
6	BAM812	Control	30 DAT	BLL	34.6	5.40833
6	BAM812	Control	30 DAT	TLW	1.03333	0.0666667
6	BAM812	Control	30 DAT	BLW	0.733333	0.0881917
6	BAM812	Control	30 DAT	CCI_TL	206.733	9.03997
6	BAM812	Control	30 DAT	CCI_BL	212.1	5.20801
6	BAM812	Control	30 DAT	QY_TL	0.83	0.011547
6	BAM812	Control	30 DAT	QY_BL	0.82	0.0152753
6	BAM812	Control	30 DAT	SFW	14.812	1.16519
6	BAM812	Control	30 DAT	SDWC	6.945	0.537636
6	BAM812	Control	30 DAT	RFW	5.55867	1.0506
6	BAM812	Control	30 DAT	RDW	1.769	0.288391
6	BAM812	Control	30 DAT	Photo_TL	20.2532	2.32782
6	BAM812	Control	30 DAT	Cond_TL	0.0453863	0.00739396
6	BAM812	Control	30 DAT	Ci_TL	266.136	15.2984
6	BAM812	Control	30 DAT	Tr_TL	10.5938	1.261
6	BAM812	Control	30 DAT	Photo_BL	16.4999	1.46977
6	BAM812	Control	30 DAT	Cond_BL	0.0425807	0.00445716
6	BAM812	Control	30 DAT	Ci_BL	263.101	16.1292
6	BAM812	Control	30 DAT	Tr_BL	10.5269	0.426978
6	BAM812	Control	30 DAT	RL	309.226	29.6149
6	BAM812	Control	30 DAT	PA	43.838	6.97648
6	BAM812	Control	30 DAT	SA	137.721	21.9172
6	BAM812	Control	30 DAT	AD	1.38363	0.100132
6	BAM812	Control	30 DAT	LPV	309.226	29.6149
6	BAM812	Control	30 DAT	RV	5.02783	1.06723
6	BAM812	Control	30 DAT	TPS	897.667	34.4486
6	BAM812	Control	60 DAT	PH	120.933	0.990511
6	BAM812	Control	60 DAT	TN	25.3333	0.333333
6	BAM812	Control	60 DAT	LN	85	2.3094
6	BAM812	Control	60 DAT	TLL	47	0.750555
6	BAM812	Control	60 DAT	BLL	46.2333	1.39682
6	BAM812	Control	60 DAT	TLW	1.1	0
6	BAM812	Control	60 DAT	BLW	1	0
6	BAM812	Control	60 DAT	CCI_TL	261.5	4.95548
6	BAM812	Control	60 DAT	CCI_BL	267.201	0.97767
6	BAM812	Control	60 DAT	QY_TL	0.833333	0.00333333
6	BAM812	Control	60 DAT	QY_BL	0.816667	0.00333333
6	BAM812	Control	60 DAT	SFW	83.2337	2.19671
6	BAM812	Control	60 DAT	SDWC	47.5947	1.2413
6	BAM812	Control	60 DAT	RFW	24.6717	0.231226
6	BAM812	Control	60 DAT	RDW	14.2493	0.786332
6	BAM812	Control	60 DAT	Photo_TL	24.2792	0
6	BAM812	Control	60 DAT	Cond_TL	0.0580426	0
6	BAM812	Control	60 DAT	Ci_TL	266.665	0
6	BAM812	Control	60 DAT	Tr_TL	13.0504	0
6	BAM812	Control	60 DAT	Photo_BL	18.2914	1.06977
6	BAM812	Control	60 DAT	Cond_BL	0.0449036	0.00605594
6	BAM812	Control	60 DAT	Ci_BL	261.085	14.5696
6	BAM812	Control	60 DAT	Tr_BL	10.9234	0.0629119
6	BAM812	Control	60 DAT	RL	529.526	33.0035
6	BAM812	Control	60 DAT	PA	315.297	33.9195
6	BAM812	Control	60 DAT	SA	950.346	113.887
6	BAM812	Control	60 DAT	AD	2.5288	0.079097
6	BAM812	Control	60 DAT	LPV	529.526	33.0035
6	BAM812	Control	60 DAT	RV	71.034	23.1535
6	BAM812	Control	60 DAT	TPS	4269	1238.35
6	BAM812	Control	Flag leaf	FLL	33.8	2.15484
6	BAM812	Control	Flag leaf	FLW	1.7	0
6	BAM812	Control	Flag leaf	CCI_FL	305.676	2.33525
6	BAM812	Control	Flag leaf	QY_FL	0.81	0
6	BAM812	Control	Flag leaf	Photo_FL	20.8647	0.150447
6	BAM812	Control	Flag leaf	Cond_FL	0.392008	0.000496855
6	BAM812	Control	Flag leaf	Ci_FL	329.03	0.637225
6	BAM812	Control	Flag leaf	Tr_FL	11.2229	0.00743677
6	BAM812	Control	End of season	DTB	94	0
6	BAM812	Control	End of season	DTH	99	0
6	BAM812	Control	End of season	PH	106	10.4403
6	BAM812	Control	End of season	TN	13	1.52753
6	BAM812	Control	End of season	PT	7	1.52753
6	BAM812	Control	End of season	SFW	68.04	0.699738
6	BAM812	Control	End of season	SDW	33.53	0.672111
6	BAM812	Control	End of season	GWPP	16.8133	0.755167
6	BAM812	Control	End of season	TGW	17.5433	0.499744
6	BAM812	Control	End of season	HI	0.501242	0.0174863
6	BAM812	Control	30 DAT	rLL	0.735473	0.0888084
6	BAM812	Control	30 DAT	rLW	0.707071	0.05624
6	BAM812	Control	30 DAT	rCCI	1.02786	0.023837
6	BAM812	Control	30 DAT	dCCI	-5.36667	4.8502
6	BAM812	Control	30 DAT	rQY	0.987853	0.00695673
6	BAM812	Control	30 DAT	dQY	0.01	0.0057735
6	BAM812	Control	30 DAT	rPhoto	0.849126	0.167683
6	BAM812	Control	30 DAT	rCond	1.0013	0.232261
6	BAM812	Control	30 DAT	rCi	1.00215	0.117896
6	BAM812	Control	30 DAT	rTr	1.01722	0.110128
6	BAM812	Control	60 DAT	rLL	0.984464	0.0372037
6	BAM812	Control	60 DAT	rLW	0.909091	0
6	BAM812	Control	60 DAT	rCCI	1.02245	0.0174353
6	BAM812	Control	60 DAT	dCCI	-5.70156	4.44623
6	BAM812	Control	60 DAT	rQY	0.980015	0.00396912
6	BAM812	Control	60 DAT	dQY	0.0166667	0.00333333
6	BAM812	Control	60 DAT	rPhoto	0.753379	0.0440614
6	BAM812	Control	60 DAT	rCond	0.773631	0.104336
6	BAM812	Control	60 DAT	rCi	0.979076	0.0546364
6	BAM812	Control	60 DAT	rTr	0.837018	0.00482068
6	BAM812	NStress	0 DAT	PH	46.8333	2.08833
6	BAM812	NStress	0 DAT	TLL	31.9333	1.11405
6	BAM812	NStress	0 DAT	TLW	0.5	0.11547
6	BAM812	NStress	0 DAT	BLL	27.6667	1.24677
6	BAM812	NStress	0 DAT	BLW	0.283333	0.0833333
6	BAM812	NStress	0 DAT	SFW	0.604067	0.0594722
6	BAM812	NStress	0 DAT	RFW	0.164	0.0258908
6	BAM812	NStress	0 DAT	SDW	0.2133	0.00829397
6	BAM812	NStress	0 DAT	RDW	0.053	0.00152753
6	BAM812	NStress	0 DAT	Photo	7.35424	0.18593
6	BAM812	NStress	0 DAT	Cond	0.0810113	0.000102152
6	BAM812	NStress	0 DAT	Ci	189.459	3.86369
6	BAM812	NStress	0 DAT	Tr	1.74573	0.00253406
6	BAM812	NStress	0 DAT	Vpd	2.0671	0.00106765
6	BAM812	NStress	0 DAT	CT	29.6972	8.35831e-05
6	BAM812	NStress	0 DAT	RL	142.822	5.31162
6	BAM812	NStress	0 DAT	PA	13.5152	1.36133
6	BAM812	NStress	0 DAT	SA	37.7046	6.39515
6	BAM812	NStress	0 DAT	AD	0.678933	0.0298667
6	BAM812	NStress	0 DAT	LPV	179.04	36.6054
6	BAM812	NStress	0 DAT	RV	0.634333	0.0907475
6	BAM812	NStress	0 DAT	TPS	616	135.301
6	BAM812	NStress	30 DAT	PH	54.6333	2.92935
6	BAM812	NStress	30 DAT	TN	4	0
6	BAM812	NStress	30 DAT	LN	11.3333	1.20185
6	BAM812	NStress	30 DAT	TLL	34	3.24705
6	BAM812	NStress	30 DAT	BLL	23.9667	3.91592
6	BAM812	NStress	30 DAT	TLW	0.666667	0.0333333
6	BAM812	NStress	30 DAT	BLW	0.466667	0.0333333
6	BAM812	NStress	30 DAT	CCI_TL	250.167	22.3813
6	BAM812	NStress	30 DAT	CCI_BL	188	17.3298
6	BAM812	NStress	30 DAT	QY_TL	0.75	0.0057735
6	BAM812	NStress	30 DAT	QY_BL	0.706667	0.00881917
6	BAM812	NStress	30 DAT	SFW	6.30867	0.968801
6	BAM812	NStress	30 DAT	SDWC	2.223	0.14167
6	BAM812	NStress	30 DAT	RFW	3.94033	0.273297
6	BAM812	NStress	30 DAT	RDW	1.29967	0.186382
6	BAM812	NStress	30 DAT	Photo_TL	23.9582	2.29501
6	BAM812	NStress	30 DAT	Cond_TL	0.0331609	0.00636267
6	BAM812	NStress	30 DAT	Ci_TL	223.753	14.4636
6	BAM812	NStress	30 DAT	Tr_TL	9.92035	0.845831
6	BAM812	NStress	30 DAT	Photo_BL	12.1302	2.02999
6	BAM812	NStress	30 DAT	Cond_BL	0.0172406	0.00572144
6	BAM812	NStress	30 DAT	Ci_BL	235.615	10.3229
6	BAM812	NStress	30 DAT	Tr_BL	5.37059	1.50364
6	BAM812	NStress	30 DAT	RL	257.932	71.3513
6	BAM812	NStress	30 DAT	PA	31.7544	10.7642
6	BAM812	NStress	30 DAT	SA	99.7594	33.8168
6	BAM812	NStress	30 DAT	AD	1.2102	0.186477
6	BAM812	NStress	30 DAT	LPV	257.932	71.3513
6	BAM812	NStress	30 DAT	RV	3.17933	1.25004
6	BAM812	NStress	30 DAT	TPS	838	166.842
6	BAM812	NStress	60 DAT	PH	89.7	0.34641
6	BAM812	NStress	60 DAT	TN	7	0
6	BAM812	NStress	60 DAT	LN	27	0.57735
6	BAM812	NStress	60 DAT	TLL	26.2	2.04206
6	BAM812	NStress	60 DAT	BLL	36.0667	0.731057
6	BAM812	NStress	60 DAT	TLW	1	0
6	BAM812	NStress	60 DAT	BLW	0.9	0
6	BAM812	NStress	60 DAT	CCI_TL	234.179	6.39138
6	BAM812	NStress	60 DAT	CCI_BL	182.793	6.54435
6	BAM812	NStress	60 DAT	QY_TL	0.776667	0.00881917
6	BAM812	NStress	60 DAT	QY_BL	0.706667	0.00881917
6	BAM812	NStress	60 DAT	SFW	26.518	1.10151
6	BAM812	NStress	60 DAT	SDWC	19.6973	0.495813
6	BAM812	NStress	60 DAT	RFW	12.009	0.755154
6	BAM812	NStress	60 DAT	RDW	8.00767	0.556628
6	BAM812	NStress	60 DAT	Photo_TL	22.7539	1.37945
6	BAM812	NStress	60 DAT	Cond_TL	0.349531	0.0556839
6	BAM812	NStress	60 DAT	Ci_TL	393.123	1.03297
6	BAM812	NStress	60 DAT	Tr_TL	11.6483	1.36686
6	BAM812	NStress	60 DAT	Photo_BL	10.7097	2.43702
6	BAM812	NStress	60 DAT	Cond_BL	0.117691	0.0177784
6	BAM812	NStress	60 DAT	Ci_BL	406.588	3.22348
6	BAM812	NStress	60 DAT	Tr_BL	4.66847	0.67483
6	BAM812	NStress	60 DAT	RL	1493.17	81.2454
6	BAM812	NStress	60 DAT	PA	215.662	36.94
6	BAM812	NStress	60 DAT	SA	477.521	0.580381
6	BAM812	NStress	60 DAT	AD	1.30023	0.206219
6	BAM812	NStress	60 DAT	LPV	1493.17	81.2454
6	BAM812	NStress	60 DAT	RV	29.4993	8.06918
6	BAM812	NStress	60 DAT	TPS	4934.67	1986.66
6	BAM812	NStress	Flag leaf	FLL	11.3333	0.120185
6	BAM812	NStress	Flag leaf	FLW	0.9	0
6	BAM812	NStress	Flag leaf	CCI_FL	271.69	3.12908
6	BAM812	NStress	Flag leaf	QY_FL	0.826667	0.00333333
6	BAM812	NStress	Flag leaf	Photo_FL	17.8088	0.0684761
6	BAM812	NStress	Flag leaf	Cond_FL	0.212712	0.000367389
6	BAM812	NStress	Flag leaf	Ci_FL	274.823	0.71546
6	BAM812	NStress	Flag leaf	Tr_FL	8.61831	0.0128999
6	BAM812	NStress	End of season	DTB	87	0
6	BAM812	NStress	End of season	DTH	92	0
6	BAM812	NStress	End of season	PH	101.667	4.33333
6	BAM812	NStress	End of season	TN	10.3333	0.333333
6	BAM812	NStress	End of season	PT	6	0
6	BAM812	NStress	End of season	SFW	32.6267	6.53334
6	BAM812	NStress	End of season	SDW	23.0467	0.0433333
6	BAM812	NStress	End of season	GWPP	10.5633	0.203825
6	BAM812	NStress	End of season	TGW	16.4	0.152753
6	BAM812	NStress	End of season	HI	0.458335	0.0085287
6	BAM812	NStress	30 DAT	rLL	0.69927	0.0798997
6	BAM812	NStress	30 DAT	rLW	0.706349	0.0757095
6	BAM812	NStress	30 DAT	rCCI	0.751916	0.0189088
6	BAM812	NStress	30 DAT	dCCI	62.1667	7.43916
6	BAM812	NStress	30 DAT	rQY	0.942451	0.017279
6	BAM812	NStress	30 DAT	dQY	0.0433333	0.0133333
6	BAM812	NStress	30 DAT	rPhoto	0.499944	0.0428574
6	BAM812	NStress	30 DAT	rCond	0.515601	0.10601
6	BAM812	NStress	30 DAT	rCi	1.06445	0.0999637
6	BAM812	NStress	30 DAT	rTr	0.529101	0.110912
6	BAM812	NStress	60 DAT	rLL	1.39068	0.0926367
6	BAM812	NStress	60 DAT	rLW	0.9	0
6	BAM812	NStress	60 DAT	rCCI	0.782943	0.0468564
6	BAM812	NStress	60 DAT	dCCI	51.3855	12.306
6	BAM812	NStress	60 DAT	rQY	0.909902	0.00709845
6	BAM812	NStress	60 DAT	dQY	0.07	0.0057735
6	BAM812	NStress	60 DAT	rPhoto	0.4648	0.0960421
6	BAM812	NStress	60 DAT	rCond	0.34755	0.0534685
6	BAM812	NStress	60 DAT	rCi	1.03427	0.00905231
6	BAM812	NStress	60 DAT	rTr	0.404608	0.0459864
7	Malchi	Control	0 DAT	PH	35	5.02693
7	Malchi	Control	0 DAT	TLL	18.0333	1.80954
7	Malchi	Control	0 DAT	TLW	0.4	0
7	Malchi	Control	0 DAT	BLL	14.1	0.702377
7	Malchi	Control	0 DAT	BLW	0.266667	0.0333333
7	Malchi	Control	0 DAT	SFW	0.259667	0.0192729
7	Malchi	Control	0 DAT	RFW	0.128667	0.00425572
7	Malchi	Control	0 DAT	SDW	0.11	0.00493288
7	Malchi	Control	0 DAT	RDW	0.0476667	0.00296273
7	Malchi	Control	0 DAT	Photo	9.3278	0.813339
7	Malchi	Control	0 DAT	Cond	0.102244	0.0202149
7	Malchi	Control	0 DAT	Ci	178.866	10.4911
7	Malchi	Control	0 DAT	Tr	2.15885	0.3948
7	Malchi	Control	0 DAT	Vpd	2.07256	0.00914931
7	Malchi	Control	0 DAT	CT	29.0343	0.629386
7	Malchi	Control	0 DAT	RL	69.8906	7.70102
7	Malchi	Control	0 DAT	PA	2.8458	0.0364885
7	Malchi	Control	0 DAT	SA	8.9404	0.114604
7	Malchi	Control	0 DAT	AD	0.419567	0.0411835
7	Malchi	Control	0 DAT	LPV	78.8094	11.7835
7	Malchi	Control	0 DAT	RV	0.106667	0.0150259
7	Malchi	Control	0 DAT	TPS	416.5	7.21688
7	Malchi	Control	30 DAT	PH	59.4333	2.46937
7	Malchi	Control	30 DAT	TN	11.3333	0.333333
7	Malchi	Control	30 DAT	LN	35	3
7	Malchi	Control	30 DAT	TLL	43.9667	5.64279
7	Malchi	Control	30 DAT	BLL	30.9333	0.31798
7	Malchi	Control	30 DAT	TLW	0.866667	0.0333333
7	Malchi	Control	30 DAT	BLW	0.766667	0.0333333
7	Malchi	Control	30 DAT	CCI_TL	252.1	1.19304
7	Malchi	Control	30 DAT	CCI_BL	227.5	10.4078
7	Malchi	Control	30 DAT	QY_TL	0.84	0.0057735
7	Malchi	Control	30 DAT	QY_BL	0.83	0.0057735
7	Malchi	Control	30 DAT	SFW	14.0673	0.148627
7	Malchi	Control	30 DAT	SDWC	7.373	0.316128
7	Malchi	Control	30 DAT	RFW	9.86533	0.413766
7	Malchi	Control	30 DAT	RDW	2.69733	0.427546
7	Malchi	Control	30 DAT	Photo_TL	20.3435	0.766234
7	Malchi	Control	30 DAT	Cond_TL	0.0287896	0.00446253
7	Malchi	Control	30 DAT	Ci_TL	227.224	6.27465
7	Malchi	Control	30 DAT	Tr_TL	9.08276	0.978361
7	Malchi	Control	30 DAT	Photo_BL	17.3733	0.546985
7	Malchi	Control	30 DAT	Cond_BL	0.0348744	0.00110532
7	Malchi	Control	30 DAT	Ci_BL	243.568	8.6567
7	Malchi	Control	30 DAT	Tr_BL	9.903	0.46668
7	Malchi	Control	30 DAT	RL	296.407	4.71067
7	Malchi	Control	30 DAT	PA	30.5686	1.67546
7	Malchi	Control	30 DAT	SA	96.0341	5.26358
7	Malchi	Control	30 DAT	AD	1.03925	0.0423679
7	Malchi	Control	30 DAT	LPV	296.407	4.71067
7	Malchi	Control	30 DAT	RV	2.49733	0.23325
7	Malchi	Control	30 DAT	TPS	1190.67	52.5389
7	Malchi	Control	60 DAT	PH	96.6667	4.70685
7	Malchi	Control	60 DAT	TN	28	5.1316
7	Malchi	Control	60 DAT	LN	93.3333	22.3333
7	Malchi	Control	60 DAT	TLL	38.5	0.72111
7	Malchi	Control	60 DAT	BLL	39.9	1.60935
7	Malchi	Control	60 DAT	TLW	1.1	0
7	Malchi	Control	60 DAT	BLW	1	0
7	Malchi	Control	60 DAT	CCI_TL	360.618	2.65515
7	Malchi	Control	60 DAT	CCI_BL	335.671	0.516528
7	Malchi	Control	60 DAT	QY_TL	0.836667	0.00333333
7	Malchi	Control	60 DAT	QY_BL	0.83	0.0057735
7	Malchi	Control	60 DAT	SFW	43.0867	2.76568
7	Malchi	Control	60 DAT	SDWC	21.6533	2.17993
7	Malchi	Control	60 DAT	RFW	13.0983	0.746376
7	Malchi	Control	60 DAT	RDW	9.366	1.56539
7	Malchi	Control	60 DAT	Photo_TL	20.7294	0.508883
7	Malchi	Control	60 DAT	Cond_TL	0.0309498	0.00429591
7	Malchi	Control	60 DAT	Ci_TL	235.148	3.17872
7	Malchi	Control	60 DAT	Tr_TL	9.29662	1.01578
7	Malchi	Control	60 DAT	Photo_BL	15.9689	0.94526
7	Malchi	Control	60 DAT	Cond_BL	0.0393595	0.0041939
7	Malchi	Control	60 DAT	Ci_BL	259.142	17.1869
7	Malchi	Control	60 DAT	Tr_BL	10.0031	0.418905
7	Malchi	Control	60 DAT	RL	422.267	6.29869
7	Malchi	Control	60 DAT	PA	258.338	18.0031
7	Malchi	Control	60 DAT	SA	811.594	56.5583
7	Malchi	Control	60 DAT	AD	6.3018	0.488323
7	Malchi	Control	60 DAT	LPV	422.267	6.29869
7	Malchi	Control	60 DAT	RV	106.968	32.0215
7	Malchi	Control	60 DAT	TPS	4080	514.218
7	Malchi	Control	Flag leaf	FLL	26.4667	1.24141
7	Malchi	Control	Flag leaf	FLW	1.3	0
7	Malchi	Control	Flag leaf	CCI_FL	335.151	1.55243
7	Malchi	Control	Flag leaf	QY_FL	0.82	0
7	Malchi	Control	Flag leaf	Photo_FL	16.8415	0.043083
7	Malchi	Control	Flag leaf	Cond_FL	0.292199	0.000355473
7	Malchi	Control	Flag leaf	Ci_FL	322.442	0.36053
7	Malchi	Control	Flag leaf	Tr_FL	10.0944	0.00756675
7	Malchi	Control	End of season	DTB	80	0
7	Malchi	Control	End of season	DTH	84	0
7	Malchi	Control	End of season	PH	106	2.51661
7	Malchi	Control	End of season	TN	22	2.64575
7	Malchi	Control	End of season	PT	15.3333	1.66667
7	Malchi	Control	End of season	SFW	49.0467	1.01259
7	Malchi	Control	End of season	SDW	37.59	0.532541
7	Malchi	Control	End of season	GWPP	15.82	0.44643
7	Malchi	Control	End of season	TGW	14.9067	0.364707
7	Malchi	Control	End of season	HI	0.420743	0.0076597
7	Malchi	Control	30 DAT	rLL	0.724762	0.0836869
7	Malchi	Control	30 DAT	rLW	0.888889	0.06415
7	Malchi	Control	30 DAT	rCCI	0.902394	0.0407542
7	Malchi	Control	30 DAT	dCCI	24.6	10.2796
7	Malchi	Control	30 DAT	rQY	0.988235	0.0117647
7	Malchi	Control	30 DAT	dQY	0.01	0.01
7	Malchi	Control	30 DAT	rPhoto	0.857394	0.0519354
7	Malchi	Control	30 DAT	rCond	1.27485	0.21068
7	Malchi	Control	30 DAT	rCi	1.07417	0.0536193
7	Malchi	Control	30 DAT	rTr	1.10862	0.0938344
7	Malchi	Control	60 DAT	rLL	1.03828	0.0582299
7	Malchi	Control	60 DAT	rLW	0.909091	0
7	Malchi	Control	60 DAT	rCCI	0.930937	0.00797468
7	Malchi	Control	60 DAT	dCCI	24.9474	3.06469
7	Malchi	Control	60 DAT	rQY	0.992063	0.00793651
7	Malchi	Control	60 DAT	dQY	0.00666667	0.00666667
7	Malchi	Control	60 DAT	rPhoto	0.769802	0.0364634
7	Malchi	Control	60 DAT	rCond	1.32579	0.221014
7	Malchi	Control	60 DAT	rCi	1.10206	0.0708306
7	Malchi	Control	60 DAT	rTr	1.0967	0.100159
7	Malchi	NStress	0 DAT	PH	35	5.02693
7	Malchi	NStress	0 DAT	TLL	18.0333	1.80954
7	Malchi	NStress	0 DAT	TLW	0.333333	0.0666667
7	Malchi	NStress	0 DAT	BLL	14.1	0.702377
7	Malchi	NStress	0 DAT	BLW	0.266667	0.0333333
7	Malchi	NStress	0 DAT	SFW	0.259667	0.0192729
7	Malchi	NStress	0 DAT	RFW	0.128667	0.00425572
7	Malchi	NStress	0 DAT	SDW	0.11	0.00493288
7	Malchi	NStress	0 DAT	RDW	0.0476667	0.00296273
7	Malchi	NStress	0 DAT	Photo	9.3278	0.813339
7	Malchi	NStress	0 DAT	Cond	0.102244	0.0202149
7	Malchi	NStress	0 DAT	Ci	178.866	10.4911
7	Malchi	NStress	0 DAT	Tr	2.15885	0.3948
7	Malchi	NStress	0 DAT	Vpd	2.07256	0.00914931
7	Malchi	NStress	0 DAT	CT	29.0343	0.629386
7	Malchi	NStress	0 DAT	RL	78.8094	11.7835
7	Malchi	NStress	0 DAT	PA	2.8458	0.0364885
7	Malchi	NStress	0 DAT	SA	8.9404	0.114604
7	Malchi	NStress	0 DAT	AD	0.419567	0.0411835
7	Malchi	NStress	0 DAT	LPV	78.8094	11.7835
7	Malchi	NStress	0 DAT	RV	0.106667	0.0150259
7	Malchi	NStress	0 DAT	TPS	416.5	7.21688
7	Malchi	NStress	30 DAT	PH	62.1667	5.61318
7	Malchi	NStress	30 DAT	TN	4	0
7	Malchi	NStress	30 DAT	LN	11	1
7	Malchi	NStress	30 DAT	TLL	43.0333	4.66917
7	Malchi	NStress	30 DAT	BLL	27.7	1.77764
7	Malchi	NStress	30 DAT	TLW	0.766667	0.0333333
7	Malchi	NStress	30 DAT	BLW	0.533333	0.0666667
7	Malchi	NStress	30 DAT	CCI_TL	237.4	12.3596
7	Malchi	NStress	30 DAT	CCI_BL	125.733	4.54655
7	Malchi	NStress	30 DAT	QY_TL	0.766667	0.0120185
7	Malchi	NStress	30 DAT	QY_BL	0.643333	0.0176383
7	Malchi	NStress	30 DAT	SFW	4.899	0.301192
7	Malchi	NStress	30 DAT	SDWC	1.76833	0.151694
7	Malchi	NStress	30 DAT	RFW	3.48967	0.11199
7	Malchi	NStress	30 DAT	RDW	0.75	0.327757
7	Malchi	NStress	30 DAT	Photo_TL	22.6569	1.68031
7	Malchi	NStress	30 DAT	Cond_TL	0.0361329	0.00893041
7	Malchi	NStress	30 DAT	Ci_TL	211.498	32.2294
7	Malchi	NStress	30 DAT	Tr_TL	11.2984	0.411329
7	Malchi	NStress	30 DAT	Photo_BL	10.1297	3.97827
7	Malchi	NStress	30 DAT	Cond_BL	0.0102064	0.00356201
7	Malchi	NStress	30 DAT	Ci_BL	203.979	25.2189
7	Malchi	NStress	30 DAT	Tr_BL	4.20068	1.86718
7	Malchi	NStress	30 DAT	RL	354.281	21.1376
7	Malchi	NStress	30 DAT	PA	37.738	3.04991
7	Malchi	NStress	30 DAT	SA	118.557	9.58156
7	Malchi	NStress	30 DAT	AD	1.06115	0.0227765
7	Malchi	NStress	30 DAT	LPV	354.281	21.1376
7	Malchi	NStress	30 DAT	RV	3.1615	0.321873
7	Malchi	NStress	30 DAT	TPS	1099.67	298.32
7	Malchi	NStress	60 DAT	PH	92.8	0.404145
7	Malchi	NStress	60 DAT	TN	6.33333	0.666667
7	Malchi	NStress	60 DAT	LN	22.3333	2.18581
7	Malchi	NStress	60 DAT	TLL	28.3333	0.185592
7	Malchi	NStress	60 DAT	BLL	33.9	0.472582
7	Malchi	NStress	60 DAT	TLW	0.7	0
7	Malchi	NStress	60 DAT	BLW	0.966667	0.0333333
7	Malchi	NStress	60 DAT	CCI_TL	247.693	5.54472
7	Malchi	NStress	60 DAT	CCI_BL	178.928	4.69395
7	Malchi	NStress	60 DAT	QY_TL	0.786667	0.00333333
7	Malchi	NStress	60 DAT	QY_BL	0.643333	0.0176383
7	Malchi	NStress	60 DAT	SFW	21.2003	0.979118
7	Malchi	NStress	60 DAT	SDWC	16.4697	0.473142
7	Malchi	NStress	60 DAT	RFW	8.47933	0.317115
7	Malchi	NStress	60 DAT	RDW	4.6855	0.3285
7	Malchi	NStress	60 DAT	Photo_TL	19.6589	0.256909
7	Malchi	NStress	60 DAT	Cond_TL	0.239633	0.0306463
7	Malchi	NStress	60 DAT	Ci_TL	391.213	2.27084
7	Malchi	NStress	60 DAT	Tr_TL	9.09451	0.751182
7	Malchi	NStress	60 DAT	Photo_BL	6.77461	0.55384
7	Malchi	NStress	60 DAT	Cond_BL	0.0812741	0.00176852
7	Malchi	NStress	60 DAT	Ci_BL	409.323	1.72952
7	Malchi	NStress	60 DAT	Tr_BL	3.49413	0.011979
7	Malchi	NStress	60 DAT	RL	1151.29	89.9504
7	Malchi	NStress	60 DAT	PA	163.781	10.119
7	Malchi	NStress	60 DAT	SA	514.534	31.7898
7	Malchi	NStress	60 DAT	AD	1.76285	0.216939
7	Malchi	NStress	60 DAT	LPV	1151.29	89.9504
7	Malchi	NStress	60 DAT	RV	22.1585	1.38939
7	Malchi	NStress	60 DAT	TPS	4465.5	332.265
7	Malchi	NStress	Flag leaf	FLL	23.2333	0.72188
7	Malchi	NStress	Flag leaf	FLW	0.966667	0.0333333
7	Malchi	NStress	Flag leaf	CCI_FL	268.295	5.0207
7	Malchi	NStress	Flag leaf	QY_FL	0.81	0
7	Malchi	NStress	Flag leaf	Photo_FL	15.6977	0.00715557
7	Malchi	NStress	Flag leaf	Cond_FL	0.230823	0.000135556
7	Malchi	NStress	Flag leaf	Ci_FL	301.378	0.0685292
7	Malchi	NStress	Flag leaf	Tr_FL	8.93994	0.00513908
7	Malchi	NStress	End of season	DTB	75	0
7	Malchi	NStress	End of season	DTH	79	0
7	Malchi	NStress	End of season	PH	100.667	3.38296
7	Malchi	NStress	End of season	TN	8	1.52753
7	Malchi	NStress	End of season	PT	5.66667	1.20185
7	Malchi	NStress	End of season	SFW	42.655	0.28733
7	Malchi	NStress	End of season	SDW	21.8407	0.571991
7	Malchi	NStress	End of season	GWPP	9.95667	0.534052
7	Malchi	NStress	End of season	TGW	15.93	0.346554
7	Malchi	NStress	End of season	HI	0.455242	0.0126524
7	Malchi	NStress	30 DAT	rLL	0.665232	0.100323
7	Malchi	NStress	30 DAT	rLW	0.690476	0.0595238
7	Malchi	NStress	30 DAT	rCCI	0.531597	0.0246931
7	Malchi	NStress	30 DAT	dCCI	111.667	10.729
7	Malchi	NStress	30 DAT	rQY	0.839583	0.0274975
7	Malchi	NStress	30 DAT	dQY	0.123333	0.0218581
7	Malchi	NStress	30 DAT	rPhoto	0.443509	0.180503
7	Malchi	NStress	30 DAT	rCond	0.27121	0.0703154
7	Malchi	NStress	30 DAT	rCi	1.01352	0.202923
7	Malchi	NStress	30 DAT	rTr	0.365556	0.159961
7	Malchi	NStress	60 DAT	rLL	1.19636	0.0089874
7	Malchi	NStress	60 DAT	rLW	1.38095	0.047619
7	Malchi	NStress	60 DAT	rCCI	0.723944	0.0352783
7	Malchi	NStress	60 DAT	dCCI	68.7645	10.1764
7	Malchi	NStress	60 DAT	rQY	0.817646	0.0192393
7	Malchi	NStress	60 DAT	dQY	0.143333	0.0145297
7	Malchi	NStress	60 DAT	rPhoto	0.344008	0.024183
7	Malchi	NStress	60 DAT	rCond	0.347578	0.0329221
7	Malchi	NStress	60 DAT	rCi	1.04631	0.0016766
7	Malchi	NStress	60 DAT	rTr	0.389254	0.0305933
8	BAM 3690	Control	0 DAT	PH	43.0333	4.40353
8	BAM 3690	Control	0 DAT	TLL	27.2333	3.64478
8	BAM 3690	Control	0 DAT	TLW	0.5	0
8	BAM 3690	Control	0 DAT	BLL	28	1.60104
8	BAM 3690	Control	0 DAT	BLW	0.55	0.0288675
8	BAM 3690	Control	0 DAT	SFW	0.75265	0.057533
8	BAM 3690	Control	0 DAT	RFW	0.15	0.0130512
8	BAM 3690	Control	0 DAT	SDW	0.185333	0.00384419
8	BAM 3690	Control	0 DAT	RDW	0.0703333	0.0034801
8	BAM 3690	Control	0 DAT	Photo	9.95532	0.189168
8	BAM 3690	Control	0 DAT	Cond	0.219928	0.00165654
8	BAM 3690	Control	0 DAT	Ci	261.598	0.944313
8	BAM 3690	Control	0 DAT	Tr	4.65715	0.0269188
8	BAM 3690	Control	0 DAT	Vpd	2.08933	0.00300285
8	BAM 3690	Control	0 DAT	CT	29.4923	0.00877616
8	BAM 3690	Control	0 DAT	RL	154.016	12.5262
8	BAM 3690	Control	0 DAT	PA	6.8628	0.113911
8	BAM 3690	Control	0 DAT	SA	21.5601	0.357899
8	BAM 3690	Control	0 DAT	AD	0.72305	0.00609105
8	BAM 3690	Control	0 DAT	LPV	175.712	25.0524
8	BAM 3690	Control	0 DAT	RV	0.585	0.166854
8	BAM 3690	Control	0 DAT	TPS	564.5	66.1066
8	BAM 3690	Control	30 DAT	PH	59.8667	0.913479
8	BAM 3690	Control	30 DAT	TN	15	0.57735
8	BAM 3690	Control	30 DAT	LN	42.3333	4.17665
8	BAM 3690	Control	30 DAT	TLL	43.8	4.62313
8	BAM 3690	Control	30 DAT	BLL	28.9	1.80831
8	BAM 3690	Control	30 DAT	TLW	0.8	0
8	BAM 3690	Control	30 DAT	BLW	0.666667	0.0666667
8	BAM 3690	Control	30 DAT	CCI_TL	153.1	6.33167
8	BAM 3690	Control	30 DAT	CCI_BL	153.567	3.54323
8	BAM 3690	Control	30 DAT	QY_TL	0.84	0.0057735
8	BAM 3690	Control	30 DAT	QY_BL	0.836667	0.00333333
8	BAM 3690	Control	30 DAT	SFW	19.751	1.36577
8	BAM 3690	Control	30 DAT	SDWC	9.46533	0.735317
8	BAM 3690	Control	30 DAT	RFW	8.41567	0.28744
8	BAM 3690	Control	30 DAT	RDW	2.416	0.23323
8	BAM 3690	Control	30 DAT	Photo_TL	23.5838	1.24073
8	BAM 3690	Control	30 DAT	Cond_TL	0.0377359	0.00474853
8	BAM 3690	Control	30 DAT	Ci_TL	218.38	16.3937
8	BAM 3690	Control	30 DAT	Tr_TL	12.2997	0.494008
8	BAM 3690	Control	30 DAT	Photo_BL	19.8246	1.67679
8	BAM 3690	Control	30 DAT	Cond_BL	0.0407869	0.00742704
8	BAM 3690	Control	30 DAT	Ci_BL	226.981	20.2321
8	BAM 3690	Control	30 DAT	Tr_BL	12.4717	0.79005
8	BAM 3690	Control	30 DAT	RL	328.49	39.8223
8	BAM 3690	Control	30 DAT	PA	56.6924	1.03574
8	BAM 3690	Control	30 DAT	SA	178.104	3.25385
8	BAM 3690	Control	30 DAT	AD	1.85508	0.159204
8	BAM 3690	Control	30 DAT	LPV	328.49	39.8223
8	BAM 3690	Control	30 DAT	RV	9.06983	0.861503
8	BAM 3690	Control	30 DAT	TPS	1103	240.948
8	BAM 3690	Control	60 DAT	PH	120.5	2.72274
8	BAM 3690	Control	60 DAT	TN	21	1.1547
8	BAM 3690	Control	60 DAT	LN	67.3333	8.87568
8	BAM 3690	Control	60 DAT	TLL	26.8667	1.34825
8	BAM 3690	Control	60 DAT	BLL	33.5667	1.38604
8	BAM 3690	Control	60 DAT	TLW	0.9	0
8	BAM 3690	Control	60 DAT	BLW	0.9	0
8	BAM 3690	Control	60 DAT	CCI_TL	440.489	8.46011
8	BAM 3690	Control	60 DAT	CCI_BL	356.573	4.85881
8	BAM 3690	Control	60 DAT	QY_TL	0.84	0.0057735
8	BAM 3690	Control	60 DAT	QY_BL	0.836667	0.00333333
8	BAM 3690	Control	60 DAT	SFW	37.7483	1.11431
8	BAM 3690	Control	60 DAT	SDWC	16.2233	0.849193
8	BAM 3690	Control	60 DAT	RFW	10.4283	0.422034
8	BAM 3690	Control	60 DAT	RDW	4.59033	0.369867
8	BAM 3690	Control	60 DAT	Photo_TL	24.0516	1.40662
8	BAM 3690	Control	60 DAT	Cond_TL	0.0429905	0.00398393
8	BAM 3690	Control	60 DAT	Ci_TL	237.087	6.84216
8	BAM 3690	Control	60 DAT	Tr_TL	12.0278	0.298367
8	BAM 3690	Control	60 DAT	Photo_BL	19.7648	1.70073
8	BAM 3690	Control	60 DAT	Cond_BL	0.0434864	0.00472962
8	BAM 3690	Control	60 DAT	Ci_BL	245.078	5.37011
8	BAM 3690	Control	60 DAT	Tr_BL	11.8846	1.32279
8	BAM 3690	Control	60 DAT	RL	495.015	55.2621
8	BAM 3690	Control	60 DAT	PA	210.099	6.38817
8	BAM 3690	Control	60 DAT	SA	660.045	20.069
8	BAM 3690	Control	60 DAT	AD	4.4352	0.622037
8	BAM 3690	Control	60 DAT	LPV	493.405	55.2387
8	BAM 3690	Control	60 DAT	RV	73.546	12.3443
8	BAM 3690	Control	60 DAT	TPS	2948	453.053
8	BAM 3690	Control	Flag leaf	FLL	21.8333	0.497773
8	BAM 3690	Control	Flag leaf	FLW	1.1	0
8	BAM 3690	Control	Flag leaf	CCI_FL	366.128	2.17481
8	BAM 3690	Control	Flag leaf	QY_FL	0.813333	0.00333333
8	BAM 3690	Control	Flag leaf	Photo_FL	29.3476	0.0392718
8	BAM 3690	Control	Flag leaf	Cond_FL	0.564392	0.000595758
8	BAM 3690	Control	Flag leaf	Ci_FL	320.118	0.0376397
8	BAM 3690	Control	Flag leaf	Tr_FL	15.4446	0.00764402
8	BAM 3690	Control	End of season	DTB	76	0
8	BAM 3690	Control	End of season	DTH	80	0
8	BAM 3690	Control	End of season	PH	104	1.1547
8	BAM 3690	Control	End of season	TN	22.6667	1.33333
8	BAM 3690	Control	End of season	PT	14.3333	1.85592
8	BAM 3690	Control	End of season	SFW	45.6933	1.11556
8	BAM 3690	Control	End of season	SDW	39.0233	0.509161
8	BAM 3690	Control	End of season	GWPP	21.0967	0.127192
8	BAM 3690	Control	End of season	TGW	22.97	0.300222
8	BAM 3690	Control	End of season	HI	0.540736	0.00502088
8	BAM 3690	Control	30 DAT	rLL	0.665583	0.029048
8	BAM 3690	Control	30 DAT	rLW	0.833333	0.0833333
8	BAM 3690	Control	30 DAT	rCCI	1.00509	0.0293409
8	BAM 3690	Control	30 DAT	dCCI	-0.466667	4.28576
8	BAM 3690	Control	30 DAT	rQY	0.996126	0.00796108
8	BAM 3690	Control	30 DAT	dQY	0.00333333	0.00666667
8	BAM 3690	Control	30 DAT	rPhoto	0.839151	0.0400946
8	BAM 3690	Control	30 DAT	rCond	1.07702	0.155579
8	BAM 3690	Control	30 DAT	rCi	1.03931	0.0527106
8	BAM 3690	Control	30 DAT	rTr	1.01936	0.0865956
8	BAM 3690	Control	60 DAT	rLL	1.25461	0.0722316
8	BAM 3690	Control	60 DAT	rLW	1	0
8	BAM 3690	Control	60 DAT	rCCI	0.810454	0.0255761
8	BAM 3690	Control	60 DAT	dCCI	83.9155	12.958
8	BAM 3690	Control	60 DAT	rQY	0.996126	0.00796108
8	BAM 3690	Control	60 DAT	dQY	0.00333333	0.00666667
8	BAM 3690	Control	60 DAT	rPhoto	0.822642	0.0548966
8	BAM 3690	Control	60 DAT	rCond	1.04152	0.184921
8	BAM 3690	Control	60 DAT	rCi	1.03679	0.0536949
8	BAM 3690	Control	60 DAT	rTr	0.990424	0.115323
8	BAM 3690	NStress	0 DAT	PH	43.0333	4.40353
8	BAM 3690	NStress	0 DAT	TLL	27.2333	3.64478
8	BAM 3690	NStress	0 DAT	TLW	0.5	0
8	BAM 3690	NStress	0 DAT	BLL	28	1.60104
8	BAM 3690	NStress	0 DAT	BLW	0.466667	0.0881917
8	BAM 3690	NStress	0 DAT	SFW	0.6901	0.0374505
8	BAM 3690	NStress	0 DAT	RFW	0.15	0.0130512
8	BAM 3690	NStress	0 DAT	SDW	0.185333	0.00384419
8	BAM 3690	NStress	0 DAT	RDW	0.0703333	0.0034801
8	BAM 3690	NStress	0 DAT	Photo	9.95532	0.189168
8	BAM 3690	NStress	0 DAT	Cond	0.219928	0.00165654
8	BAM 3690	NStress	0 DAT	Ci	261.598	0.944313
8	BAM 3690	NStress	0 DAT	Tr	4.65715	0.0269188
8	BAM 3690	NStress	0 DAT	Vpd	2.08933	0.00300285
8	BAM 3690	NStress	0 DAT	CT	29.4923	0.00877616
8	BAM 3690	NStress	0 DAT	RL	175.712	25.0524
8	BAM 3690	NStress	0 DAT	PA	9.77903	2.91846
8	BAM 3690	NStress	0 DAT	SA	30.7217	9.16859
8	BAM 3690	NStress	0 DAT	AD	0.721467	0.111144
8	BAM 3690	NStress	0 DAT	LPV	141.337	42.5352
8	BAM 3690	NStress	0 DAT	RV	0.550333	0.170417
8	BAM 3690	NStress	0 DAT	TPS	564.5	66.1066
8	BAM 3690	NStress	30 DAT	PH	56.9	2.94449
8	BAM 3690	NStress	30 DAT	TN	6	0.57735
8	BAM 3690	NStress	30 DAT	LN	17.5	1.44338
8	BAM 3690	NStress	30 DAT	TLL	38.4333	2.28352
8	BAM 3690	NStress	30 DAT	BLL	29.6667	1.40752
8	BAM 3690	NStress	30 DAT	TLW	0.733333	0.0881917
8	BAM 3690	NStress	30 DAT	BLW	0.566667	0.0333333
8	BAM 3690	NStress	30 DAT	CCI_TL	134.433	8.93688
8	BAM 3690	NStress	30 DAT	CCI_BL	70.7333	7.11673
8	BAM 3690	NStress	30 DAT	QY_TL	0.68	0.0173205
8	BAM 3690	NStress	30 DAT	QY_BL	0.61	0.011547
8	BAM 3690	NStress	30 DAT	SFW	6.04867	0.298705
8	BAM 3690	NStress	30 DAT	SDWC	1.73067	0.0910427
8	BAM 3690	NStress	30 DAT	RFW	5.592	0.147888
8	BAM 3690	NStress	30 DAT	RDW	1.132	0.0225019
8	BAM 3690	NStress	30 DAT	Photo_TL	22.4954	4.21465
8	BAM 3690	NStress	30 DAT	Cond_TL	0.0307312	0.00965676
8	BAM 3690	NStress	30 DAT	Ci_TL	187.61	23.9565
8	BAM 3690	NStress	30 DAT	Tr_TL	10.7019	2.77303
8	BAM 3690	NStress	30 DAT	Photo_BL	7.80303	0.00675805
8	BAM 3690	NStress	30 DAT	Cond_BL	0.0103988	0.0022447
8	BAM 3690	NStress	30 DAT	Ci_BL	244.109	19.6153
8	BAM 3690	NStress	30 DAT	Tr_BL	3.16128	0.773257
8	BAM 3690	NStress	30 DAT	RL	269.493	4.59753
8	BAM 3690	NStress	30 DAT	PA	32.8213	3.77394
8	BAM 3690	NStress	30 DAT	SA	103.111	11.8561
8	BAM 3690	NStress	30 DAT	AD	1.21175	0.119367
8	BAM 3690	NStress	30 DAT	LPV	269.493	4.59753
8	BAM 3690	NStress	30 DAT	RV	7.225	4.05027
8	BAM 3690	NStress	30 DAT	TPS	1469	405.01
8	BAM 3690	NStress	60 DAT	PH	74.7667	1.89414
8	BAM 3690	NStress	60 DAT	TN	9	0.57735
8	BAM 3690	NStress	60 DAT	LN	31.6667	1.45297
8	BAM 3690	NStress	60 DAT	TLL	25.1	1.62583
8	BAM 3690	NStress	60 DAT	BLL	27.7	1.75214
8	BAM 3690	NStress	60 DAT	TLW	0.666667	0.0333333
8	BAM 3690	NStress	60 DAT	BLW	0.9	0
8	BAM 3690	NStress	60 DAT	CCI_TL	268.885	2.5845
8	BAM 3690	NStress	60 DAT	CCI_BL	193.779	1.10006
8	BAM 3690	NStress	60 DAT	QY_TL	0.75	0.0057735
8	BAM 3690	NStress	60 DAT	QY_BL	0.626667	0.00881917
8	BAM 3690	NStress	60 DAT	SFW	22.6997	0.606597
8	BAM 3690	NStress	60 DAT	SDWC	16.5357	0.534715
8	BAM 3690	NStress	60 DAT	RFW	8.08433	0.653946
8	BAM 3690	NStress	60 DAT	RDW	5.80633	0.923013
8	BAM 3690	NStress	60 DAT	Photo_TL	22.7965	1.3006
8	BAM 3690	NStress	60 DAT	Cond_TL	0.295543	0.0248385
8	BAM 3690	NStress	60 DAT	Ci_TL	384.351	3.09624
8	BAM 3690	NStress	60 DAT	Tr_TL	10.8559	0.80879
8	BAM 3690	NStress	60 DAT	Photo_BL	13.7929	0.15972
8	BAM 3690	NStress	60 DAT	Cond_BL	0.127332	0.000193167
8	BAM 3690	NStress	60 DAT	Ci_BL	391.663	0.0732188
8	BAM 3690	NStress	60 DAT	Tr_BL	5.68946	0.0229584
8	BAM 3690	NStress	60 DAT	RL	1113.16	48.9874
8	BAM 3690	NStress	60 DAT	PA	142.01	12.0203
8	BAM 3690	NStress	60 DAT	SA	446.138	37.763
8	BAM 3690	NStress	60 DAT	AD	1.28093	0.127896
8	BAM 3690	NStress	60 DAT	LPV	1113.16	48.9874
8	BAM 3690	NStress	60 DAT	RV	14.5047	2.63307
8	BAM 3690	NStress	60 DAT	TPS	3806	147.697
8	BAM 3690	NStress	Flag leaf	FLL	15.5	0.57735
8	BAM 3690	NStress	Flag leaf	FLW	0.9	0
8	BAM 3690	NStress	Flag leaf	CCI_FL	325.781	3.62224
8	BAM 3690	NStress	Flag leaf	QY_FL	0.806667	0.00333333
8	BAM 3690	NStress	Flag leaf	Photo_FL	22.4512	0.0518543
8	BAM 3690	NStress	Flag leaf	Cond_FL	0.292093	0.000222143
8	BAM 3690	NStress	Flag leaf	Ci_FL	288.619	0.381013
8	BAM 3690	NStress	Flag leaf	Tr_FL	10.3298	0.00672182
8	BAM 3690	NStress	End of season	DTB	73	0
8	BAM 3690	NStress	End of season	DTH	78	0
8	BAM 3690	NStress	End of season	PH	90.6667	5.54777
8	BAM 3690	NStress	End of season	TN	9.66667	0.666667
8	BAM 3690	NStress	End of season	PT	8.66667	0.333333
8	BAM 3690	NStress	End of season	SFW	43.2233	0.825052
8	BAM 3690	NStress	End of season	SDW	28.5367	0.504524
8	BAM 3690	NStress	End of season	GWPP	12.9567	0.14345
8	BAM 3690	NStress	End of season	TGW	17.9167	0.208833
8	BAM 3690	NStress	End of season	HI	0.454144	0.00305956
8	BAM 3690	NStress	30 DAT	rLL	0.773401	0.0189236
8	BAM 3690	NStress	30 DAT	rLW	0.804233	0.130999
8	BAM 3690	NStress	30 DAT	rCCI	0.525591	0.0395813
8	BAM 3690	NStress	30 DAT	dCCI	63.7	6.34376
8	BAM 3690	NStress	30 DAT	rQY	0.897358	0.00588175
8	BAM 3690	NStress	30 DAT	dQY	0.07	0.0057735
8	BAM 3690	NStress	30 DAT	rPhoto	0.375991	0.0788226
8	BAM 3690	NStress	30 DAT	rCond	0.549585	0.336748
8	BAM 3690	NStress	30 DAT	rCi	1.36223	0.24185
8	BAM 3690	NStress	30 DAT	rTr	0.381781	0.166756
8	BAM 3690	NStress	60 DAT	rLL	1.10695	0.0633795
8	BAM 3690	NStress	60 DAT	rLW	1.35714	0.0714286
8	BAM 3690	NStress	60 DAT	rCCI	0.720885	0.0109489
8	BAM 3690	NStress	60 DAT	dCCI	75.1061	3.64129
8	BAM 3690	NStress	60 DAT	rQY	0.835597	0.0114472
8	BAM 3690	NStress	60 DAT	dQY	0.123333	0.00881917
8	BAM 3690	NStress	60 DAT	rPhoto	0.608325	0.028788
8	BAM 3690	NStress	60 DAT	rCond	0.436479	0.033542
8	BAM 3690	NStress	60 DAT	rCi	1.01915	0.00798548
8	BAM 3690	NStress	60 DAT	rTr	0.530012	0.0399582
9	BAM 4138	Control	0 DAT	PH	42.6667	5.91843
9	BAM 4138	Control	0 DAT	TLL	27.9	3.48281
9	BAM 4138	Control	0 DAT	TLW	0.3	0
9	BAM 4138	Control	0 DAT	BLL	32.65	3.20429
9	BAM 4138	Control	0 DAT	BLW	0.24	0.0832666
9	BAM 4138	Control	0 DAT	SFW	0.276333	0.0396246
9	BAM 4138	Control	0 DAT	RFW	0.209667	0.0756314
9	BAM 4138	Control	0 DAT	SDW	0.105667	0.00233333
9	BAM 4138	Control	0 DAT	RDW	0.0407	0.0175392
9	BAM 4138	Control	0 DAT	Photo	8.91162	1.03318
9	BAM 4138	Control	0 DAT	Cond	0.32183	0.0491093
9	BAM 4138	Control	0 DAT	Ci	284.385	14.4316
9	BAM 4138	Control	0 DAT	Tr	6.29145	0.78927
9	BAM 4138	Control	0 DAT	Vpd	1.98758	0.0466678
9	BAM 4138	Control	0 DAT	CT	29.1299	0.169712
9	BAM 4138	Control	0 DAT	RL	92.3003	18.151
9	BAM 4138	Control	0 DAT	PA	7.04015	2.53229
9	BAM 4138	Control	0 DAT	SA	22.1172	7.95534
9	BAM 4138	Control	0 DAT	AD	0.634067	0.147903
9	BAM 4138	Control	0 DAT	LPV	93.3281	18.1801
9	BAM 4138	Control	0 DAT	RV	0.380333	0.227451
9	BAM 4138	Control	0 DAT	TPS	297.333	47.0543
9	BAM 4138	Control	30 DAT	PH	63.5667	2.06908
9	BAM 4138	Control	30 DAT	TN	19	0.57735
9	BAM 4138	Control	30 DAT	LN	49.6667	1.20185
9	BAM 4138	Control	30 DAT	TLL	47.6	3.01164
9	BAM 4138	Control	30 DAT	BLL	37.7333	0.959745
9	BAM 4138	Control	30 DAT	TLW	0.833333	0.0333333
9	BAM 4138	Control	30 DAT	BLW	0.683333	0.0600925
9	BAM 4138	Control	30 DAT	CCI_TL	225.433	5.51674
9	BAM 4138	Control	30 DAT	CCI_BL	220.6	5.07642
9	BAM 4138	Control	30 DAT	QY_TL	0.85	0
9	BAM 4138	Control	30 DAT	QY_BL	0.843333	0.00333333
9	BAM 4138	Control	30 DAT	SFW	23.3287	1.74651
9	BAM 4138	Control	30 DAT	SDWC	12.2179	1.19859
9	BAM 4138	Control	30 DAT	RFW	12.6737	0.868662
9	BAM 4138	Control	30 DAT	RDW	3.489	0.230361
9	BAM 4138	Control	30 DAT	Photo_TL	23.6523	2.43908
9	BAM 4138	Control	30 DAT	Cond_TL	0.0479329	0.0161216
9	BAM 4138	Control	30 DAT	Ci_TL	198.141	26.4099
9	BAM 4138	Control	30 DAT	Tr_TL	16.6445	2.52787
9	BAM 4138	Control	30 DAT	Photo_BL	17.5838	1.70293
9	BAM 4138	Control	30 DAT	Cond_BL	0.0396896	0.00382897
9	BAM 4138	Control	30 DAT	Ci_BL	218.085	15.2223
9	BAM 4138	Control	30 DAT	Tr_BL	14.0708	0.456393
9	BAM 4138	Control	30 DAT	RL	316.937	5.8815
9	BAM 4138	Control	30 DAT	PA	35.3872	10.0179
9	BAM 4138	Control	30 DAT	SA	111.172	31.4722
9	BAM 4138	Control	30 DAT	AD	1.10247	0.232614
9	BAM 4138	Control	30 DAT	LPV	292.23	20.146
9	BAM 4138	Control	30 DAT	RV	4.13183	1.78584
9	BAM 4138	Control	30 DAT	TPS	1279.33	109.504
9	BAM 4138	Control	60 DAT	PH	107.567	2.979
9	BAM 4138	Control	60 DAT	TN	45	2.3094
9	BAM 4138	Control	60 DAT	LN	145.333	4.63081
9	BAM 4138	Control	60 DAT	TLL	36.4667	2.65853
9	BAM 4138	Control	60 DAT	BLL	39.9667	0.768838
9	BAM 4138	Control	60 DAT	TLW	0.8	0
9	BAM 4138	Control	60 DAT	BLW	0.8	0
9	BAM 4138	Control	60 DAT	CCI_TL	350.514	3.16805
9	BAM 4138	Control	60 DAT	CCI_BL	320.016	2.78854
9	BAM 4138	Control	60 DAT	QY_TL	0.846667	0.00333333
9	BAM 4138	Control	60 DAT	QY_BL	0.843333	0.00333333
9	BAM 4138	Control	60 DAT	SFW	68.6117	1.7679
9	BAM 4138	Control	60 DAT	SDWC	31.1133	1.95026
9	BAM 4138	Control	60 DAT	RFW	21.1517	0.305614
9	BAM 4138	Control	60 DAT	RDW	11.6867	0.492622
9	BAM 4138	Control	60 DAT	Photo_TL	24.1974	2.40856
9	BAM 4138	Control	60 DAT	Cond_TL	0.0506191	0.014995
9	BAM 4138	Control	60 DAT	Ci_TL	222.807	17.8217
9	BAM 4138	Control	60 DAT	Tr_TL	15.3999	2.84185
9	BAM 4138	Control	60 DAT	Photo_BL	18.4682	1.47514
9	BAM 4138	Control	60 DAT	Cond_BL	0.0363828	0.00618534
9	BAM 4138	Control	60 DAT	Ci_BL	213.084	18.2444
9	BAM 4138	Control	60 DAT	Tr_BL	12.9423	0.983277
9	BAM 4138	Control	60 DAT	RL	362.417	34.6482
9	BAM 4138	Control	60 DAT	PA	248.718	29.1959
9	BAM 4138	Control	60 DAT	SA	748.037	58.5447
9	BAM 4138	Control	60 DAT	AD	3.926	0.143298
9	BAM 4138	Control	60 DAT	LPV	439.872	36.9742
9	BAM 4138	Control	60 DAT	RV	84.3987	11.5603
9	BAM 4138	Control	60 DAT	TPS	2984.67	206.317
9	BAM 4138	Control	Flag leaf	FLL	34.2	0.46188
9	BAM 4138	Control	Flag leaf	FLW	1.3	0
9	BAM 4138	Control	Flag leaf	CCI_FL	397.541	1.73979
9	BAM 4138	Control	Flag leaf	QY_FL	0.813333	0.00333333
9	BAM 4138	Control	Flag leaf	Photo_FL	34.5085	0.0181002
9	BAM 4138	Control	Flag leaf	Cond_FL	0.617851	1.57172e-05
9	BAM 4138	Control	Flag leaf	Ci_FL	315.302	0.0639695
9	BAM 4138	Control	Flag leaf	Tr_FL	17.7748	0.00285926
9	BAM 4138	Control	End of season	DTB	85	0
9	BAM 4138	Control	End of season	DTH	89	0
9	BAM 4138	Control	End of season	PH	99.3333	1.76383
9	BAM 4138	Control	End of season	TN	35	2.08167
9	BAM 4138	Control	End of season	PT	15	2.08167
9	BAM 4138	Control	End of season	SFW	76.7367	0.503333
9	BAM 4138	Control	End of season	SDW	35.9367	0.465272
9	BAM 4138	Control	End of season	GWPP	16.8433	0.52327
9	BAM 4138	Control	End of season	TGW	16.6973	0.310355
9	BAM 4138	Control	End of season	HI	0.468595	0.0111596
9	BAM 4138	Control	30 DAT	rLL	0.799673	0.059307
9	BAM 4138	Control	30 DAT	rLW	0.81713	0.0401605
9	BAM 4138	Control	30 DAT	rCCI	0.978886	0.0164397
9	BAM 4138	Control	30 DAT	dCCI	4.83333	3.72216
9	BAM 4138	Control	30 DAT	rQY	0.992157	0.00392157
9	BAM 4138	Control	30 DAT	dQY	0.00666667	0.00333333
9	BAM 4138	Control	30 DAT	rPhoto	0.76203	0.113522
9	BAM 4138	Control	30 DAT	rCond	1.02863	0.323568
9	BAM 4138	Control	30 DAT	rCi	1.13957	0.157853
9	BAM 4138	Control	30 DAT	rTr	0.878719	0.109826
9	BAM 4138	Control	60 DAT	rLL	1.11017	0.0975333
9	BAM 4138	Control	60 DAT	rLW	1	0
9	BAM 4138	Control	60 DAT	rCCI	0.913007	0.00349622
9	BAM 4138	Control	60 DAT	dCCI	30.4986	1.33154
9	BAM 4138	Control	60 DAT	rQY	0.996078	0.00392157
9	BAM 4138	Control	60 DAT	dQY	0.00333333	0.00333333
9	BAM 4138	Control	60 DAT	rPhoto	0.766232	0.0151819
9	BAM 4138	Control	60 DAT	rCond	0.769	0.0903776
9	BAM 4138	Control	60 DAT	rCi	0.958385	0.046643
9	BAM 4138	Control	60 DAT	rTr	0.89413	0.170225
9	BAM 4138	NStress	0 DAT	PH	42.6667	5.91843
9	BAM 4138	NStress	0 DAT	TLL	27.9	3.48281
9	BAM 4138	NStress	0 DAT	TLW	0.3	0
9	BAM 4138	NStress	0 DAT	BLL	19.4	9.54795
9	BAM 4138	NStress	0 DAT	BLW	0.24	0.0832666
9	BAM 4138	NStress	0 DAT	SFW	0.243	0.0138684
9	BAM 4138	NStress	0 DAT	RFW	0.143	0.0119304
9	BAM 4138	NStress	0 DAT	SDW	0.139	0.0355106
9	BAM 4138	NStress	0 DAT	RDW	0.0607	0.00395264
9	BAM 4138	NStress	0 DAT	Photo	8.91162	1.03318
9	BAM 4138	NStress	0 DAT	Cond	0.32183	0.0491093
9	BAM 4138	NStress	0 DAT	Ci	284.385	14.4316
9	BAM 4138	NStress	0 DAT	Tr	6.29145	0.78927
9	BAM 4138	NStress	0 DAT	Vpd	1.98758	0.0466678
9	BAM 4138	NStress	0 DAT	CT	29.1299	0.169712
9	BAM 4138	NStress	0 DAT	RL	75.8079	34.7317
9	BAM 4138	NStress	0 DAT	PA	8.30115	1.80425
9	BAM 4138	NStress	0 DAT	SA	20.6583	10.7109
9	BAM 4138	NStress	0 DAT	AD	0.634067	0.147903
9	BAM 4138	NStress	0 DAT	LPV	93.3281	18.1801
9	BAM 4138	NStress	0 DAT	RV	0.380333	0.227451
9	BAM 4138	NStress	0 DAT	TPS	297.333	47.0543
9	BAM 4138	NStress	30 DAT	PH	50.6333	5.20651
9	BAM 4138	NStress	30 DAT	TN	6.66667	1.66667
9	BAM 4138	NStress	30 DAT	LN	14.6667	3.71184
9	BAM 4138	NStress	30 DAT	TLL	35.3333	3.65574
9	BAM 4138	NStress	30 DAT	BLL	27	5.08167
9	BAM 4138	NStress	30 DAT	TLW	0.6	0.057735
9	BAM 4138	NStress	30 DAT	BLW	0.566667	0.166667
9	BAM 4138	NStress	30 DAT	CCI_TL	241.567	8.88563
9	BAM 4138	NStress	30 DAT	CCI_BL	158.633	13.609
9	BAM 4138	NStress	30 DAT	QY_TL	0.733333	0.00881917
9	BAM 4138	NStress	30 DAT	QY_BL	0.66	0.01
9	BAM 4138	NStress	30 DAT	SFW	6.24733	1.46227
9	BAM 4138	NStress	30 DAT	SDWC	1.875	0.372424
9	BAM 4138	NStress	30 DAT	RFW	6.244	2.185
9	BAM 4138	NStress	30 DAT	RDW	1.64067	0.471604
9	BAM 4138	NStress	30 DAT	Photo_TL	24.7798	1.06699
9	BAM 4138	NStress	30 DAT	Cond_TL	0.0353789	0.0124445
9	BAM 4138	NStress	30 DAT	Ci_TL	155.934	33.5106
9	BAM 4138	NStress	30 DAT	Tr_TL	14.6603	1.54859
9	BAM 4138	NStress	30 DAT	Photo_BL	15.4457	1.69466
9	BAM 4138	NStress	30 DAT	Cond_BL	0.019015	0.00749164
9	BAM 4138	NStress	30 DAT	Ci_BL	244.499	13.3238
9	BAM 4138	NStress	30 DAT	Tr_BL	8.3216	0.986289
9	BAM 4138	NStress	30 DAT	RL	451.173	6.23004
9	BAM 4138	NStress	30 DAT	PA	53.3162	0.184521
9	BAM 4138	NStress	30 DAT	SA	167.498	0.579689
9	BAM 4138	NStress	30 DAT	AD	1.18255	0.0204093
9	BAM 4138	NStress	30 DAT	LPV	451.173	6.23004
9	BAM 4138	NStress	30 DAT	RV	4.953	0.102768
9	BAM 4138	NStress	30 DAT	TPS	1520.33	163.836
9	BAM 4138	NStress	60 DAT	PH	80.5	2.45832
9	BAM 4138	NStress	60 DAT	TN	13.6667	1.20185
9	BAM 4138	NStress	60 DAT	LN	50	6.1101
9	BAM 4138	NStress	60 DAT	TLL	23.7	2.12211
9	BAM 4138	NStress	60 DAT	BLL	29.9	1.06927
9	BAM 4138	NStress	60 DAT	TLW	0.6	0
9	BAM 4138	NStress	60 DAT	BLW	0.7	0
9	BAM 4138	NStress	60 DAT	CCI_TL	306.206	3.25992
9	BAM 4138	NStress	60 DAT	CCI_BL	230.074	1.58044
9	BAM 4138	NStress	60 DAT	QY_TL	0.766667	0.00666667
9	BAM 4138	NStress	60 DAT	QY_BL	0.66	0.01
9	BAM 4138	NStress	60 DAT	SFW	33.3393	2.20833
9	BAM 4138	NStress	60 DAT	SDWC	16.53	0.123236
9	BAM 4138	NStress	60 DAT	RFW	13.0647	0.480514
9	BAM 4138	NStress	60 DAT	RDW	4.91267	0.196065
9	BAM 4138	NStress	60 DAT	Photo_TL	21.7204	0.398013
9	BAM 4138	NStress	60 DAT	Cond_TL	0.0344787	0.00228913
9	BAM 4138	NStress	60 DAT	Ci_TL	250.878	10.2646
9	BAM 4138	NStress	60 DAT	Tr_TL	11.602	1.40982
9	BAM 4138	NStress	60 DAT	Photo_BL	15.7004	1.10878
9	BAM 4138	NStress	60 DAT	Cond_BL	0.024418	0.0043305
9	BAM 4138	NStress	60 DAT	Ci_BL	260.336	1.38224
9	BAM 4138	NStress	60 DAT	Tr_BL	7.84356	1.2536
9	BAM 4138	NStress	60 DAT	RL	907.41	86.9821
9	BAM 4138	NStress	60 DAT	PA	157.039	3.36419
9	BAM 4138	NStress	60 DAT	SA	493.352	10.569
9	BAM 4138	NStress	60 DAT	AD	1.76213	0.167946
9	BAM 4138	NStress	60 DAT	LPV	907.41	86.9821
9	BAM 4138	NStress	60 DAT	RV	21.7783	2.34252
9	BAM 4138	NStress	60 DAT	TPS	3946.33	491.823
9	BAM 4138	NStress	Flag leaf	FLL	19.5667	1.0729
9	BAM 4138	NStress	Flag leaf	FLW	0.733333	0.0333333
9	BAM 4138	NStress	Flag leaf	CCI_FL	287.772	3.60598
9	BAM 4138	NStress	Flag leaf	QY_FL	0.81	0
9	BAM 4138	NStress	Flag leaf	Photo_FL	24.4859	0.117179
9	BAM 4138	NStress	Flag leaf	Cond_FL	0.42639	0.000164254
9	BAM 4138	NStress	Flag leaf	Ci_FL	319.222	0.448172
9	BAM 4138	NStress	Flag leaf	Tr_FL	14.0342	0.00276603
9	BAM 4138	NStress	End of season	DTB	82	0
9	BAM 4138	NStress	End of season	DTH	86	0
9	BAM 4138	NStress	End of season	PH	88	2
9	BAM 4138	NStress	End of season	TN	11.6667	2.66667
9	BAM 4138	NStress	End of season	PT	7	2
9	BAM 4138	NStress	End of season	SFW	37.2833	1.42595
9	BAM 4138	NStress	End of season	SDW	22.3267	1.94769
9	BAM 4138	NStress	End of season	GWPP	12.3367	0.570886
9	BAM 4138	NStress	End of season	TGW	18.7233	0.436361
9	BAM 4138	NStress	End of season	HI	0.556246	0.0211808
9	BAM 4138	NStress	30 DAT	rLL	0.75968	0.109172
9	BAM 4138	NStress	30 DAT	rLW	1.0127	0.39461
9	BAM 4138	NStress	30 DAT	rCCI	0.66275	0.0832089
9	BAM 4138	NStress	30 DAT	dCCI	82.9333	22.3731
9	BAM 4138	NStress	30 DAT	rQY	0.900566	0.0239012
9	BAM 4138	NStress	30 DAT	dQY	0.0733333	0.0185592
9	BAM 4138	NStress	30 DAT	rPhoto	0.623351	0.0612641
9	BAM 4138	NStress	30 DAT	rCond	0.600999	0.245395
9	BAM 4138	NStress	30 DAT	rCi	1.72784	0.372041
9	BAM 4138	NStress	30 DAT	rTr	0.575185	0.0719336
9	BAM 4138	NStress	60 DAT	rLL	1.28919	0.157709
9	BAM 4138	NStress	60 DAT	rLW	1.16667	0
9	BAM 4138	NStress	60 DAT	rCCI	0.751516	0.0084789
9	BAM 4138	NStress	60 DAT	dCCI	76.1315	3.25491
9	BAM 4138	NStress	60 DAT	rQY	0.861224	0.0203554
9	BAM 4138	NStress	60 DAT	dQY	0.106667	0.0166667
9	BAM 4138	NStress	60 DAT	rPhoto	0.725235	0.0654785
9	BAM 4138	NStress	60 DAT	rCond	0.731362	0.182454
9	BAM 4138	NStress	60 DAT	rCi	1.04064	0.0360205
9	BAM 4138	NStress	60 DAT	rTr	0.730365	0.223762
10	BAM 4521	Control	0 DAT	PH	41.2333	2.33904
10	BAM 4521	Control	0 DAT	TLL	26.1	1.35031
10	BAM 4521	Control	0 DAT	TLW	0.45	0.0288675
10	BAM 4521	Control	0 DAT	BLL	14.3	3.20468
10	BAM 4521	Control	0 DAT	BLW	0.15	0.0288675
10	BAM 4521	Control	0 DAT	SFW	0.502	0.0366652
10	BAM 4521	Control	0 DAT	RFW	0.212	0.0318957
10	BAM 4521	Control	0 DAT	SDW	0.153667	0.0294184
10	BAM 4521	Control	0 DAT	RDW	0.0863333	0.00290593
10	BAM 4521	Control	0 DAT	Photo	7.50332	0.0643273
10	BAM 4521	Control	0 DAT	Cond	0.379241	0.000893584
10	BAM 4521	Control	0 DAT	Ci	301.273	0.291799
10	BAM 4521	Control	0 DAT	Tr	7.21545	0.0146959
10	BAM 4521	Control	0 DAT	Vpd	1.93761	0.00036223
10	BAM 4521	Control	0 DAT	CT	28.9528	0.00121014
10	BAM 4521	Control	0 DAT	RL	75.9866	8.62131
10	BAM 4521	Control	0 DAT	PA	3.6647	0.270835
10	BAM 4521	Control	0 DAT	SA	11.5131	0.850841
10	BAM 4521	Control	0 DAT	AD	0.48905	0.019832
10	BAM 4521	Control	0 DAT	LPV	75.9866	8.62131
10	BAM 4521	Control	0 DAT	RV	0.1395	0.00490748
10	BAM 4521	Control	0 DAT	TPS	361	73.9617
10	BAM 4521	Control	30 DAT	PH	62.2667	7.38339
10	BAM 4521	Control	30 DAT	TN	10.6667	2.4037
10	BAM 4521	Control	30 DAT	LN	30	6.80686
10	BAM 4521	Control	30 DAT	TLL	41.9333	4.72382
10	BAM 4521	Control	30 DAT	BLL	27.7	2.45425
10	BAM 4521	Control	30 DAT	TLW	0.933333	0.0881917
10	BAM 4521	Control	30 DAT	BLW	0.8	0.152753
10	BAM 4521	Control	30 DAT	CCI_TL	325.567	2.14269
10	BAM 4521	Control	30 DAT	CCI_BL	315.9	3.8371
10	BAM 4521	Control	30 DAT	QY_TL	0.82	0.0057735
10	BAM 4521	Control	30 DAT	QY_BL	0.826667	0.00881917
10	BAM 4521	Control	30 DAT	SFW	14.7733	3.27008
10	BAM 4521	Control	30 DAT	SDWC	7.70267	1.70846
10	BAM 4521	Control	30 DAT	RFW	5.934	1.0339
10	BAM 4521	Control	30 DAT	RDW	2.093	0.131717
10	BAM 4521	Control	30 DAT	Photo_TL	21.0861	1.52769
10	BAM 4521	Control	30 DAT	Cond_TL	0.0492233	0.0107906
10	BAM 4521	Control	30 DAT	Ci_TL	197.316	36.7448
10	BAM 4521	Control	30 DAT	Tr_TL	16.5555	0.491198
10	BAM 4521	Control	30 DAT	Photo_BL	18.4368	1.73587
10	BAM 4521	Control	30 DAT	Cond_BL	0.0334694	0.0043234
10	BAM 4521	Control	30 DAT	Ci_BL	186.848	17.06
10	BAM 4521	Control	30 DAT	Tr_BL	12.9879	0.63447
10	BAM 4521	Control	30 DAT	RL	303.1	24.4065
10	BAM 4521	Control	30 DAT	PA	32.1045	9.1709
10	BAM 4521	Control	30 DAT	SA	100.859	28.8113
10	BAM 4521	Control	30 DAT	AD	1.03198	0.20903
10	BAM 4521	Control	30 DAT	LPV	299.858	26.2782
10	BAM 4521	Control	30 DAT	RV	3.103	1.31655
10	BAM 4521	Control	30 DAT	TPS	1266.33	15.396
10	BAM 4521	Control	60 DAT	PH	127.467	1.12891
10	BAM 4521	Control	60 DAT	TN	11.3333	1.20185
10	BAM 4521	Control	60 DAT	LN	42.6667	6.17342
10	BAM 4521	Control	60 DAT	TLL	39.5333	2.74246
10	BAM 4521	Control	60 DAT	BLL	44.2333	1.48922
10	BAM 4521	Control	60 DAT	TLW	0.9	0
10	BAM 4521	Control	60 DAT	BLW	0.9	0
10	BAM 4521	Control	60 DAT	CCI_TL	376.059	1.71058
10	BAM 4521	Control	60 DAT	CCI_BL	318.438	2.2983
10	BAM 4521	Control	60 DAT	QY_TL	0.826667	0.00881917
10	BAM 4521	Control	60 DAT	QY_BL	0.826667	0.00881917
10	BAM 4521	Control	60 DAT	SFW	60.3307	1.76386
10	BAM 4521	Control	60 DAT	SDWC	33.595	1.16105
10	BAM 4521	Control	60 DAT	RFW	17.244	0.299501
10	BAM 4521	Control	60 DAT	RDW	10.4553	0.627065
10	BAM 4521	Control	60 DAT	Photo_TL	21.9012	0.7222
10	BAM 4521	Control	60 DAT	Cond_TL	0.040216	0.00478424
10	BAM 4521	Control	60 DAT	Ci_TL	181.698	23.4788
10	BAM 4521	Control	60 DAT	Tr_TL	15.9087	0.952476
10	BAM 4521	Control	60 DAT	Photo_BL	19.4977	0.759437
10	BAM 4521	Control	60 DAT	Cond_BL	0.0500986	0.0122887
10	BAM 4521	Control	60 DAT	Ci_BL	219.41	31.6598
10	BAM 4521	Control	60 DAT	Tr_BL	14.9508	1.18509
10	BAM 4521	Control	60 DAT	RL	431.92	52.2244
10	BAM 4521	Control	60 DAT	PA	121.022	1.46367
10	BAM 4521	Control	60 DAT	SA	380.203	4.59828
10	BAM 4521	Control	60 DAT	AD	2.4997	0.0292139
10	BAM 4521	Control	60 DAT	LPV	431.92	52.2244
10	BAM 4521	Control	60 DAT	RV	48.2887	24.5257
10	BAM 4521	Control	60 DAT	TPS	2946.33	336.034
10	BAM 4521	Control	Flag leaf	FLL	31.2333	1.16237
10	BAM 4521	Control	Flag leaf	FLW	1.3	0
10	BAM 4521	Control	Flag leaf	CCI_FL	364.131	1.73285
10	BAM 4521	Control	Flag leaf	QY_FL	0.81	0
10	BAM 4521	Control	Flag leaf	Photo_FL	22.6623	0.0121286
10	BAM 4521	Control	Flag leaf	Cond_FL	0.324457	0.000324761
10	BAM 4521	Control	Flag leaf	Ci_FL	296.178	0.156803
10	BAM 4521	Control	Flag leaf	Tr_FL	12.3168	0.00931303
10	BAM 4521	Control	End of season	DTB	84	0
10	BAM 4521	Control	End of season	DTH	87	0
10	BAM 4521	Control	End of season	PH	112.333	4.05518
10	BAM 4521	Control	End of season	TN	14	1
10	BAM 4521	Control	End of season	PT	9.33333	0.666667
10	BAM 4521	Control	End of season	SFW	56.0673	0.534516
10	BAM 4521	Control	End of season	SDW	29.93	0.170098
10	BAM 4521	Control	End of season	GWPP	9.70333	0.207311
10	BAM 4521	Control	End of season	TGW	15.7333	0.309318
10	BAM 4521	Control	End of season	HI	0.324155	0.00540443
10	BAM 4521	Control	30 DAT	rLL	0.666628	0.0368373
10	BAM 4521	Control	30 DAT	rLW	0.842593	0.0791111
10	BAM 4521	Control	30 DAT	rCCI	0.970279	0.0084131
10	BAM 4521	Control	30 DAT	dCCI	9.66667	2.71805
10	BAM 4521	Control	30 DAT	rQY	1.00818	0.0108223
10	BAM 4521	Control	30 DAT	dQY	-0.00666667	0.00881917
10	BAM 4521	Control	30 DAT	rPhoto	0.87137	0.0206115
10	BAM 4521	Control	30 DAT	rCond	0.731449	0.132836
10	BAM 4521	Control	30 DAT	rCi	0.997692	0.148435
10	BAM 4521	Control	30 DAT	rTr	0.78376	0.0176198
10	BAM 4521	Control	60 DAT	rLL	1.12804	0.0732206
10	BAM 4521	Control	60 DAT	rLW	1	0
10	BAM 4521	Control	60 DAT	rCCI	0.846779	0.00492248
10	BAM 4521	Control	60 DAT	dCCI	57.6209	1.8804
10	BAM 4521	Control	60 DAT	rQY	1.00034	0.0183938
10	BAM 4521	Control	60 DAT	dQY	0	0.0152753
10	BAM 4521	Control	60 DAT	rPhoto	0.889908	0.00588353
10	BAM 4521	Control	60 DAT	rCond	1.2185	0.23147
10	BAM 4521	Control	60 DAT	rCi	1.202	0.0258803
10	BAM 4521	Control	60 DAT	rTr	0.947598	0.101581
10	BAM 4521	NStress	0 DAT	PH	41.2333	2.33904
10	BAM 4521	NStress	0 DAT	TLL	26.1	1.35031
10	BAM 4521	NStress	0 DAT	TLW	0.533333	0.0881917
10	BAM 4521	NStress	0 DAT	BLL	11.1	0.173205
10	BAM 4521	NStress	0 DAT	BLW	0.133333	0.0333333
10	BAM 4521	NStress	0 DAT	SFW	0.402	0.112447
10	BAM 4521	NStress	0 DAT	RFW	0.212	0.0318957
10	BAM 4521	NStress	0 DAT	SDW	0.153667	0.0294184
10	BAM 4521	NStress	0 DAT	RDW	0.0863333	0.00290593
10	BAM 4521	NStress	0 DAT	Photo	7.50332	0.0643273
10	BAM 4521	NStress	0 DAT	Cond	0.379241	0.000893584
10	BAM 4521	NStress	0 DAT	Ci	301.273	0.291799
10	BAM 4521	NStress	0 DAT	Tr	7.21545	0.0146959
10	BAM 4521	NStress	0 DAT	Vpd	1.93761	0.00036223
10	BAM 4521	NStress	0 DAT	CT	28.9528	0.00121014
10	BAM 4521	NStress	0 DAT	RL	108.868	10.3625
10	BAM 4521	NStress	0 DAT	PA	3.6647	0.270835
10	BAM 4521	NStress	0 DAT	SA	15.8652	4.43446
10	BAM 4521	NStress	0 DAT	AD	0.5316	0.0469448
10	BAM 4521	NStress	0 DAT	LPV	92.9297	19.0104
10	BAM 4521	NStress	0 DAT	RV	0.219333	0.079984
10	BAM 4521	NStress	0 DAT	TPS	361	73.9617
10	BAM 4521	NStress	30 DAT	PH	64.1667	0.883805
10	BAM 4521	NStress	30 DAT	TN	4.66667	0.333333
10	BAM 4521	NStress	30 DAT	LN	15.6667	0.333333
10	BAM 4521	NStress	30 DAT	TLL	40.7667	0.643774
10	BAM 4521	NStress	30 DAT	BLL	35.2	1.65025
10	BAM 4521	NStress	30 DAT	TLW	0.833333	0.0333333
10	BAM 4521	NStress	30 DAT	BLW	0.466667	0.0333333
10	BAM 4521	NStress	30 DAT	CCI_TL	244.133	14.2565
10	BAM 4521	NStress	30 DAT	CCI_BL	139.1	16.8787
10	BAM 4521	NStress	30 DAT	QY_TL	0.766667	0.0120185
10	BAM 4521	NStress	30 DAT	QY_BL	0.636667	0.00881917
10	BAM 4521	NStress	30 DAT	SFW	10.4707	0.416335
10	BAM 4521	NStress	30 DAT	SDWC	3.15567	0.187557
10	BAM 4521	NStress	30 DAT	RFW	8.438	0.810789
10	BAM 4521	NStress	30 DAT	RDW	2.362	0.312874
10	BAM 4521	NStress	30 DAT	Photo_TL	21.4452	2.04015
10	BAM 4521	NStress	30 DAT	Cond_TL	0.0315998	0.0103062
10	BAM 4521	NStress	30 DAT	Ci_TL	171.654	56.3779
10	BAM 4521	NStress	30 DAT	Tr_TL	11.9717	1.66835
10	BAM 4521	NStress	30 DAT	Photo_BL	6.20734	3.1696
10	BAM 4521	NStress	30 DAT	Cond_BL	0.00833639	0.00457564
10	BAM 4521	NStress	30 DAT	Ci_BL	219.153	26.3926
10	BAM 4521	NStress	30 DAT	Tr_BL	3.20546	2.01567
10	BAM 4521	NStress	30 DAT	RL	345.373	6.22515
10	BAM 4521	NStress	30 DAT	PA	47.9889	4.99943
10	BAM 4521	NStress	30 DAT	SA	150.762	15.7062
10	BAM 4521	NStress	30 DAT	AD	1.39403	0.164823
10	BAM 4521	NStress	30 DAT	LPV	345.373	6.22515
10	BAM 4521	NStress	30 DAT	RV	5.38333	1.23059
10	BAM 4521	NStress	30 DAT	TPS	1293	202.517
10	BAM 4521	NStress	60 DAT	PH	86.7	1.94679
10	BAM 4521	NStress	60 DAT	TN	4	0
10	BAM 4521	NStress	60 DAT	LN	15.3333	0.333333
10	BAM 4521	NStress	60 DAT	TLL	28.1	1.57162
10	BAM 4521	NStress	60 DAT	BLL	36.5	2.50267
10	BAM 4521	NStress	60 DAT	TLW	0.866667	0.0666667
10	BAM 4521	NStress	60 DAT	BLW	1	0
10	BAM 4521	NStress	60 DAT	CCI_TL	326.26	7.00908
10	BAM 4521	NStress	60 DAT	CCI_BL	237.186	3.11935
10	BAM 4521	NStress	60 DAT	QY_TL	0.766667	0.0120185
10	BAM 4521	NStress	60 DAT	QY_BL	0.66	0.0152753
10	BAM 4521	NStress	60 DAT	SFW	17.107	1.40965
10	BAM 4521	NStress	60 DAT	SDWC	12.5373	0.804547
10	BAM 4521	NStress	60 DAT	RFW	6.903	0.0855239
10	BAM 4521	NStress	60 DAT	RDW	4.23433	0.143333
10	BAM 4521	NStress	60 DAT	Photo_TL	23.8244	3.0287
10	BAM 4521	NStress	60 DAT	Cond_TL	0.0287203	0.000589998
10	BAM 4521	NStress	60 DAT	Ci_TL	244.431	16.9314
10	BAM 4521	NStress	60 DAT	Tr_TL	9.8906	0.815355
10	BAM 4521	NStress	60 DAT	Photo_BL	15.7629	1.15915
10	BAM 4521	NStress	60 DAT	Cond_BL	0.0269566	0.00347657
10	BAM 4521	NStress	60 DAT	Ci_BL	266.439	5.58654
10	BAM 4521	NStress	60 DAT	Tr_BL	8.35358	1.08083
10	BAM 4521	NStress	60 DAT	RL	1410.05	148.297
10	BAM 4521	NStress	60 DAT	PA	179.882	38.8282
10	BAM 4521	NStress	60 DAT	SA	686.368	13.3323
10	BAM 4521	NStress	60 DAT	AD	1.49713	0.230583
10	BAM 4521	NStress	60 DAT	LPV	1410.05	148.297
10	BAM 4521	NStress	60 DAT	RV	21.9833	7.09472
10	BAM 4521	NStress	60 DAT	TPS	5124.33	823.783
10	BAM 4521	NStress	Flag leaf	FLL	22.5333	0.698411
10	BAM 4521	NStress	Flag leaf	FLW	1	0
10	BAM 4521	NStress	Flag leaf	CCI_FL	248.222	8.02019
10	BAM 4521	NStress	Flag leaf	QY_FL	0.816667	0.00333333
10	BAM 4521	NStress	Flag leaf	Photo_FL	18.7919	0.0173179
10	BAM 4521	NStress	Flag leaf	Cond_FL	0.322769	0.000264913
10	BAM 4521	NStress	Flag leaf	Ci_FL	320.361	0.160902
10	BAM 4521	NStress	Flag leaf	Tr_FL	10.4156	0.00673703
10	BAM 4521	NStress	End of season	DTB	83	0
10	BAM 4521	NStress	End of season	DTH	86	0
10	BAM 4521	NStress	End of season	PH	105.333	4.63081
10	BAM 4521	NStress	End of season	TN	6	1
10	BAM 4521	NStress	End of season	PT	4	0.57735
10	BAM 4521	NStress	End of season	SFW	35.6433	0.45042
10	BAM 4521	NStress	End of season	SDW	25.1567	0.109747
10	BAM 4521	NStress	End of season	GWPP	9.95667	0.208353
10	BAM 4521	NStress	End of season	TGW	15.9267	0.197512
10	BAM 4521	NStress	End of season	HI	0.395739	0.00688778
10	BAM 4521	NStress	30 DAT	rLL	0.863073	0.0330306
10	BAM 4521	NStress	30 DAT	rLW	0.560185	0.0361586
10	BAM 4521	NStress	30 DAT	rCCI	0.565434	0.037141
10	BAM 4521	NStress	30 DAT	dCCI	105.033	2.69093
10	BAM 4521	NStress	30 DAT	rQY	0.830685	0.0131838
10	BAM 4521	NStress	30 DAT	dQY	0.13	0.011547
10	BAM 4521	NStress	30 DAT	rPhoto	0.278885	0.124524
10	BAM 4521	NStress	30 DAT	rCond	0.245162	0.0661792
10	BAM 4521	NStress	30 DAT	rCi	2.0343	1.15777
10	BAM 4521	NStress	30 DAT	rTr	0.243774	0.128801
10	BAM 4521	NStress	60 DAT	rLL	1.31103	0.13668
10	BAM 4521	NStress	60 DAT	rLW	1.16667	0.0833333
10	BAM 4521	NStress	60 DAT	rCCI	0.727315	0.00951425
10	BAM 4521	NStress	60 DAT	dCCI	89.0741	4.76881
10	BAM 4521	NStress	60 DAT	rQY	0.861797	0.0318855
10	BAM 4521	NStress	60 DAT	dQY	0.106667	0.0260342
10	BAM 4521	NStress	60 DAT	rPhoto	0.686561	0.10926
10	BAM 4521	NStress	60 DAT	rCond	0.935614	0.106985
10	BAM 4521	NStress	60 DAT	rCi	1.10047	0.0773327
10	BAM 4521	NStress	60 DAT	rTr	0.872458	0.176141
11	Black gora	Control	0 DAT	PH	44.6667	0.581187
11	Black gora	Control	0 DAT	TLL	26.9333	0.517472
11	Black gora	Control	0 DAT	TLW	0.5	0.057735
11	Black gora	Control	0 DAT	BLL	15.9333	0.384419
11	Black gora	Control	0 DAT	BLW	0.183333	0.0166667
11	Black gora	Control	0 DAT	SFW	0.388	0.0108167
11	Black gora	Control	0 DAT	RFW	0.22	0.005
11	Black gora	Control	0 DAT	SDW	0.121667	0.00405518
11	Black gora	Control	0 DAT	RDW	0.099	0.0011547
11	Black gora	Control	0 DAT	Photo	5.18647	0.353416
11	Black gora	Control	0 DAT	Cond	0.0468215	0.0103963
11	Black gora	Control	0 DAT	Ci	181.636	11.2301
11	Black gora	Control	0 DAT	Tr	1.49959	0.0877451
11	Black gora	Control	0 DAT	Vpd	2.39295	0.0346144
11	Black gora	Control	0 DAT	CT	29.8154	0.0992556
11	Black gora	Control	0 DAT	RL	342.323	15.0077
11	Black gora	Control	0 DAT	PA	14.0585	0.51372
11	Black gora	Control	0 DAT	SA	44.1662	1.61384
11	Black gora	Control	0 DAT	AD	0.377033	0.0172527
11	Black gora	Control	0 DAT	LPV	347.063	10.4267
11	Black gora	Control	0 DAT	RV	0.417	0.0296142
11	Black gora	Control	0 DAT	TPS	1892.67	195.009
11	Black gora	Control	30 DAT	PH	64.2667	4.96935
11	Black gora	Control	30 DAT	TN	7	1.73205
11	Black gora	Control	30 DAT	LN	22.3333	9.02466
11	Black gora	Control	30 DAT	TLL	43.8667	4.58124
11	Black gora	Control	30 DAT	BLL	33.6333	1.82239
11	Black gora	Control	30 DAT	TLW	1.03333	0.0881917
11	Black gora	Control	30 DAT	BLW	0.966667	0.0333333
11	Black gora	Control	30 DAT	CCI_TL	309.3	7.02092
11	Black gora	Control	30 DAT	CCI_BL	232.267	10.1282
11	Black gora	Control	30 DAT	QY_TL	0.83	0.011547
11	Black gora	Control	30 DAT	QY_BL	0.846667	0.00333333
11	Black gora	Control	30 DAT	SFW	9.185	2.38063
11	Black gora	Control	30 DAT	SDWC	4.153	1.00827
11	Black gora	Control	30 DAT	RFW	3.711	0.755022
11	Black gora	Control	30 DAT	RDW	1.41533	0.335911
11	Black gora	Control	30 DAT	Photo_TL	24.4522	1.62108
11	Black gora	Control	30 DAT	Cond_TL	0.0562576	0.0110513
11	Black gora	Control	30 DAT	Ci_TL	199.857	38.713
11	Black gora	Control	30 DAT	Tr_TL	19.0746	1.62126
11	Black gora	Control	30 DAT	Photo_BL	19.2859	2.79507
11	Black gora	Control	30 DAT	Cond_BL	0.0416484	0.0117364
11	Black gora	Control	30 DAT	Ci_BL	199.697	44.6499
11	Black gora	Control	30 DAT	Tr_BL	15.2357	2.26965
11	Black gora	Control	30 DAT	RL	219.439	28.963
11	Black gora	Control	30 DAT	PA	24.5932	4.1475
11	Black gora	Control	30 DAT	SA	77.2619	13.0297
11	Black gora	Control	30 DAT	AD	0.891367	0.168375
11	Black gora	Control	30 DAT	LPV	280.43	6.25035
11	Black gora	Control	30 DAT	RV	2.00133	0.682043
11	Black gora	Control	30 DAT	TPS	1107.33	117.202
11	Black gora	Control	60 DAT	PH	88.6333	4.46853
11	Black gora	Control	60 DAT	TN	14.3333	1.33333
11	Black gora	Control	60 DAT	LN	53.3333	5.89727
11	Black gora	Control	60 DAT	TLL	35.9333	0.5696
11	Black gora	Control	60 DAT	BLL	43.6667	1.06823
11	Black gora	Control	60 DAT	TLW	1.1	0
11	Black gora	Control	60 DAT	BLW	1.1	0
11	Black gora	Control	60 DAT	CCI_TL	346.96	1.83724
11	Black gora	Control	60 DAT	CCI_BL	305.139	2.46124
11	Black gora	Control	60 DAT	QY_TL	0.836667	0.00333333
11	Black gora	Control	60 DAT	QY_BL	0.833333	0.00333333
11	Black gora	Control	60 DAT	SFW	25.3677	1.90313
11	Black gora	Control	60 DAT	SDWC	17.357	1.11176
11	Black gora	Control	60 DAT	RFW	9.74833	0.609552
11	Black gora	Control	60 DAT	RDW	5.99367	0.391644
11	Black gora	Control	60 DAT	Photo_TL	24.4522	1.62108
11	Black gora	Control	60 DAT	Cond_TL	0.0562576	0.0110513
11	Black gora	Control	60 DAT	Ci_TL	199.857	38.713
11	Black gora	Control	60 DAT	Tr_TL	19.0746	1.62126
11	Black gora	Control	60 DAT	Photo_BL	19.2859	2.79507
11	Black gora	Control	60 DAT	Cond_BL	0.0416484	0.0117364
11	Black gora	Control	60 DAT	Ci_BL	233.03	11.3597
11	Black gora	Control	60 DAT	Tr_BL	15.2357	2.26965
11	Black gora	Control	60 DAT	RL	411.74	11.6512
11	Black gora	Control	60 DAT	PA	75.6946	8.49678
11	Black gora	Control	60 DAT	SA	380.009	52.3929
11	Black gora	Control	60 DAT	AD	4.25998	0.313511
11	Black gora	Control	60 DAT	LPV	403.906	14.0398
11	Black gora	Control	60 DAT	RV	53.6176	13.0776
11	Black gora	Control	60 DAT	TPS	2148.11	400.112
11	Black gora	Control	Flag leaf	FLL	29.5667	1.24544
11	Black gora	Control	Flag leaf	FLW	1.2	0
11	Black gora	Control	Flag leaf	CCI_FL	369.606	3.59096
11	Black gora	Control	Flag leaf	QY_FL	0.82	0
11	Black gora	Control	Flag leaf	Photo_FL	32.9869	0.041564
11	Black gora	Control	Flag leaf	Cond_FL	0.62525	0.000375685
11	Black gora	Control	Flag leaf	Ci_FL	313.791	0.18162
11	Black gora	Control	Flag leaf	Tr_FL	18.6004	0.00349089
11	Black gora	Control	End of season	DTB	78	0
11	Black gora	Control	End of season	DTH	82	1
11	Black gora	Control	End of season	PH	95.1667	0.166667
11	Black gora	Control	End of season	TN	22.6667	1.20185
11	Black gora	Control	End of season	PT	14.3333	0.666667
11	Black gora	Control	End of season	SFW	66.5267	0.524892
11	Black gora	Control	End of season	SDW	34.13	0.531256
11	Black gora	Control	End of season	GWPP	16.4533	0.177044
11	Black gora	Control	End of season	TGW	16.75	0.457639
11	Black gora	Control	End of season	HI	0.482196	0.00524833
11	Black gora	Control	30 DAT	rLL	0.776422	0.0490587
11	Black gora	Control	30 DAT	rLW	0.944444	0.0555556
11	Black gora	Control	30 DAT	rCCI	0.753212	0.0502945
11	Black gora	Control	30 DAT	dCCI	77.0333	17.1099
11	Black gora	Control	30 DAT	rQY	1.02048	0.0148655
11	Black gora	Control	30 DAT	dQY	-0.0166667	0.0120185
11	Black gora	Control	30 DAT	rPhoto	0.784492	0.0883958
11	Black gora	Control	30 DAT	rCond	0.724256	0.0798328
11	Black gora	Control	30 DAT	rCi	0.984029	0.0540719
11	Black gora	Control	30 DAT	rTr	0.789839	0.0621756
11	Black gora	Control	60 DAT	rLL	1.21594	0.0369696
11	Black gora	Control	60 DAT	rLW	1	0
11	Black gora	Control	60 DAT	rCCI	0.879482	0.00652235
11	Black gora	Control	60 DAT	dCCI	41.8201	2.31094
11	Black gora	Control	60 DAT	rQY	0.99608	0.00798432
11	Black gora	Control	60 DAT	dQY	0.00333333	0.00666667
11	Black gora	Control	60 DAT	rPhoto	0.784492	0.0883958
11	Black gora	Control	60 DAT	rCond	0.724256	0.0798328
11	Black gora	Control	60 DAT	rCi	1.25422	0.227807
11	Black gora	Control	60 DAT	rTr	0.789839	0.0621756
11	Black gora	NStress	0 DAT	PH	44.6667	0.581187
11	Black gora	NStress	0 DAT	TLL	26.9333	0.517472
11	Black gora	NStress	0 DAT	TLW	0.5	0.057735
11	Black gora	NStress	0 DAT	BLL	15.9333	0.384419
11	Black gora	NStress	0 DAT	BLW	0.183333	0.0166667
11	Black gora	NStress	0 DAT	SFW	0.388	0.0108167
11	Black gora	NStress	0 DAT	RFW	0.22	0.005
11	Black gora	NStress	0 DAT	SDW	0.121667	0.00405518
11	Black gora	NStress	0 DAT	RDW	0.099	0.0011547
11	Black gora	NStress	0 DAT	Photo	5.18647	0.353416
11	Black gora	NStress	0 DAT	Cond	0.0468215	0.0103963
11	Black gora	NStress	0 DAT	Ci	181.636	11.2301
11	Black gora	NStress	0 DAT	Tr	1.49959	0.0877451
11	Black gora	NStress	0 DAT	Vpd	2.39295	0.0346144
11	Black gora	NStress	0 DAT	CT	29.8154	0.0992556
11	Black gora	NStress	0 DAT	RL	342.323	15.0077
11	Black gora	NStress	0 DAT	PA	14.0585	0.51372
11	Black gora	NStress	0 DAT	SA	44.1662	1.61384
11	Black gora	NStress	0 DAT	AD	0.377033	0.0172527
11	Black gora	NStress	0 DAT	LPV	347.063	10.4267
11	Black gora	NStress	0 DAT	RV	0.417	0.0296142
11	Black gora	NStress	0 DAT	TPS	1698	11.547
11	Black gora	NStress	30 DAT	PH	62.4	2.77128
11	Black gora	NStress	30 DAT	TN	2.5	0.288675
11	Black gora	NStress	30 DAT	LN	7	0.57735
11	Black gora	NStress	30 DAT	TLL	48.7667	6.53333
11	Black gora	NStress	30 DAT	BLL	37.9667	1.16237
11	Black gora	NStress	30 DAT	TLW	0.883333	0.0166667
11	Black gora	NStress	30 DAT	BLW	0.633333	0.120185
11	Black gora	NStress	30 DAT	CCI_TL	278.633	16.5211
11	Black gora	NStress	30 DAT	CCI_BL	146.433	9.65062
11	Black gora	NStress	30 DAT	QY_TL	0.736667	0.0120185
11	Black gora	NStress	30 DAT	QY_BL	0.646667	0.0145297
11	Black gora	NStress	30 DAT	SFW	3.83167	0.620308
11	Black gora	NStress	30 DAT	SDWC	1.40533	0.325913
11	Black gora	NStress	30 DAT	RFW	3.05533	0.291403
11	Black gora	NStress	30 DAT	RDW	0.736	0.3185
11	Black gora	NStress	30 DAT	Photo_TL	17.2696	0.960725
11	Black gora	NStress	30 DAT	Cond_TL	0.032658	0.0057006
11	Black gora	NStress	30 DAT	Ci_TL	222.844	12.4376
11	Black gora	NStress	30 DAT	Tr_TL	9.96464	0.907288
11	Black gora	NStress	30 DAT	Photo_BL	12.9354	0.337251
11	Black gora	NStress	30 DAT	Cond_BL	0.0151945	0.000538969
11	Black gora	NStress	30 DAT	Ci_BL	214.698	18.1806
11	Black gora	NStress	30 DAT	Tr_BL	5.52339	0.744417
11	Black gora	NStress	30 DAT	RL	269.604	4.30674
11	Black gora	NStress	30 DAT	PA	31.7769	6.16748
11	Black gora	NStress	30 DAT	SA	99.8301	19.3756
11	Black gora	NStress	30 DAT	AD	1.183	0.238327
11	Black gora	NStress	30 DAT	LPV	269.604	4.30674
11	Black gora	NStress	30 DAT	RV	3.18267	1.25344
11	Black gora	NStress	30 DAT	TPS	904.333	104.333
11	Black gora	NStress	60 DAT	PH	80.7333	0.384419
11	Black gora	NStress	60 DAT	TN	6.33333	0.333333
11	Black gora	NStress	60 DAT	LN	21.6667	0.881917
11	Black gora	NStress	60 DAT	TLL	29.6667	2.19418
11	Black gora	NStress	60 DAT	BLL	33.0333	1.06823
11	Black gora	NStress	60 DAT	TLW	0.9	0
11	Black gora	NStress	60 DAT	BLW	0.9	0
11	Black gora	NStress	60 DAT	CCI_TL	350.01	2.68687
11	Black gora	NStress	60 DAT	CCI_BL	247.718	3.79856
11	Black gora	NStress	60 DAT	QY_TL	0.736667	0.0120185
11	Black gora	NStress	60 DAT	QY_BL	0.666667	0.00881917
11	Black gora	NStress	60 DAT	SFW	17.8387	0.225534
11	Black gora	NStress	60 DAT	SDWC	12.373	0.401417
11	Black gora	NStress	60 DAT	RFW	6.408	0.360311
11	Black gora	NStress	60 DAT	RDW	4.685	0.286744
11	Black gora	NStress	60 DAT	Photo_TL	27.6101	0.726571
11	Black gora	NStress	60 DAT	Cond_TL	0.0316722	0.00843201
11	Black gora	NStress	60 DAT	Ci_TL	208.13	42.4339
11	Black gora	NStress	60 DAT	Tr_TL	11.8717	0.720784
11	Black gora	NStress	60 DAT	Photo_BL	16.3173	2.4651
11	Black gora	NStress	60 DAT	Cond_BL	0.0256807	0.00453696
11	Black gora	NStress	60 DAT	Ci_BL	232.702	46.1295
11	Black gora	NStress	60 DAT	Tr_BL	9.46556	1.27459
11	Black gora	NStress	60 DAT	RL	1159.22	51.2923
11	Black gora	NStress	60 DAT	PA	161.786	10.5484
11	Black gora	NStress	60 DAT	SA	508.265	33.1388
11	Black gora	NStress	60 DAT	AD	1.40518	0.111111
11	Black gora	NStress	60 DAT	LPV	1159.22	51.2923
11	Black gora	NStress	60 DAT	RV	18.2834	2.57584
11	Black gora	NStress	60 DAT	TPS	4343.11	391.062
11	Black gora	NStress	Flag leaf	FLL	15.1333	1.34825
11	Black gora	NStress	Flag leaf	FLW	0.9	0
11	Black gora	NStress	Flag leaf	CCI_FL	304.591	3.87779
11	Black gora	NStress	Flag leaf	QY_FL	0.823333	0.00333333
11	Black gora	NStress	Flag leaf	Photo_FL	17.5937	0.0289049
11	Black gora	NStress	Flag leaf	Cond_FL	0.326542	0.000248479
11	Black gora	NStress	Flag leaf	Ci_FL	327.864	0.209427
11	Black gora	NStress	Flag leaf	Tr_FL	10.488	0.00396458
11	Black gora	NStress	End of season	DTB	73	0
11	Black gora	NStress	End of season	DTH	78	0
11	Black gora	NStress	End of season	PH	88	3.05505
11	Black gora	NStress	End of season	TN	8.66667	0.666667
11	Black gora	NStress	End of season	PT	6	0.57735
11	Black gora	NStress	End of season	SFW	38.27	0.975773
11	Black gora	NStress	End of season	SDW	26.68	0.967006
11	Black gora	NStress	End of season	GWPP	11.9967	1.04381
11	Black gora	NStress	End of season	TGW	15.19	0.38527
11	Black gora	NStress	End of season	HI	0.448026	0.0225434
11	Black gora	NStress	30 DAT	rLL	0.801127	0.0882604
11	Black gora	NStress	30 DAT	rLW	0.721133	0.146164
11	Black gora	NStress	30 DAT	rCCI	0.52554	0.0135243
11	Black gora	NStress	30 DAT	dCCI	132.2	8.47899
11	Black gora	NStress	30 DAT	rQY	0.877891	0.0155431
11	Black gora	NStress	30 DAT	dQY	0.09	0.011547
11	Black gora	NStress	30 DAT	rPhoto	0.755896	0.0618664
11	Black gora	NStress	30 DAT	rCond	0.502806	0.109174
11	Black gora	NStress	30 DAT	rCi	0.960314	0.0281176
11	Black gora	NStress	30 DAT	rTr	0.577676	0.128899
11	Black gora	NStress	60 DAT	rLL	1.12152	0.060461
11	Black gora	NStress	60 DAT	rLW	1	0
11	Black gora	NStress	60 DAT	rCCI	0.70768	0.00644915
11	Black gora	NStress	60 DAT	dCCI	102.292	1.85305
11	Black gora	NStress	60 DAT	rQY	0.905288	0.0144675
11	Black gora	NStress	60 DAT	dQY	0.07	0.011547
11	Black gora	NStress	60 DAT	rPhoto	0.594302	0.0981124
11	Black gora	NStress	60 DAT	rCond	1.09983	0.562775
11	Black gora	NStress	60 DAT	rCi	1.30033	0.48864
11	Black gora	NStress	60 DAT	rTr	0.807332	0.125219
12	Suweon	Control	0 DAT	PH	38.9667	0.735603
12	Suweon	Control	0 DAT	TLL	31.4	0.264575
12	Suweon	Control	0 DAT	TLW	0.633333	0.0333333
12	Suweon	Control	0 DAT	BLL	18.4333	0.674125
12	Suweon	Control	0 DAT	BLW	0.15	0.0288675
12	Suweon	Control	0 DAT	SFW	0.534667	0.010729
12	Suweon	Control	0 DAT	RFW	0.243333	0.00666667
12	Suweon	Control	0 DAT	SDW	0.187667	0.00578312
12	Suweon	Control	0 DAT	RDW	0.088	0.00550757
12	Suweon	Control	0 DAT	Photo	7.00411	0.422177
12	Suweon	Control	0 DAT	Cond	0.0725208	0.00717429
12	Suweon	Control	0 DAT	Ci	175.57	8.02605
12	Suweon	Control	0 DAT	Tr	1.76581	0.165322
12	Suweon	Control	0 DAT	Vpd	2.33729	0.0109531
12	Suweon	Control	0 DAT	CT	29.6777	0.020566
12	Suweon	Control	0 DAT	RL	396.663	7.54122
12	Suweon	Control	0 DAT	PA	16.3902	1.45156
12	Suweon	Control	0 DAT	SA	50.2124	3.38506
12	Suweon	Control	0 DAT	AD	0.442167	0.018687
12	Suweon	Control	0 DAT	LPV	396.663	7.54122
12	Suweon	Control	0 DAT	RV	0.514667	0.0179753
12	Suweon	Control	0 DAT	TPS	1869.33	127.235
12	Suweon	Control	30 DAT	PH	79.8333	1.53768
12	Suweon	Control	30 DAT	TN	17.6667	0.666667
12	Suweon	Control	30 DAT	LN	44.6667	0.666667
12	Suweon	Control	30 DAT	TLL	53.9	1.47309
12	Suweon	Control	30 DAT	BLL	36.0667	2.88059
12	Suweon	Control	30 DAT	TLW	0.766667	0.0333333
12	Suweon	Control	30 DAT	BLW	0.766667	0.0333333
12	Suweon	Control	30 DAT	CCI_TL	254.067	8.31872
12	Suweon	Control	30 DAT	CCI_BL	231.467	10.3509
12	Suweon	Control	30 DAT	QY_TL	0.853333	0.00333333
12	Suweon	Control	30 DAT	QY_BL	0.84	0.0057735
12	Suweon	Control	30 DAT	SFW	20.9193	2.21984
12	Suweon	Control	30 DAT	SDWC	9.836	1.09297
12	Suweon	Control	30 DAT	RFW	10.3713	1.16244
12	Suweon	Control	30 DAT	RDW	2.993	0.568698
12	Suweon	Control	30 DAT	Photo_TL	21.667	0.968759
12	Suweon	Control	30 DAT	Cond_TL	0.0456036	0.0137479
12	Suweon	Control	30 DAT	Ci_TL	166.92	57.468
12	Suweon	Control	30 DAT	Tr_TL	17.6656	0.824567
12	Suweon	Control	30 DAT	Photo_BL	15.8343	2.2035
12	Suweon	Control	30 DAT	Cond_BL	0.0458845	0.00105658
12	Suweon	Control	30 DAT	Ci_BL	236.635	12.7138
12	Suweon	Control	30 DAT	Tr_BL	13.7099	0.780299
12	Suweon	Control	30 DAT	RL	393.771	40.497
12	Suweon	Control	30 DAT	PA	51.8478	11.2185
12	Suweon	Control	30 DAT	SA	162.885	35.2439
12	Suweon	Control	30 DAT	AD	1.26502	0.149351
12	Suweon	Control	30 DAT	LPV	393.771	40.497
12	Suweon	Control	30 DAT	RV	5.59067	1.74879
12	Suweon	Control	30 DAT	TPS	1602.67	137.794
12	Suweon	Control	60 DAT	PH	109.167	1.80216
12	Suweon	Control	60 DAT	TN	26.3333	0.333333
12	Suweon	Control	60 DAT	LN	95	1.1547
12	Suweon	Control	60 DAT	TLL	36.5	5.34634
12	Suweon	Control	60 DAT	BLL	43.1	5.74195
12	Suweon	Control	60 DAT	TLW	0.9	0
12	Suweon	Control	60 DAT	BLW	0.9	0
12	Suweon	Control	60 DAT	CCI_TL	371.582	4.77957
12	Suweon	Control	60 DAT	CCI_BL	347.974	2.69758
12	Suweon	Control	60 DAT	QY_TL	0.85	0
12	Suweon	Control	60 DAT	QY_BL	0.84	0.0057735
12	Suweon	Control	60 DAT	SFW	49.4057	1.19576
12	Suweon	Control	60 DAT	SDWC	27.0563	1.39364
12	Suweon	Control	60 DAT	RFW	15.224	1.17043
12	Suweon	Control	60 DAT	RDW	9.353	0.294014
12	Suweon	Control	60 DAT	Photo_TL	21.667	0.968759
12	Suweon	Control	60 DAT	Cond_TL	0.0456036	0.0137479
12	Suweon	Control	60 DAT	Ci_TL	166.92	57.468
12	Suweon	Control	60 DAT	Tr_TL	17.6656	0.824567
12	Suweon	Control	60 DAT	Photo_BL	15.8343	2.2035
12	Suweon	Control	60 DAT	Cond_BL	0.0458845	0.00105658
12	Suweon	Control	60 DAT	Ci_BL	236.635	12.7138
12	Suweon	Control	60 DAT	Tr_BL	13.7099	0.780299
12	Suweon	Control	60 DAT	RL	596.516	127.718
12	Suweon	Control	60 DAT	PA	227.546	38.4873
12	Suweon	Control	60 DAT	SA	714.858	120.911
12	Suweon	Control	60 DAT	AD	4.43405	2.34961
12	Suweon	Control	60 DAT	LPV	596.516	127.718
12	Suweon	Control	60 DAT	RV	166.135	12.9641
12	Suweon	Control	60 DAT	TPS	2729	847.597
12	Suweon	Control	Flag leaf	FLL	32.3333	2.90593
12	Suweon	Control	Flag leaf	FLW	1.4	0
12	Suweon	Control	Flag leaf	CCI_FL	349.487	4.43681
12	Suweon	Control	Flag leaf	QY_FL	0.81	0
12	Suweon	Control	Flag leaf	Photo_FL	20.7309	0.0913252
12	Suweon	Control	Flag leaf	Cond_FL	0.309435	3.25622e-05
12	Suweon	Control	Flag leaf	Ci_FL	297.267	0.509236
12	Suweon	Control	Flag leaf	Tr_FL	12.3931	0.00160396
12	Suweon	Control	End of season	DTB	87	0
12	Suweon	Control	End of season	DTH	92	0
12	Suweon	Control	End of season	PH	106.333	2.96273
12	Suweon	Control	End of season	TN	16	1.1547
12	Suweon	Control	End of season	PT	10.6667	0.881917
12	Suweon	Control	End of season	SFW	61.6367	0.333533
12	Suweon	Control	End of season	SDW	38.42	0.393997
12	Suweon	Control	End of season	GWPP	13.46	0.366106
12	Suweon	Control	End of season	TGW	14.18	0.38223
12	Suweon	Control	End of season	HI	0.350216	0.00598613
12	Suweon	Control	30 DAT	rLL	0.667885	0.041945
12	Suweon	Control	30 DAT	rLW	1	0
12	Suweon	Control	30 DAT	rCCI	0.915343	0.0672373
12	Suweon	Control	30 DAT	dCCI	22.6	18.3295
12	Suweon	Control	30 DAT	rQY	0.984359	0.00394457
12	Suweon	Control	30 DAT	dQY	0.0133333	0.00333333
12	Suweon	Control	30 DAT	rPhoto	0.725049	0.070398
12	Suweon	Control	30 DAT	rCond	1.33608	0.547816
12	Suweon	Control	30 DAT	rCi	2.23151	1.20267
12	Suweon	Control	30 DAT	rTr	0.775511	0.0130214
12	Suweon	Control	60 DAT	rLL	1.18493	0.0179023
12	Suweon	Control	60 DAT	rLW	1	0
12	Suweon	Control	60 DAT	rCCI	0.93696	0.019196
12	Suweon	Control	60 DAT	dCCI	23.608	7.47593
12	Suweon	Control	60 DAT	rQY	0.988235	0.00679236
12	Suweon	Control	60 DAT	dQY	0.01	0.0057735
12	Suweon	Control	60 DAT	rPhoto	0.725049	0.070398
12	Suweon	Control	60 DAT	rCond	1.33608	0.547816
12	Suweon	Control	60 DAT	rCi	2.23151	1.20267
12	Suweon	Control	60 DAT	rTr	0.775511	0.0130214
12	Suweon	NStress	0 DAT	PH	38.9667	0.735603
12	Suweon	NStress	0 DAT	TLL	31.4	0.264575
12	Suweon	NStress	0 DAT	TLW	0.633333	0.0333333
12	Suweon	NStress	0 DAT	BLL	18.4333	0.674125
12	Suweon	NStress	0 DAT	BLW	0.15	0.0288675
12	Suweon	NStress	0 DAT	SFW	0.534667	0.010729
12	Suweon	NStress	0 DAT	RFW	0.243333	0.00666667
12	Suweon	NStress	0 DAT	SDW	0.187667	0.00578312
12	Suweon	NStress	0 DAT	RDW	0.088	0.00550757
12	Suweon	NStress	0 DAT	Photo	7.00411	0.422177
12	Suweon	NStress	0 DAT	Cond	0.0725208	0.00717429
12	Suweon	NStress	0 DAT	Ci	175.57	8.02605
12	Suweon	NStress	0 DAT	Tr	1.76581	0.165322
12	Suweon	NStress	0 DAT	Vpd	2.33729	0.0109531
12	Suweon	NStress	0 DAT	CT	29.6777	0.020566
12	Suweon	NStress	0 DAT	RL	396.663	7.54122
12	Suweon	NStress	0 DAT	PA	16.3902	1.45156
12	Suweon	NStress	0 DAT	SA	50.2124	3.38506
12	Suweon	NStress	0 DAT	AD	0.442167	0.018687
12	Suweon	NStress	0 DAT	LPV	396.663	7.54122
12	Suweon	NStress	0 DAT	RV	0.514667	0.0179753
12	Suweon	NStress	0 DAT	TPS	1869.33	127.235
12	Suweon	NStress	30 DAT	PH	65.4	3.49905
12	Suweon	NStress	30 DAT	TN	3.66667	0.666667
12	Suweon	NStress	30 DAT	LN	14.3333	1.45297
12	Suweon	NStress	30 DAT	TLL	44.4	2.74651
12	Suweon	NStress	30 DAT	BLL	31.7	3.6756
12	Suweon	NStress	30 DAT	TLW	0.666667	0.0333333
12	Suweon	NStress	30 DAT	BLW	0.5	0.057735
12	Suweon	NStress	30 DAT	CCI_TL	423.6	13.8145
12	Suweon	NStress	30 DAT	CCI_BL	181.667	5.21099
12	Suweon	NStress	30 DAT	QY_TL	0.753333	0.0233333
12	Suweon	NStress	30 DAT	QY_BL	0.64	0.0057735
12	Suweon	NStress	30 DAT	SFW	8.417	1.00335
12	Suweon	NStress	30 DAT	SDWC	2.764	0.522899
12	Suweon	NStress	30 DAT	RFW	12.7487	0.244721
12	Suweon	NStress	30 DAT	RDW	3.93067	0.442789
12	Suweon	NStress	30 DAT	Photo_TL	28.6628	1.37696
12	Suweon	NStress	30 DAT	Cond_TL	0.0404288	0.00415765
12	Suweon	NStress	30 DAT	Ci_TL	131.851	28.8848
12	Suweon	NStress	30 DAT	Tr_TL	18.6111	1.6846
12	Suweon	NStress	30 DAT	Photo_BL	12.4423	0.143885
12	Suweon	NStress	30 DAT	Cond_BL	0.00724741	0.000136564
12	Suweon	NStress	30 DAT	Ci_BL	139.286	50.669
12	Suweon	NStress	30 DAT	Tr_BL	4.53674	1.17617
12	Suweon	NStress	30 DAT	RL	402.269	16.8728
12	Suweon	NStress	30 DAT	PA	59.878	3.80099
12	Suweon	NStress	30 DAT	SA	188.112	11.9412
12	Suweon	NStress	30 DAT	AD	1.48445	0.032245
12	Suweon	NStress	30 DAT	LPV	402.269	16.8728
12	Suweon	NStress	30 DAT	RV	7.01	0.594671
12	Suweon	NStress	30 DAT	TPS	1841.33	300.981
12	Suweon	NStress	60 DAT	PH	78.2	2.62742
12	Suweon	NStress	60 DAT	TN	4.33333	0.333333
12	Suweon	NStress	60 DAT	LN	15.6667	0.666667
12	Suweon	NStress	60 DAT	TLL	23.2333	2.11844
12	Suweon	NStress	60 DAT	BLL	25.6667	1.48586
12	Suweon	NStress	60 DAT	TLW	0.733333	0.0333333
12	Suweon	NStress	60 DAT	BLW	0.866667	0.0333333
12	Suweon	NStress	60 DAT	CCI_TL	316.328	1.58823
12	Suweon	NStress	60 DAT	CCI_BL	245.991	1.54164
12	Suweon	NStress	60 DAT	QY_TL	0.81	0.0057735
12	Suweon	NStress	60 DAT	QY_BL	0.646667	0.0120185
12	Suweon	NStress	60 DAT	SFW	19.0547	0.44311
12	Suweon	NStress	60 DAT	SDWC	13.454	0.582473
12	Suweon	NStress	60 DAT	RFW	7.734	0.808356
12	Suweon	NStress	60 DAT	RDW	5.54033	0.285487
12	Suweon	NStress	60 DAT	Photo_TL	21.086	0.902522
12	Suweon	NStress	60 DAT	Cond_TL	0.0400823	0.0021093
12	Suweon	NStress	60 DAT	Ci_TL	275.306	1.77227
12	Suweon	NStress	60 DAT	Tr_TL	11.2914	0.509289
12	Suweon	NStress	60 DAT	Photo_BL	20.8083	0.0518627
12	Suweon	NStress	60 DAT	Cond_BL	0.0391752	0.0011713
12	Suweon	NStress	60 DAT	Ci_BL	281.876	4.30871
12	Suweon	NStress	60 DAT	Tr_BL	10.4526	0.0355744
12	Suweon	NStress	60 DAT	RL	1538.34	105.055
12	Suweon	NStress	60 DAT	PA	141.371	3.3682
12	Suweon	NStress	60 DAT	SA	444.131	10.5816
12	Suweon	NStress	60 DAT	AD	1.1107	0.147224
12	Suweon	NStress	60 DAT	LPV	1538.34	105.055
12	Suweon	NStress	60 DAT	RV	41.8822	28.5133
12	Suweon	NStress	60 DAT	TPS	4901.5	731.214
12	Suweon	NStress	Flag leaf	FLL	18.5	1.96044
12	Suweon	NStress	Flag leaf	FLW	0.866667	0.0333333
12	Suweon	NStress	Flag leaf	CCI_FL	331.504	4.44769
12	Suweon	NStress	Flag leaf	QY_FL	0.82	0
12	Suweon	NStress	Flag leaf	Photo_FL	17.3856	0.0238336
12	Suweon	NStress	Flag leaf	Cond_FL	0.322465	0.000106554
12	Suweon	NStress	Flag leaf	Ci_FL	327.727	0.101429
12	Suweon	NStress	Flag leaf	Tr_FL	10.4207	0.00211592
12	Suweon	NStress	End of season	DTB	83	0
12	Suweon	NStress	End of season	DTH	87	0
12	Suweon	NStress	End of season	PH	91.6667	2.72845
12	Suweon	NStress	End of season	TN	5	0
12	Suweon	NStress	End of season	PT	3	0
12	Suweon	NStress	End of season	SFW	32.68	0.384231
12	Suweon	NStress	End of season	SDW	19.3233	0.314183
12	Suweon	NStress	End of season	GWPP	7.74667	0.132832
12	Suweon	NStress	End of season	TGW	14.2907	0.191382
12	Suweon	NStress	End of season	HI	0.400921	0.00385601
12	Suweon	NStress	30 DAT	rLL	0.70897	0.0425283
12	Suweon	NStress	30 DAT	rLW	0.746032	0.057231
12	Suweon	NStress	30 DAT	rCCI	0.429774	0.0189965
12	Suweon	NStress	30 DAT	dCCI	241.933	14.8102
12	Suweon	NStress	30 DAT	rQY	0.850738	0.0191243
12	Suweon	NStress	30 DAT	dQY	0.113333	0.0176383
12	Suweon	NStress	30 DAT	rPhoto	0.435835	0.0184071
12	Suweon	NStress	30 DAT	rCond	0.183618	0.0212316
12	Suweon	NStress	30 DAT	rCi	1.1273	0.398294
12	Suweon	NStress	30 DAT	rTr	0.238237	0.0501147
12	Suweon	NStress	60 DAT	rLL	1.11269	0.0537682
12	Suweon	NStress	60 DAT	rLW	1.18452	0.0508572
12	Suweon	NStress	60 DAT	rCCI	0.777693	0.00679963
12	Suweon	NStress	60 DAT	dCCI	70.3374	2.41439
12	Suweon	NStress	60 DAT	rQY	0.798232	0.00945087
12	Suweon	NStress	60 DAT	dQY	0.163333	0.00666667
12	Suweon	NStress	60 DAT	rPhoto	0.990583	0.0439828
12	Suweon	NStress	60 DAT	rCond	0.984238	0.0688232
12	Suweon	NStress	60 DAT	rCi	1.02405	0.0196619
12	Suweon	NStress	60 DAT	rTr	0.929373	0.0408041
13	Kunjukunju	Control	0 DAT	PH	48.2	0.208167
13	Kunjukunju	Control	0 DAT	TLL	28.7667	0.176383
13	Kunjukunju	Control	0 DAT	TLW	0.583333	0.0600925
13	Kunjukunju	Control	0 DAT	BLL	16.9	0.503322
13	Kunjukunju	Control	0 DAT	BLW	0.14	0.0305505
13	Kunjukunju	Control	0 DAT	SFW	0.373	0.00321455
13	Kunjukunju	Control	0 DAT	RFW	0.199	0.00832666
13	Kunjukunju	Control	0 DAT	SDW	0.121667	0.00176383
13	Kunjukunju	Control	0 DAT	RDW	0.072	0.00503322
13	Kunjukunju	Control	0 DAT	Photo	8.19469	0.115196
13	Kunjukunju	Control	0 DAT	Cond	0.0576717	0.00055711
13	Kunjukunju	Control	0 DAT	Ci	123.673	4.75102
13	Kunjukunju	Control	0 DAT	Tr	1.31437	0.0125473
13	Kunjukunju	Control	0 DAT	Vpd	2.18553	4.32345e-06
13	Kunjukunju	Control	0 DAT	CT	27.9808	0.000172262
13	Kunjukunju	Control	0 DAT	RL	342.529	7.7669
13	Kunjukunju	Control	0 DAT	PA	15.9989	0.256921
13	Kunjukunju	Control	0 DAT	SA	51.7388	0.139448
13	Kunjukunju	Control	0 DAT	AD	0.3894	0.0426809
13	Kunjukunju	Control	0 DAT	LPV	338.385	11.8705
13	Kunjukunju	Control	0 DAT	RV	0.547	0.0358097
13	Kunjukunju	Control	0 DAT	TPS	1526	79.6053
13	Kunjukunju	Control	30 DAT	PH	42.1	1.59478
13	Kunjukunju	Control	30 DAT	TN	9.66667	0.666667
13	Kunjukunju	Control	30 DAT	LN	31.3333	1.85592
13	Kunjukunju	Control	30 DAT	TLL	27.5	1.66233
13	Kunjukunju	Control	30 DAT	BLL	23.6333	0.876229
13	Kunjukunju	Control	30 DAT	TLW	0.9	0
13	Kunjukunju	Control	30 DAT	BLW	0.866667	0.0333333
13	Kunjukunju	Control	30 DAT	CCI_TL	410.467	7.1499
13	Kunjukunju	Control	30 DAT	CCI_BL	369.1	10.8499
13	Kunjukunju	Control	30 DAT	QY_TL	0.836667	0.00666667
13	Kunjukunju	Control	30 DAT	QY_BL	0.823333	0.00666667
13	Kunjukunju	Control	30 DAT	SFW	11.704	1.2229
13	Kunjukunju	Control	30 DAT	SDWC	4.79767	0.589558
13	Kunjukunju	Control	30 DAT	RFW	8.612	0.895124
13	Kunjukunju	Control	30 DAT	RDW	2.533	0.318582
13	Kunjukunju	Control	30 DAT	Photo_TL	23.7115	0.223644
13	Kunjukunju	Control	30 DAT	Cond_TL	0.054053	0.0120549
13	Kunjukunju	Control	30 DAT	Ci_TL	179.859	36.4034
13	Kunjukunju	Control	30 DAT	Tr_TL	20.4595	0.366569
13	Kunjukunju	Control	30 DAT	Photo_BL	18.9054	3.27788
13	Kunjukunju	Control	30 DAT	Cond_BL	0.0325392	0.00456525
13	Kunjukunju	Control	30 DAT	Ci_BL	138.456	24.0874
13	Kunjukunju	Control	30 DAT	Tr_BL	16.3912	2.74439
13	Kunjukunju	Control	30 DAT	RL	273.112	27.6659
13	Kunjukunju	Control	30 DAT	PA	32.6694	1.55563
13	Kunjukunju	Control	30 DAT	SA	102.634	4.88715
13	Kunjukunju	Control	30 DAT	AD	1.20642	0.0796647
13	Kunjukunju	Control	30 DAT	LPV	273.112	27.6659
13	Kunjukunju	Control	30 DAT	RV	3.14317	0.00298298
13	Kunjukunju	Control	30 DAT	TPS	1227.17	220.452
13	Kunjukunju	Control	60 DAT	PH	81.7	0.305505
13	Kunjukunju	Control	60 DAT	TN	12	1
13	Kunjukunju	Control	60 DAT	LN	49	6.50641
13	Kunjukunju	Control	60 DAT	TLL	23.1333	1.33832
13	Kunjukunju	Control	60 DAT	BLL	26.7	1.45717
13	Kunjukunju	Control	60 DAT	TLW	0.9	0
13	Kunjukunju	Control	60 DAT	BLW	0.9	0
13	Kunjukunju	Control	60 DAT	CCI_TL	341.327	2.66711
13	Kunjukunju	Control	60 DAT	CCI_BL	296.501	3.54911
13	Kunjukunju	Control	60 DAT	QY_TL	0.836667	0.00666667
13	Kunjukunju	Control	60 DAT	QY_BL	0.823333	0.00666667
13	Kunjukunju	Control	60 DAT	SFW	51.8783	1.38428
13	Kunjukunju	Control	60 DAT	SDWC	31.077	0.763405
13	Kunjukunju	Control	60 DAT	RFW	16.1987	0.715212
13	Kunjukunju	Control	60 DAT	RDW	10.9387	0.293617
13	Kunjukunju	Control	60 DAT	Photo_TL	24.6089	0.746548
13	Kunjukunju	Control	60 DAT	Cond_TL	0.0518982	0.0130577
13	Kunjukunju	Control	60 DAT	Ci_TL	167.536	42.7752
13	Kunjukunju	Control	60 DAT	Tr_TL	21.2248	0.714624
13	Kunjukunju	Control	60 DAT	Photo_BL	20.7475	3.1832
13	Kunjukunju	Control	60 DAT	Cond_BL	0.0397603	0.00286237
13	Kunjukunju	Control	60 DAT	Ci_BL	157.457	14.1897
13	Kunjukunju	Control	60 DAT	Tr_BL	18.0988	2.58747
13	Kunjukunju	Control	60 DAT	RL	1079.43	90.0712
13	Kunjukunju	Control	60 DAT	PA	186.337	18.5287
13	Kunjukunju	Control	60 DAT	SA	640.388	19.0803
13	Kunjukunju	Control	60 DAT	AD	1.5926	0.0232588
13	Kunjukunju	Control	60 DAT	LPV	1079.43	90.0712
13	Kunjukunju	Control	60 DAT	RV	40.082	18.5053
13	Kunjukunju	Control	60 DAT	TPS	5753	627.587
13	Kunjukunju	Control	Flag leaf	FLL	15.8333	0.218581
13	Kunjukunju	Control	Flag leaf	FLW	1	0
13	Kunjukunju	Control	Flag leaf	CCI_FL	453.439	1.99385
13	Kunjukunju	Control	Flag leaf	QY_FL	0.82	0
13	Kunjukunju	Control	Flag leaf	Photo_FL	25.6471	0.0231606
13	Kunjukunju	Control	Flag leaf	Cond_FL	0.712457	0.00134335
13	Kunjukunju	Control	Flag leaf	Ci_FL	344.244	0.163032
13	Kunjukunju	Control	Flag leaf	Tr_FL	20.0007	0.0115952
13	Kunjukunju	Control	End of season	DTB	83	0
13	Kunjukunju	Control	End of season	DTH	88	0
13	Kunjukunju	Control	End of season	PH	64.8333	2.12786
13	Kunjukunju	Control	End of season	TN	16.3333	1.45297
13	Kunjukunju	Control	End of season	PT	11.3333	2.33333
13	Kunjukunju	Control	End of season	SFW	64.06	0.595007
13	Kunjukunju	Control	End of season	SDW	39.56	0.329292
13	Kunjukunju	Control	End of season	GWPP	18.6567	0.224301
13	Kunjukunju	Control	End of season	TGW	17.7633	0.216667
13	Kunjukunju	Control	End of season	HI	0.471616	0.00475475
13	Kunjukunju	Control	30 DAT	rLL	0.862216	0.0290204
13	Kunjukunju	Control	30 DAT	rLW	0.962963	0.037037
13	Kunjukunju	Control	30 DAT	rCCI	0.900693	0.0425853
13	Kunjukunju	Control	30 DAT	dCCI	41.3667	17.9316
13	Kunjukunju	Control	30 DAT	rQY	0.984125	0.00793932
13	Kunjukunju	Control	30 DAT	dQY	0.0133333	0.00666667
13	Kunjukunju	Control	30 DAT	rPhoto	0.79622	0.133637
13	Kunjukunju	Control	30 DAT	rCond	0.68718	0.191854
13	Kunjukunju	Control	30 DAT	rCi	0.855125	0.240737
13	Kunjukunju	Control	30 DAT	rTr	0.797067	0.118264
13	Kunjukunju	Control	60 DAT	rLL	1.165	0.108953
13	Kunjukunju	Control	60 DAT	rLW	1	0
13	Kunjukunju	Control	60 DAT	rCCI	0.868928	0.0169404
13	Kunjukunju	Control	60 DAT	dCCI	44.8263	6.10157
13	Kunjukunju	Control	60 DAT	rQY	0.984125	0.00793932
13	Kunjukunju	Control	60 DAT	dQY	0.0133333	0.00666667
13	Kunjukunju	Control	60 DAT	rPhoto	0.837427	0.110265
13	Kunjukunju	Control	60 DAT	rCond	0.871298	0.211237
13	Kunjukunju	Control	60 DAT	rCi	1.0159	0.158565
13	Kunjukunju	Control	60 DAT	rTr	0.84726	0.100382
13	Kunjukunju	NStress	0 DAT	PH	48.2	0.208167
13	Kunjukunju	NStress	0 DAT	TLL	28.7667	0.176383
13	Kunjukunju	NStress	0 DAT	TLW	0.583333	0.0600925
13	Kunjukunju	NStress	0 DAT	BLL	16.9	0.503322
13	Kunjukunju	NStress	0 DAT	BLW	0.14	0.0305505
13	Kunjukunju	NStress	0 DAT	SFW	0.373	0.00321455
13	Kunjukunju	NStress	0 DAT	RFW	0.199	0.00832666
13	Kunjukunju	NStress	0 DAT	SDW	0.121667	0.00176383
13	Kunjukunju	NStress	0 DAT	RDW	0.072	0.00503322
13	Kunjukunju	NStress	0 DAT	Photo	8.19469	0.115196
13	Kunjukunju	NStress	0 DAT	Cond	0.0576717	0.00055711
13	Kunjukunju	NStress	0 DAT	Ci	123.673	4.75102
13	Kunjukunju	NStress	0 DAT	Tr	1.31437	0.0125473
13	Kunjukunju	NStress	0 DAT	Vpd	2.18553	4.32345e-06
13	Kunjukunju	NStress	0 DAT	CT	27.9808	0.000172262
13	Kunjukunju	NStress	0 DAT	RL	342.529	7.7669
13	Kunjukunju	NStress	0 DAT	PA	15.7075	0.388512
13	Kunjukunju	NStress	0 DAT	SA	51.7388	0.139448
13	Kunjukunju	NStress	0 DAT	AD	0.3894	0.0426809
13	Kunjukunju	NStress	0 DAT	LPV	338.385	11.8705
13	Kunjukunju	NStress	0 DAT	RV	0.547	0.0358097
13	Kunjukunju	NStress	0 DAT	TPS	1526	79.6053
13	Kunjukunju	NStress	30 DAT	PH	40.9667	1.77044
13	Kunjukunju	NStress	30 DAT	TN	3.66667	0.333333
13	Kunjukunju	NStress	30 DAT	LN	11	1
13	Kunjukunju	NStress	30 DAT	TLL	26.6	1.76918
13	Kunjukunju	NStress	30 DAT	BLL	22.4667	1.82787
13	Kunjukunju	NStress	30 DAT	TLW	0.8	0
13	Kunjukunju	NStress	30 DAT	BLW	0.633333	0.0333333
13	Kunjukunju	NStress	30 DAT	CCI_TL	385.367	17.2466
13	Kunjukunju	NStress	30 DAT	CCI_BL	254.667	11.268
13	Kunjukunju	NStress	30 DAT	QY_TL	0.726667	0.0145297
13	Kunjukunju	NStress	30 DAT	QY_BL	0.606667	0.00881917
13	Kunjukunju	NStress	30 DAT	SFW	6.015	0.183475
13	Kunjukunju	NStress	30 DAT	SDWC	2.06167	0.0385155
13	Kunjukunju	NStress	30 DAT	RFW	5.56733	0.68142
13	Kunjukunju	NStress	30 DAT	RDW	1.76467	0.332462
13	Kunjukunju	NStress	30 DAT	Photo_TL	31.3148	4.7073
13	Kunjukunju	NStress	30 DAT	Cond_TL	0.0507747	0.0154943
13	Kunjukunju	NStress	30 DAT	Ci_TL	156.006	37.729
13	Kunjukunju	NStress	30 DAT	Tr_TL	18.807	3.92467
13	Kunjukunju	NStress	30 DAT	Photo_BL	12.2349	1.29938
13	Kunjukunju	NStress	30 DAT	Cond_BL	0.00496146	0.000885526
13	Kunjukunju	NStress	30 DAT	Ci_BL	92.4787	10.8478
13	Kunjukunju	NStress	30 DAT	Tr_BL	3.2289	0.173229
13	Kunjukunju	NStress	30 DAT	RL	321.031	40.3346
13	Kunjukunju	NStress	30 DAT	PA	35.3639	8.22338
13	Kunjukunju	NStress	30 DAT	SA	111.099	25.8345
13	Kunjukunju	NStress	30 DAT	AD	1.06843	0.132054
13	Kunjukunju	NStress	30 DAT	LPV	321.031	40.3346
13	Kunjukunju	NStress	30 DAT	RV	3.138	1.01437
13	Kunjukunju	NStress	30 DAT	TPS	1609	27.0555
13	Kunjukunju	NStress	60 DAT	PH	67.2333	2.5458
13	Kunjukunju	NStress	60 DAT	TN	9.33333	1.20185
13	Kunjukunju	NStress	60 DAT	LN	35.6667	4.37163
13	Kunjukunju	NStress	60 DAT	TLL	19.8	0.750555
13	Kunjukunju	NStress	60 DAT	BLL	20.6	0.953939
13	Kunjukunju	NStress	60 DAT	TLW	0.833333	0.0333333
13	Kunjukunju	NStress	60 DAT	BLW	0.7	0
13	Kunjukunju	NStress	60 DAT	CCI_TL	258.521	10.547
13	Kunjukunju	NStress	60 DAT	CCI_BL	219.839	2.10265
13	Kunjukunju	NStress	60 DAT	QY_TL	0.756667	0.0176383
13	Kunjukunju	NStress	60 DAT	QY_BL	0.633333	0.0185592
13	Kunjukunju	NStress	60 DAT	SFW	29.1507	1.71888
13	Kunjukunju	NStress	60 DAT	SDWC	19.1747	0.377983
13	Kunjukunju	NStress	60 DAT	RFW	11.0783	0.222905
13	Kunjukunju	NStress	60 DAT	RDW	7.103	0.214742
13	Kunjukunju	NStress	60 DAT	Photo_TL	30.4602	2.01543
13	Kunjukunju	NStress	60 DAT	Cond_TL	0.069047	0.00193633
13	Kunjukunju	NStress	60 DAT	Ci_TL	291.878	0.564986
13	Kunjukunju	NStress	60 DAT	Tr_TL	15.5852	0.183915
13	Kunjukunju	NStress	60 DAT	Photo_BL	22.1467	1.98539
13	Kunjukunju	NStress	60 DAT	Cond_BL	0.0588302	0.00184479
13	Kunjukunju	NStress	60 DAT	Ci_BL	296.936	1.30508
13	Kunjukunju	NStress	60 DAT	Tr_BL	13.76	0.345057
13	Kunjukunju	NStress	60 DAT	RL	713.668	72.0587
13	Kunjukunju	NStress	60 DAT	PA	172.317	19.433
13	Kunjukunju	NStress	60 DAT	SA	502.273	72.4855
13	Kunjukunju	NStress	60 DAT	AD	1.834	0.359401
13	Kunjukunju	NStress	60 DAT	LPV	697.755	58.8187
13	Kunjukunju	NStress	60 DAT	RV	31.502	4.75621
13	Kunjukunju	NStress	60 DAT	TPS	3212	666.84
13	Kunjukunju	NStress	Flag leaf	FLL	13.0667	0.233333
13	Kunjukunju	NStress	Flag leaf	FLW	0.8	0.057735
13	Kunjukunju	NStress	Flag leaf	CCI_FL	258.083	4.46986
13	Kunjukunju	NStress	Flag leaf	QY_FL	0.823333	0.00333333
13	Kunjukunju	NStress	Flag leaf	Photo_FL	23.4934	0.0415112
13	Kunjukunju	NStress	Flag leaf	Cond_FL	0.345329	0.000258489
13	Kunjukunju	NStress	Flag leaf	Ci_FL	299.46	0.174653
13	Kunjukunju	NStress	Flag leaf	Tr_FL	11.9402	0.00618509
13	Kunjukunju	NStress	End of season	DTB	80	0
13	Kunjukunju	NStress	End of season	DTH	84	0
13	Kunjukunju	NStress	End of season	PH	64.3333	2.4037
13	Kunjukunju	NStress	End of season	TN	7	1.52753
13	Kunjukunju	NStress	End of season	PT	4.33333	0.333333
13	Kunjukunju	NStress	End of season	SFW	39.01	0.255016
13	Kunjukunju	NStress	End of season	SDW	19.941	0.508374
13	Kunjukunju	NStress	End of season	GWPP	9.47	0.0750555
13	Kunjukunju	NStress	End of season	TGW	14.0133	0.165965
13	Kunjukunju	NStress	End of season	HI	0.4754	0.0102837
13	Kunjukunju	NStress	30 DAT	rLL	0.843379	0.0205882
13	Kunjukunju	NStress	30 DAT	rLW	0.791667	0.0416667
13	Kunjukunju	NStress	30 DAT	rCCI	0.663189	0.038712
13	Kunjukunju	NStress	30 DAT	dCCI	130.7	18.858
13	Kunjukunju	NStress	30 DAT	rQY	0.835169	0.0110756
13	Kunjukunju	NStress	30 DAT	dQY	0.12	0.01
13	Kunjukunju	NStress	30 DAT	rPhoto	0.412588	0.0813171
13	Kunjukunju	NStress	30 DAT	rCond	0.113061	0.034444
13	Kunjukunju	NStress	30 DAT	rCi	0.632932	0.0843978
13	Kunjukunju	NStress	30 DAT	rTr	0.192916	0.0510144
13	Kunjukunju	NStress	60 DAT	rLL	1.04697	0.0886858
13	Kunjukunju	NStress	60 DAT	rLW	0.842593	0.0324074
13	Kunjukunju	NStress	60 DAT	rCCI	0.85396	0.0440276
13	Kunjukunju	NStress	60 DAT	dCCI	38.6823	12.5493
13	Kunjukunju	NStress	60 DAT	rQY	0.836917	0.0117968
13	Kunjukunju	NStress	60 DAT	dQY	0.123333	0.00881917
13	Kunjukunju	NStress	60 DAT	rPhoto	0.72489	0.0218449
13	Kunjukunju	NStress	60 DAT	rCond	0.852061	0.0125959
13	Kunjukunju	NStress	60 DAT	rCi	1.01732	0.00278932
13	Kunjukunju	NStress	60 DAT	rTr	0.882738	0.0156818
14	Cauvery	Control	0 DAT	PH	37.6667	0.983757
14	Cauvery	Control	0 DAT	TLL	20.8	0.173205
14	Cauvery	Control	0 DAT	TLW	0.583333	0.0440959
14	Cauvery	Control	0 DAT	BLL	8.9	0.404145
14	Cauvery	Control	0 DAT	BLW	0.25	0.0288675
14	Cauvery	Control	0 DAT	SFW	0.450667	0.00983757
14	Cauvery	Control	0 DAT	RFW	0.109	0.0034641
14	Cauvery	Control	0 DAT	SDW	0.109	0.0061101
14	Cauvery	Control	0 DAT	RDW	0.072	0.00208167
14	Cauvery	Control	0 DAT	Photo	7.65523	0.884596
14	Cauvery	Control	0 DAT	Cond	0.0439979	0.00604699
14	Cauvery	Control	0 DAT	Ci	38.1042	75.2361
14	Cauvery	Control	0 DAT	Tr	1.42408	0.167243
14	Cauvery	Control	0 DAT	Vpd	2.35946	0.0502361
14	Cauvery	Control	0 DAT	CT	29.4108	0.461311
14	Cauvery	Control	0 DAT	RL	166.18	8.22945
14	Cauvery	Control	0 DAT	PA	7.89467	2.12228
14	Cauvery	Control	0 DAT	SA	17.4562	0.680427
14	Cauvery	Control	0 DAT	AD	0.3297	0.0295947
14	Cauvery	Control	0 DAT	LPV	179.418	13.6458
14	Cauvery	Control	0 DAT	RV	0.135667	0.0048074
14	Cauvery	Control	0 DAT	TPS	1082.33	76.2219
14	Cauvery	Control	30 DAT	PH	55.5	2.35867
14	Cauvery	Control	30 DAT	TN	23	2.08167
14	Cauvery	Control	30 DAT	LN	66	4.3589
14	Cauvery	Control	30 DAT	TLL	36.4333	2.41822
14	Cauvery	Control	30 DAT	BLL	28.3	1.44338
14	Cauvery	Control	30 DAT	TLW	1.1	0.057735
14	Cauvery	Control	30 DAT	BLW	0.933333	0.0333333
14	Cauvery	Control	30 DAT	CCI_TL	439.6	17.9862
14	Cauvery	Control	30 DAT	CCI_BL	417.933	6.83723
14	Cauvery	Control	30 DAT	QY_TL	0.85	0
14	Cauvery	Control	30 DAT	QY_BL	0.836667	0.00666667
14	Cauvery	Control	30 DAT	SFW	34.02	2.95026
14	Cauvery	Control	30 DAT	SDWC	13.886	0.362439
14	Cauvery	Control	30 DAT	RFW	12.6687	0.536441
14	Cauvery	Control	30 DAT	RDW	3.614	0.268632
14	Cauvery	Control	30 DAT	Photo_TL	23.3361	0.84931
14	Cauvery	Control	30 DAT	Cond_TL	0.0483466	0.0109711
14	Cauvery	Control	30 DAT	Ci_TL	176.093	37.7514
14	Cauvery	Control	30 DAT	Tr_TL	18.6174	0.101269
14	Cauvery	Control	30 DAT	Photo_BL	21.1103	2.18162
14	Cauvery	Control	30 DAT	Cond_BL	0.0358955	0.0080469
14	Cauvery	Control	30 DAT	Ci_BL	147.89	51.0374
14	Cauvery	Control	30 DAT	Tr_BL	17.4309	1.95573
14	Cauvery	Control	30 DAT	RL	259.36	35.2273
14	Cauvery	Control	30 DAT	PA	79.0121	16.4782
14	Cauvery	Control	30 DAT	SA	248.224	51.7679
14	Cauvery	Control	30 DAT	AD	4.85492	1.88693
14	Cauvery	Control	30 DAT	LPV	259.36	35.2273
14	Cauvery	Control	30 DAT	RV	39.6947	18.9536
14	Cauvery	Control	30 DAT	TPS	1367.5	25.4996
14	Cauvery	Control	60 DAT	PH	80.7333	1.68951
14	Cauvery	Control	60 DAT	TN	33	2
14	Cauvery	Control	60 DAT	LN	115.667	6.43774
14	Cauvery	Control	60 DAT	TLL	30.0333	0.24037
14	Cauvery	Control	60 DAT	BLL	30.9333	0.233333
14	Cauvery	Control	60 DAT	TLW	1	0
14	Cauvery	Control	60 DAT	BLW	0.8	0
14	Cauvery	Control	60 DAT	CCI_TL	393.66	3.66648
14	Cauvery	Control	60 DAT	CCI_BL	366.131	1.32007
14	Cauvery	Control	60 DAT	QY_TL	0.846667	0.00333333
14	Cauvery	Control	60 DAT	QY_BL	0.836667	0.00666667
14	Cauvery	Control	60 DAT	SFW	77.4923	2.65794
14	Cauvery	Control	60 DAT	SDWC	48.487	2.28594
14	Cauvery	Control	60 DAT	RFW	19.152	1.21501
14	Cauvery	Control	60 DAT	RDW	14.471	0.712312
14	Cauvery	Control	60 DAT	Photo_TL	22.7917	0.328778
14	Cauvery	Control	60 DAT	Cond_TL	0.0626428	0.0105485
14	Cauvery	Control	60 DAT	Ci_TL	211.668	37.9614
14	Cauvery	Control	60 DAT	Tr_TL	19.5736	0.568198
14	Cauvery	Control	60 DAT	Photo_BL	20.9307	1.93642
14	Cauvery	Control	60 DAT	Cond_BL	0.0325809	0.0076854
14	Cauvery	Control	60 DAT	Ci_BL	116.32	24.8029
14	Cauvery	Control	60 DAT	Tr_BL	18.0956	2.00177
14	Cauvery	Control	60 DAT	RL	268.979	38.4167
14	Cauvery	Control	60 DAT	PA	239.194	9.9632
14	Cauvery	Control	60 DAT	SA	751.449	31.3003
14	Cauvery	Control	60 DAT	AD	7.67205	0.553477
14	Cauvery	Control	60 DAT	LPV	303.416	17.0277
14	Cauvery	Control	60 DAT	RV	139.048	12.2433
14	Cauvery	Control	60 DAT	TPS	3614.67	578.708
14	Cauvery	Control	Flag leaf	FLL	21.6	1.80093
14	Cauvery	Control	Flag leaf	FLW	1.1	0
14	Cauvery	Control	Flag leaf	CCI_FL	398.983	2.93384
14	Cauvery	Control	Flag leaf	QY_FL	0.84	0
14	Cauvery	Control	Flag leaf	Photo_FL	25.7026	0.0766756
14	Cauvery	Control	Flag leaf	Cond_FL	0.557168	0.000629947
14	Cauvery	Control	Flag leaf	Ci_FL	325.079	0.347113
14	Cauvery	Control	Flag leaf	Tr_FL	17.5277	0.00832913
14	Cauvery	Control	End of season	DTB	80	0
14	Cauvery	Control	End of season	DTH	85	0
14	Cauvery	Control	End of season	PH	87.2	1.18462
14	Cauvery	Control	End of season	TN	36	1.52753
14	Cauvery	Control	End of season	PT	24	1.52753
14	Cauvery	Control	End of season	SFW	75.094	1.80806
14	Cauvery	Control	End of season	SDW	42.85	0.953939
14	Cauvery	Control	End of season	GWPP	23.0467	0.710313
14	Cauvery	Control	End of season	TGW	22.4233	0.391975
14	Cauvery	Control	End of season	HI	0.537639	0.0048573
14	Cauvery	Control	30 DAT	rLL	0.779321	0.0274902
14	Cauvery	Control	30 DAT	rLW	0.850505	0.025131
14	Cauvery	Control	30 DAT	rCCI	0.953804	0.0402764
14	Cauvery	Control	30 DAT	dCCI	21.6667	18.9348
14	Cauvery	Control	30 DAT	rQY	0.984314	0.00784314
14	Cauvery	Control	30 DAT	dQY	0.0133333	0.00666667
14	Cauvery	Control	30 DAT	rPhoto	0.913175	0.121039
14	Cauvery	Control	30 DAT	rCond	0.897875	0.40586
14	Cauvery	Control	30 DAT	rCi	1.02746	0.545273
14	Cauvery	Control	30 DAT	rTr	0.937466	0.11011
14	Cauvery	Control	60 DAT	rLL	1.03011	0.0119279
14	Cauvery	Control	60 DAT	rLW	0.8	0
14	Cauvery	Control	60 DAT	rCCI	0.930293	0.0120603
14	Cauvery	Control	60 DAT	dCCI	27.529	4.96314
14	Cauvery	Control	60 DAT	rQY	0.988189	0.00679252
14	Cauvery	Control	60 DAT	dQY	0.01	0.0057735
14	Cauvery	Control	60 DAT	rPhoto	0.920533	0.0943671
14	Cauvery	Control	60 DAT	rCond	0.606746	0.262246
14	Cauvery	Control	60 DAT	rCi	0.648939	0.279765
14	Cauvery	Control	60 DAT	rTr	0.93059	0.125704
14	Cauvery	NStress	0 DAT	PH	37.6667	0.983757
14	Cauvery	NStress	0 DAT	TLL	20.8	0.173205
14	Cauvery	NStress	0 DAT	TLW	0.583333	0.0440959
14	Cauvery	NStress	0 DAT	BLL	8.9	0.404145
14	Cauvery	NStress	0 DAT	BLW	0.25	0.0288675
14	Cauvery	NStress	0 DAT	SFW	0.450667	0.00983757
14	Cauvery	NStress	0 DAT	RFW	0.109	0.0034641
14	Cauvery	NStress	0 DAT	SDW	0.109	0.0061101
14	Cauvery	NStress	0 DAT	RDW	0.072	0.00208167
14	Cauvery	NStress	0 DAT	Photo	7.65523	0.884596
14	Cauvery	NStress	0 DAT	Cond	0.0439979	0.00604699
14	Cauvery	NStress	0 DAT	Ci	31.4375	72.0882
14	Cauvery	NStress	0 DAT	Tr	1.42408	0.167243
14	Cauvery	NStress	0 DAT	Vpd	2.35946	0.0502361
14	Cauvery	NStress	0 DAT	CT	29.4108	0.461311
14	Cauvery	NStress	0 DAT	RL	166.18	8.22945
14	Cauvery	NStress	0 DAT	PA	5.77245	0.0164256
14	Cauvery	NStress	0 DAT	SA	17.4562	0.680427
14	Cauvery	NStress	0 DAT	AD	0.3297	0.0295947
14	Cauvery	NStress	0 DAT	LPV	179.418	13.6458
14	Cauvery	NStress	0 DAT	RV	0.135667	0.0048074
14	Cauvery	NStress	0 DAT	TPS	1082.33	76.2219
14	Cauvery	NStress	30 DAT	PH	41.1667	1.31191
14	Cauvery	NStress	30 DAT	TN	4.66667	0.666667
14	Cauvery	NStress	30 DAT	LN	12.3333	1.85592
14	Cauvery	NStress	30 DAT	TLL	25.9333	1.79475
14	Cauvery	NStress	30 DAT	BLL	23.4333	1.02686
14	Cauvery	NStress	30 DAT	TLW	0.6	0.057735
14	Cauvery	NStress	30 DAT	BLW	0.633333	0.0666667
14	Cauvery	NStress	30 DAT	CCI_TL	263.3	16.5591
14	Cauvery	NStress	30 DAT	CCI_BL	140.433	7.48339
14	Cauvery	NStress	30 DAT	QY_TL	0.8	0.0057735
14	Cauvery	NStress	30 DAT	QY_BL	0.743333	0.0120185
14	Cauvery	NStress	30 DAT	SFW	6.304	1.57477
14	Cauvery	NStress	30 DAT	SDWC	1.88533	0.580534
14	Cauvery	NStress	30 DAT	RFW	5.50433	2.5563
14	Cauvery	NStress	30 DAT	RDW	1.376	0.860212
14	Cauvery	NStress	30 DAT	Photo_TL	36.7464	0.797927
14	Cauvery	NStress	30 DAT	Cond_TL	0.0366866	0.00268699
14	Cauvery	NStress	30 DAT	Ci_TL	86.54	12.8734
14	Cauvery	NStress	30 DAT	Tr_TL	21.7741	1.5629
14	Cauvery	NStress	30 DAT	Photo_BL	17.367	1.54143
14	Cauvery	NStress	30 DAT	Cond_BL	0.0155498	0.0078358
14	Cauvery	NStress	30 DAT	Ci_BL	154.5	54.2333
14	Cauvery	NStress	30 DAT	Tr_BL	5.6177	2.76723
14	Cauvery	NStress	30 DAT	RL	395.719	16.3427
14	Cauvery	NStress	30 DAT	PA	62.9998	9.84408
14	Cauvery	NStress	30 DAT	SA	197.92	30.9261
14	Cauvery	NStress	30 DAT	AD	1.6312	0.316157
14	Cauvery	NStress	30 DAT	LPV	395.719	16.3427
14	Cauvery	NStress	30 DAT	RV	8.8045	2.82526
14	Cauvery	NStress	30 DAT	TPS	1600	23.094
14	Cauvery	NStress	60 DAT	PH	68.7	3.70045
14	Cauvery	NStress	60 DAT	TN	12	1
14	Cauvery	NStress	60 DAT	LN	46	3.51188
14	Cauvery	NStress	60 DAT	TLL	24.7667	0.176383
14	Cauvery	NStress	60 DAT	BLL	22.45	0.721688
14	Cauvery	NStress	60 DAT	TLW	0.9	0
14	Cauvery	NStress	60 DAT	BLW	0.8	0
14	Cauvery	NStress	60 DAT	CCI_TL	268.886	1.95068
14	Cauvery	NStress	60 DAT	CCI_BL	231.568	0.515733
14	Cauvery	NStress	60 DAT	QY_TL	0.8	0.0057735
14	Cauvery	NStress	60 DAT	QY_BL	0.743333	0.0120185
14	Cauvery	NStress	60 DAT	SFW	40.9403	1.26286
14	Cauvery	NStress	60 DAT	SDWC	28.411	1.39754
14	Cauvery	NStress	60 DAT	RFW	17.682	1.67365
14	Cauvery	NStress	60 DAT	RDW	10.41	0.74883
14	Cauvery	NStress	60 DAT	Photo_TL	23.0301	1.23425
14	Cauvery	NStress	60 DAT	Cond_TL	0.0533433	0.00229602
14	Cauvery	NStress	60 DAT	Ci_TL	307.072	2.51971
14	Cauvery	NStress	60 DAT	Tr_TL	11.6289	0.484535
14	Cauvery	NStress	60 DAT	Photo_BL	14.5056	1.20601
14	Cauvery	NStress	60 DAT	Cond_BL	0.0430624	0.000561039
14	Cauvery	NStress	60 DAT	Ci_BL	314.753	2.24816
14	Cauvery	NStress	60 DAT	Tr_BL	9.46026	0.0560884
14	Cauvery	NStress	60 DAT	RL	1242.47	117.06
14	Cauvery	NStress	60 DAT	PA	233.062	11.8552
14	Cauvery	NStress	60 DAT	SA	565.348	102.435
14	Cauvery	NStress	60 DAT	AD	1.3966	0.0429549
14	Cauvery	NStress	60 DAT	LPV	899.424	73.5918
14	Cauvery	NStress	60 DAT	RV	29.341	2.75916
14	Cauvery	NStress	60 DAT	TPS	4439	455.901
14	Cauvery	NStress	Flag leaf	FLL	15	0.585947
14	Cauvery	NStress	Flag leaf	FLW	0.8	0
14	Cauvery	NStress	Flag leaf	CCI_FL	302.987	2.99981
14	Cauvery	NStress	Flag leaf	QY_FL	0.826667	0.00333333
14	Cauvery	NStress	Flag leaf	Photo_FL	18.6248	0.0359199
14	Cauvery	NStress	Flag leaf	Cond_FL	0.727223	0.000389254
14	Cauvery	NStress	Flag leaf	Ci_FL	373.112	0.114498
14	Cauvery	NStress	Flag leaf	Tr_FL	17.8652	0.00481022
14	Cauvery	NStress	End of season	DTB	76	0
14	Cauvery	NStress	End of season	DTH	80	0
14	Cauvery	NStress	End of season	PH	70.1667	1.30171
14	Cauvery	NStress	End of season	TN	16.6667	0.881917
14	Cauvery	NStress	End of season	PT	12.6667	0.881917
14	Cauvery	NStress	End of season	SFW	57.5013	0.978459
14	Cauvery	NStress	End of season	SDW	28.3967	0.697049
14	Cauvery	NStress	End of season	GWPP	14.5567	0.438647
14	Cauvery	NStress	End of season	TGW	22.0067	0.0566667
14	Cauvery	NStress	End of season	HI	0.512563	0.00680787
14	Cauvery	NStress	30 DAT	rLL	0.907416	0.0358447
14	Cauvery	NStress	30 DAT	rLW	1.05556	0.0555556
14	Cauvery	NStress	30 DAT	rCCI	0.540146	0.0564971
14	Cauvery	NStress	30 DAT	dCCI	122.867	23.1276
14	Cauvery	NStress	30 DAT	rQY	0.929106	0.0112579
14	Cauvery	NStress	30 DAT	dQY	0.0566667	0.00881917
14	Cauvery	NStress	30 DAT	rPhoto	0.472911	0.0414871
14	Cauvery	NStress	30 DAT	rCond	0.409779	0.21345
14	Cauvery	NStress	30 DAT	rCi	1.84269	0.641568
14	Cauvery	NStress	30 DAT	rTr	0.244162	0.107696
14	Cauvery	NStress	60 DAT	rLL	0.906283	0.0253072
14	Cauvery	NStress	60 DAT	rLW	0.888889	0
14	Cauvery	NStress	60 DAT	rCCI	0.861331	0.00816736
14	Cauvery	NStress	60 DAT	dCCI	37.3179	2.46641
14	Cauvery	NStress	60 DAT	rQY	0.929106	0.0112579
14	Cauvery	NStress	60 DAT	dQY	0.0566667	0.00881917
14	Cauvery	NStress	60 DAT	rPhoto	0.627845	0.0188748
14	Cauvery	NStress	60 DAT	rCond	0.810836	0.0418613
14	Cauvery	NStress	60 DAT	rCi	1.02504	0.00345768
14	Cauvery	NStress	60 DAT	rTr	0.81662	0.0374002
15	RPW9-4(SS1)	Control	0 DAT	PH	37.8	0.556776
15	RPW9-4(SS1)	Control	0 DAT	TLL	19.3333	0.328295
15	RPW9-4(SS1)	Control	0 DAT	TLW	0.6	0.057735
15	RPW9-4(SS1)	Control	0 DAT	BLL	7.9	0.23094
15	RPW9-4(SS1)	Control	0 DAT	BLW	0.276667	0.0218581
15	RPW9-4(SS1)	Control	0 DAT	SFW	0.472	0.0180093
15	RPW9-4(SS1)	Control	0 DAT	RFW	0.176	0.00635085
15	RPW9-4(SS1)	Control	0 DAT	SDW	0.104667	0.00841295
15	RPW9-4(SS1)	Control	0 DAT	RDW	0.069	0.0011547
15	RPW9-4(SS1)	Control	0 DAT	Photo	14.4245	0.608562
15	RPW9-4(SS1)	Control	0 DAT	Cond	0.226367	0.00411633
15	RPW9-4(SS1)	Control	0 DAT	Ci	242.894	5.09138
15	RPW9-4(SS1)	Control	0 DAT	Tr	4.55835	0.0764485
15	RPW9-4(SS1)	Control	0 DAT	Vpd	1.997	0.00141239
15	RPW9-4(SS1)	Control	0 DAT	CT	27.5696	0.00111961
15	RPW9-4(SS1)	Control	0 DAT	RL	239.558	22.7855
15	RPW9-4(SS1)	Control	0 DAT	PA	17.3543	0.474172
15	RPW9-4(SS1)	Control	0 DAT	SA	47.7216	5.23569
15	RPW9-4(SS1)	Control	0 DAT	AD	0.420633	0.0409184
15	RPW9-4(SS1)	Control	0 DAT	LPV	276.691	22.1077
15	RPW9-4(SS1)	Control	0 DAT	RV	0.616667	0.00548736
15	RPW9-4(SS1)	Control	0 DAT	TPS	1225.67	203.696
15	RPW9-4(SS1)	Control	30 DAT	PH	56.8667	1.1865
15	RPW9-4(SS1)	Control	30 DAT	TN	24.3333	0.881917
15	RPW9-4(SS1)	Control	30 DAT	LN	75	4.04145
15	RPW9-4(SS1)	Control	30 DAT	TLL	39.7667	0.783865
15	RPW9-4(SS1)	Control	30 DAT	BLL	28.7333	1.02035
15	RPW9-4(SS1)	Control	30 DAT	TLW	1.1	0.057735
15	RPW9-4(SS1)	Control	30 DAT	BLW	0.866667	0.0333333
15	RPW9-4(SS1)	Control	30 DAT	CCI_TL	272.367	8.30789
15	RPW9-4(SS1)	Control	30 DAT	CCI_BL	235.9	15.2415
15	RPW9-4(SS1)	Control	30 DAT	QY_TL	0.826667	0.00666667
15	RPW9-4(SS1)	Control	30 DAT	QY_BL	0.816667	0.00333333
15	RPW9-4(SS1)	Control	30 DAT	SFW	33.2103	1.76366
15	RPW9-4(SS1)	Control	30 DAT	SDWC	15.299	0.535975
15	RPW9-4(SS1)	Control	30 DAT	RFW	11.2703	0.443419
15	RPW9-4(SS1)	Control	30 DAT	RDW	3.418	0.149603
15	RPW9-4(SS1)	Control	30 DAT	Photo_TL	23.1915	2.35222
15	RPW9-4(SS1)	Control	30 DAT	Cond_TL	0.0506339	0.00982103
15	RPW9-4(SS1)	Control	30 DAT	Ci_TL	189.328	52.6272
15	RPW9-4(SS1)	Control	30 DAT	Tr_TL	19.2482	2.08652
15	RPW9-4(SS1)	Control	30 DAT	Photo_BL	16.2121	3.59414
15	RPW9-4(SS1)	Control	30 DAT	Cond_BL	0.0461063	0.0134217
15	RPW9-4(SS1)	Control	30 DAT	Ci_BL	225.094	20.8089
15	RPW9-4(SS1)	Control	30 DAT	Tr_BL	14.1767	2.84667
15	RPW9-4(SS1)	Control	30 DAT	RL	252.114	7.05164
15	RPW9-4(SS1)	Control	30 DAT	PA	24.7727	5.8847
15	RPW9-4(SS1)	Control	30 DAT	SA	88.4548	12.3506
15	RPW9-4(SS1)	Control	30 DAT	AD	1.12412	0.114498
15	RPW9-4(SS1)	Control	30 DAT	LPV	212.576	29.8795
15	RPW9-4(SS1)	Control	30 DAT	RV	2.401	0.779808
15	RPW9-4(SS1)	Control	30 DAT	TPS	815.833	34.1599
15	RPW9-4(SS1)	Control	60 DAT	PH	85.3	1.4
15	RPW9-4(SS1)	Control	60 DAT	TN	37	2.3094
15	RPW9-4(SS1)	Control	60 DAT	LN	118.667	9.52774
15	RPW9-4(SS1)	Control	60 DAT	TLL	31.9667	1.19768
15	RPW9-4(SS1)	Control	60 DAT	BLL	29.8333	0.666667
15	RPW9-4(SS1)	Control	60 DAT	TLW	1	0
15	RPW9-4(SS1)	Control	60 DAT	BLW	0.8	0
15	RPW9-4(SS1)	Control	60 DAT	CCI_TL	385.385	3.42527
15	RPW9-4(SS1)	Control	60 DAT	CCI_BL	348.491	1.01754
15	RPW9-4(SS1)	Control	60 DAT	QY_TL	0.84	0
15	RPW9-4(SS1)	Control	60 DAT	QY_BL	0.823333	0.00333333
15	RPW9-4(SS1)	Control	60 DAT	SFW	67.923	3.55661
15	RPW9-4(SS1)	Control	60 DAT	SDWC	37.8223	1.85084
15	RPW9-4(SS1)	Control	60 DAT	RFW	19.7997	0.62532
15	RPW9-4(SS1)	Control	60 DAT	RDW	13.014	0.813887
15	RPW9-4(SS1)	Control	60 DAT	Photo_TL	22.5033	1.24168
15	RPW9-4(SS1)	Control	60 DAT	Cond_TL	0.0511932	0.0108067
15	RPW9-4(SS1)	Control	60 DAT	Ci_TL	200.478	41.3731
15	RPW9-4(SS1)	Control	60 DAT	Tr_TL	17.9188	0.437442
15	RPW9-4(SS1)	Control	60 DAT	Photo_BL	17.4485	3.40427
15	RPW9-4(SS1)	Control	60 DAT	Cond_BL	0.0329342	0.00884634
15	RPW9-4(SS1)	Control	60 DAT	Ci_BL	173.085	47.2617
15	RPW9-4(SS1)	Control	60 DAT	Tr_BL	14.0674	1.9891
15	RPW9-4(SS1)	Control	60 DAT	RL	599.923	4.04815
15	RPW9-4(SS1)	Control	60 DAT	PA	262.421	29.1463
15	RPW9-4(SS1)	Control	60 DAT	SA	824.42	91.5657
15	RPW9-4(SS1)	Control	60 DAT	AD	3.90695	0.114517
15	RPW9-4(SS1)	Control	60 DAT	LPV	599.923	4.04815
15	RPW9-4(SS1)	Control	60 DAT	RV	72.193	4.70194
15	RPW9-4(SS1)	Control	60 DAT	TPS	5052	904.469
15	RPW9-4(SS1)	Control	Flag leaf	FLL	21.6667	1.5899
15	RPW9-4(SS1)	Control	Flag leaf	FLW	1.2	0
15	RPW9-4(SS1)	Control	Flag leaf	CCI_FL	352.555	0.506577
15	RPW9-4(SS1)	Control	Flag leaf	QY_FL	0.83	0
15	RPW9-4(SS1)	Control	Flag leaf	Photo_FL	20.5474	0.0325718
15	RPW9-4(SS1)	Control	Flag leaf	Cond_FL	0.324505	0.000602499
15	RPW9-4(SS1)	Control	Flag leaf	Ci_FL	295.99	0.363467
15	RPW9-4(SS1)	Control	Flag leaf	Tr_FL	13.643	0.0125953
15	RPW9-4(SS1)	Control	End of season	DTB	91	0
15	RPW9-4(SS1)	Control	End of season	DTH	96	0
15	RPW9-4(SS1)	Control	End of season	PH	74.3333	3.1798
15	RPW9-4(SS1)	Control	End of season	TN	21.6667	1.76383
15	RPW9-4(SS1)	Control	End of season	PT	13	1
15	RPW9-4(SS1)	Control	End of season	SFW	69.5467	1.50111
15	RPW9-4(SS1)	Control	End of season	SDW	39.1167	0.578312
15	RPW9-4(SS1)	Control	End of season	GWPP	20.9733	0.355168
15	RPW9-4(SS1)	Control	End of season	TGW	21.6667	0.156241
15	RPW9-4(SS1)	Control	End of season	HI	0.53614	0.00135987
15	RPW9-4(SS1)	Control	30 DAT	rLL	0.723104	0.0296464
15	RPW9-4(SS1)	Control	30 DAT	rLW	0.789394	0.0203843
15	RPW9-4(SS1)	Control	30 DAT	rCCI	0.865548	0.0425958
15	RPW9-4(SS1)	Control	30 DAT	dCCI	36.4667	11.6046
15	RPW9-4(SS1)	Control	30 DAT	rQY	0.987998	0.0068739
15	RPW9-4(SS1)	Control	30 DAT	dQY	0.01	0.0057735
15	RPW9-4(SS1)	Control	30 DAT	rPhoto	0.68409	0.0814262
15	RPW9-4(SS1)	Control	30 DAT	rCond	1.13695	0.584389
15	RPW9-4(SS1)	Control	30 DAT	rCi	1.56088	0.673548
15	RPW9-4(SS1)	Control	30 DAT	rTr	0.723837	0.068405
15	RPW9-4(SS1)	Control	60 DAT	rLL	0.934616	0.0220469
15	RPW9-4(SS1)	Control	60 DAT	rLW	0.8	0
15	RPW9-4(SS1)	Control	60 DAT	rCCI	0.904453	0.0105929
15	RPW9-4(SS1)	Control	60 DAT	dCCI	36.8946	4.38689
15	RPW9-4(SS1)	Control	60 DAT	rQY	0.980159	0.00396825
15	RPW9-4(SS1)	Control	60 DAT	dQY	0.0166667	0.00333333
15	RPW9-4(SS1)	Control	60 DAT	rPhoto	0.76537	0.112039
15	RPW9-4(SS1)	Control	60 DAT	rCond	0.665704	0.128538
15	RPW9-4(SS1)	Control	60 DAT	rCi	0.841347	0.0947972
15	RPW9-4(SS1)	Control	60 DAT	rTr	0.781335	0.0939785
15	RPW9-4(SS1)	NStress	0 DAT	PH	37.8	0.556776
15	RPW9-4(SS1)	NStress	0 DAT	TLL	19.3333	0.328295
15	RPW9-4(SS1)	NStress	0 DAT	TLW	0.6	0.057735
15	RPW9-4(SS1)	NStress	0 DAT	BLL	7.9	0.23094
15	RPW9-4(SS1)	NStress	0 DAT	BLW	0.276667	0.0218581
15	RPW9-4(SS1)	NStress	0 DAT	SFW	0.472	0.0180093
15	RPW9-4(SS1)	NStress	0 DAT	RFW	0.176	0.00635085
15	RPW9-4(SS1)	NStress	0 DAT	SDW	0.104667	0.00841295
15	RPW9-4(SS1)	NStress	0 DAT	RDW	0.069	0.0011547
15	RPW9-4(SS1)	NStress	0 DAT	Photo	14.4245	0.608562
15	RPW9-4(SS1)	NStress	0 DAT	Cond	0.226367	0.00411633
15	RPW9-4(SS1)	NStress	0 DAT	Ci	242.894	5.09138
15	RPW9-4(SS1)	NStress	0 DAT	Tr	4.55835	0.0764485
15	RPW9-4(SS1)	NStress	0 DAT	Vpd	1.997	0.00141239
15	RPW9-4(SS1)	NStress	0 DAT	CT	27.5696	0.00111961
15	RPW9-4(SS1)	NStress	0 DAT	RL	239.558	22.7855
15	RPW9-4(SS1)	NStress	0 DAT	PA	17.3543	0.474172
15	RPW9-4(SS1)	NStress	0 DAT	SA	47.7216	5.23569
15	RPW9-4(SS1)	NStress	0 DAT	AD	0.420633	0.0409184
15	RPW9-4(SS1)	NStress	0 DAT	LPV	276.691	22.1077
15	RPW9-4(SS1)	NStress	0 DAT	RV	0.616667	0.00548736
15	RPW9-4(SS1)	NStress	0 DAT	TPS	1225.67	203.696
15	RPW9-4(SS1)	NStress	30 DAT	PH	34.3	1.36504
15	RPW9-4(SS1)	NStress	30 DAT	TN	4.33333	0.333333
15	RPW9-4(SS1)	NStress	30 DAT	LN	13	0.57735
15	RPW9-4(SS1)	NStress	30 DAT	TLL	21.1667	0.328295
15	RPW9-4(SS1)	NStress	30 DAT	BLL	21.1667	0.328295
15	RPW9-4(SS1)	NStress	30 DAT	TLW	0.7	0
15	RPW9-4(SS1)	NStress	30 DAT	BLW	0.6	0
15	RPW9-4(SS1)	NStress	30 DAT	CCI_TL	322.8	16.7781
15	RPW9-4(SS1)	NStress	30 DAT	CCI_BL	203.733	11.6934
15	RPW9-4(SS1)	NStress	30 DAT	QY_TL	0.77	0.0057735
15	RPW9-4(SS1)	NStress	30 DAT	QY_BL	0.686667	0.0120185
15	RPW9-4(SS1)	NStress	30 DAT	SFW	4.48833	0.924573
15	RPW9-4(SS1)	NStress	30 DAT	SDWC	1.05767	0.549617
15	RPW9-4(SS1)	NStress	30 DAT	RFW	3.474	0.440147
15	RPW9-4(SS1)	NStress	30 DAT	RDW	0.708667	0.305837
15	RPW9-4(SS1)	NStress	30 DAT	Photo_TL	40.9245	1.35551
15	RPW9-4(SS1)	NStress	30 DAT	Cond_TL	0.0327739	0.00498111
15	RPW9-4(SS1)	NStress	30 DAT	Ci_TL	95.6642	9.99277
15	RPW9-4(SS1)	NStress	30 DAT	Tr_TL	19.2973	0.441154
15	RPW9-4(SS1)	NStress	30 DAT	Photo_BL	18.0116	0.216466
15	RPW9-4(SS1)	NStress	30 DAT	Cond_BL	0.0112389	0.00054798
15	RPW9-4(SS1)	NStress	30 DAT	Ci_BL	206.746	20.9323
15	RPW9-4(SS1)	NStress	30 DAT	Tr_BL	3.89492	0.547542
15	RPW9-4(SS1)	NStress	30 DAT	RL	268.796	12.7948
15	RPW9-4(SS1)	NStress	30 DAT	PA	39.761	0.45628
15	RPW9-4(SS1)	NStress	30 DAT	SA	124.913	1.43342
15	RPW9-4(SS1)	NStress	30 DAT	AD	1.4869	0.053809
15	RPW9-4(SS1)	NStress	30 DAT	LPV	268.796	12.7948
15	RPW9-4(SS1)	NStress	30 DAT	RV	4.6375	0.114604
15	RPW9-4(SS1)	NStress	30 DAT	TPS	836	83.1384
15	RPW9-4(SS1)	NStress	60 DAT	PH	62.6667	1.14649
15	RPW9-4(SS1)	NStress	60 DAT	TN	8.33333	0.333333
15	RPW9-4(SS1)	NStress	60 DAT	LN	32.3333	0.881917
15	RPW9-4(SS1)	NStress	60 DAT	TLL	22.1667	2.71682
15	RPW9-4(SS1)	NStress	60 DAT	BLL	24.2	0.61101
15	RPW9-4(SS1)	NStress	60 DAT	TLW	0.766667	0.0333333
15	RPW9-4(SS1)	NStress	60 DAT	BLW	0.6	0
15	RPW9-4(SS1)	NStress	60 DAT	CCI_TL	251.194	3.77894
15	RPW9-4(SS1)	NStress	60 DAT	CCI_BL	219.833	2.77619
15	RPW9-4(SS1)	NStress	60 DAT	QY_TL	0.77	0.0057735
15	RPW9-4(SS1)	NStress	60 DAT	QY_BL	0.69	0.011547
15	RPW9-4(SS1)	NStress	60 DAT	SFW	32.4907	0.464148
15	RPW9-4(SS1)	NStress	60 DAT	SDWC	28.0753	1.23853
15	RPW9-4(SS1)	NStress	60 DAT	RFW	13.9293	0.952646
15	RPW9-4(SS1)	NStress	60 DAT	RDW	10.909	0.209879
15	RPW9-4(SS1)	NStress	60 DAT	Photo_TL	22.9225	1.43772
15	RPW9-4(SS1)	NStress	60 DAT	Cond_TL	0.0453425	0.00647976
15	RPW9-4(SS1)	NStress	60 DAT	Ci_TL	328.295	5.88042
15	RPW9-4(SS1)	NStress	60 DAT	Tr_TL	8.46829	1.46102
15	RPW9-4(SS1)	NStress	60 DAT	Photo_BL	15.0497	2.05109
15	RPW9-4(SS1)	NStress	60 DAT	Cond_BL	0.0425074	0.00487158
15	RPW9-4(SS1)	NStress	60 DAT	Ci_BL	332.156	8.05517
15	RPW9-4(SS1)	NStress	60 DAT	Tr_BL	8.26757	1.26143
15	RPW9-4(SS1)	NStress	60 DAT	RL	828.888	84.8877
15	RPW9-4(SS1)	NStress	60 DAT	PA	119.588	28.5773
15	RPW9-4(SS1)	NStress	60 DAT	SA	258.277	21.9858
15	RPW9-4(SS1)	NStress	60 DAT	AD	1.2648	0.220709
15	RPW9-4(SS1)	NStress	60 DAT	LPV	828.888	84.8877
15	RPW9-4(SS1)	NStress	60 DAT	RV	26.126	2.05999
15	RPW9-4(SS1)	NStress	60 DAT	TPS	2982.5	414.249
15	RPW9-4(SS1)	NStress	Flag leaf	FLL	14.2	1.3
15	RPW9-4(SS1)	NStress	Flag leaf	FLW	0.966667	0.0333333
15	RPW9-4(SS1)	NStress	Flag leaf	CCI_FL	252.348	3.79213
15	RPW9-4(SS1)	NStress	Flag leaf	QY_FL	0.84	0
15	RPW9-4(SS1)	NStress	Flag leaf	Photo_FL	25.9921	0.0315747
15	RPW9-4(SS1)	NStress	Flag leaf	Cond_FL	0.747857	8.94702e-05
15	RPW9-4(SS1)	NStress	Flag leaf	Ci_FL	353.083	0.0836839
15	RPW9-4(SS1)	NStress	Flag leaf	Tr_FL	18.2429	0.00301677
15	RPW9-4(SS1)	NStress	End of season	DTB	87	0
15	RPW9-4(SS1)	NStress	End of season	DTH	93	0
15	RPW9-4(SS1)	NStress	End of season	PH	73	1.52753
15	RPW9-4(SS1)	NStress	End of season	TN	8.66667	0.333333
15	RPW9-4(SS1)	NStress	End of season	PT	6	0.57735
15	RPW9-4(SS1)	NStress	End of season	SFW	49.33	0.650718
15	RPW9-4(SS1)	NStress	End of season	SDW	28.5433	0.251418
15	RPW9-4(SS1)	NStress	End of season	GWPP	13.1167	0.268225
15	RPW9-4(SS1)	NStress	End of season	TGW	15.71	0.164418
15	RPW9-4(SS1)	NStress	End of season	HI	0.459453	0.00575987
15	RPW9-4(SS1)	NStress	30 DAT	rLL	1	0
15	RPW9-4(SS1)	NStress	30 DAT	rLW	0.857143	0
15	RPW9-4(SS1)	NStress	30 DAT	rCCI	0.630899	0.00743337
15	RPW9-4(SS1)	NStress	30 DAT	dCCI	119.067	5.80412
15	RPW9-4(SS1)	NStress	30 DAT	rQY	0.89193	0.0182704
15	RPW9-4(SS1)	NStress	30 DAT	dQY	0.0833333	0.0145297
15	RPW9-4(SS1)	NStress	30 DAT	rPhoto	0.441286	0.0179893
15	RPW9-4(SS1)	NStress	30 DAT	rCond	0.362702	0.065444
15	RPW9-4(SS1)	NStress	30 DAT	rCi	2.20083	0.284107
15	RPW9-4(SS1)	NStress	30 DAT	rTr	0.201906	0.0276339
15	RPW9-4(SS1)	NStress	60 DAT	rLL	1.11886	0.112205
15	RPW9-4(SS1)	NStress	60 DAT	rLW	0.785714	0.0357143
15	RPW9-4(SS1)	NStress	60 DAT	rCCI	0.875695	0.0206049
15	RPW9-4(SS1)	NStress	60 DAT	dCCI	31.3603	5.60456
15	RPW9-4(SS1)	NStress	60 DAT	rQY	0.89598	0.0082787
15	RPW9-4(SS1)	NStress	60 DAT	dQY	0.08	0.0057735
15	RPW9-4(SS1)	NStress	60 DAT	rPhoto	0.6537	0.0704829
15	RPW9-4(SS1)	NStress	60 DAT	rCond	0.945967	0.0388374
15	RPW9-4(SS1)	NStress	60 DAT	rCi	1.01154	0.00712544
15	RPW9-4(SS1)	NStress	60 DAT	rTr	0.982781	0.0281766
